ISO-10303-21;
HEADER;
/* Generated by software containing ST-Developer
 * from STEP Tools, Inc. (www.steptools.com) 
 */
/* OPTION: using custom renumber hook */

FILE_DESCRIPTION(
/* description */ ('STEP AP242 Edition 2',
'CAx-IF Rec.Pracs.---Representation and Presentation of Product Manufa
cturing Information (PMI)---4.0---2014-10-13',
'CAx-IF Rec.Pracs.---3D Tessellated Geometry---0.4---2014-09-14','2;1',
'CAx-IF Rec.Pracs.---User Defined Attributes---1.5---2016-08-15'),
/* implementation_level */ '2;1');

FILE_NAME(
/* name */ 'Part Studio 2',
/* time_stamp */ '2026-08-30T03:43:50Z',
/* author */ (''),
/* organization */ (''),
/* preprocessor_version */ 'ST-DEVELOPER v20',
/* originating_system */ 'ONSHAPE BY PTC INC, 1.220',
/* authorisation */ '  ');

FILE_SCHEMA (('AP242_MANAGED_MODEL_BASED_3D_ENGINEERING_MIM_LF { 1 0 10303 442 3 1 4 }'));
ENDSEC;

DATA;
#10=B_SPLINE_SURFACE_WITH_KNOTS('',3,1,((#12423,#12424),(#12425,#12426),
(#12427,#12428),(#12429,#12430)),.SURF_OF_LINEAR_EXTRUSION.,.F.,.F.,.F.,
(4,4),(2,2),(0.,1.),(0.,1.),.PIECEWISE_BEZIER_KNOTS.);
#11=B_SPLINE_SURFACE_WITH_KNOTS('',3,1,((#12466,#12467),(#12468,#12469),
(#12470,#12471),(#12472,#12473)),.SURF_OF_LINEAR_EXTRUSION.,.F.,.F.,.F.,
(4,4),(2,2),(0.,1.),(0.,1.),.PIECEWISE_BEZIER_KNOTS.);
#12=B_SPLINE_SURFACE_WITH_KNOTS('',3,1,((#12479,#12480),(#12481,#12482),
(#12483,#12484),(#12485,#12486)),.SURF_OF_LINEAR_EXTRUSION.,.F.,.F.,.F.,
(4,4),(2,2),(0.,1.),(0.,1.),.PIECEWISE_BEZIER_KNOTS.);
#13=B_SPLINE_SURFACE_WITH_KNOTS('',3,1,((#12496,#12497),(#12498,#12499),
(#12500,#12501),(#12502,#12503)),.SURF_OF_LINEAR_EXTRUSION.,.F.,.F.,.F.,
(4,4),(2,2),(0.,1.),(0.,1.),.PIECEWISE_BEZIER_KNOTS.);
#14=B_SPLINE_SURFACE_WITH_KNOTS('',3,1,((#12508,#12509),(#12510,#12511),
(#12512,#12513),(#12514,#12515)),.SURF_OF_LINEAR_EXTRUSION.,.F.,.F.,.F.,
(4,4),(2,2),(0.,1.),(0.,1.),.PIECEWISE_BEZIER_KNOTS.);
#15=B_SPLINE_SURFACE_WITH_KNOTS('',3,1,((#12567,#12568),(#12569,#12570),
(#12571,#12572),(#12573,#12574)),.SURF_OF_LINEAR_EXTRUSION.,.F.,.F.,.F.,
(4,4),(2,2),(0.,1.),(0.,1.),.PIECEWISE_BEZIER_KNOTS.);
#16=B_SPLINE_SURFACE_WITH_KNOTS('',3,1,((#12580,#12581),(#12582,#12583),
(#12584,#12585),(#12586,#12587)),.SURF_OF_LINEAR_EXTRUSION.,.F.,.F.,.F.,
(4,4),(2,2),(0.,1.),(0.,1.),.PIECEWISE_BEZIER_KNOTS.);
#17=B_SPLINE_SURFACE_WITH_KNOTS('',3,1,((#12593,#12594),(#12595,#12596),
(#12597,#12598),(#12599,#12600)),.SURF_OF_LINEAR_EXTRUSION.,.F.,.F.,.F.,
(4,4),(2,2),(0.,1.),(0.,1.),.PIECEWISE_BEZIER_KNOTS.);
#18=B_SPLINE_SURFACE_WITH_KNOTS('',3,1,((#12605,#12606),(#12607,#12608),
(#12609,#12610),(#12611,#12612)),.SURF_OF_LINEAR_EXTRUSION.,.F.,.F.,.F.,
(4,4),(2,2),(0.,1.),(0.,1.),.PIECEWISE_BEZIER_KNOTS.);
#19=B_SPLINE_SURFACE_WITH_KNOTS('',3,1,((#12664,#12665),(#12666,#12667),
(#12668,#12669),(#12670,#12671)),.SURF_OF_LINEAR_EXTRUSION.,.F.,.F.,.F.,
(4,4),(2,2),(0.,1.),(0.,1.),.PIECEWISE_BEZIER_KNOTS.);
#20=B_SPLINE_SURFACE_WITH_KNOTS('',3,1,((#12677,#12678),(#12679,#12680),
(#12681,#12682),(#12683,#12684)),.SURF_OF_LINEAR_EXTRUSION.,.F.,.F.,.F.,
(4,4),(2,2),(0.,1.),(0.,1.),.PIECEWISE_BEZIER_KNOTS.);
#21=B_SPLINE_SURFACE_WITH_KNOTS('',3,1,((#12694,#12695),(#12696,#12697),
(#12698,#12699),(#12700,#12701)),.SURF_OF_LINEAR_EXTRUSION.,.F.,.F.,.F.,
(4,4),(2,2),(0.,1.),(0.,1.),.PIECEWISE_BEZIER_KNOTS.);
#22=B_SPLINE_SURFACE_WITH_KNOTS('',3,1,((#12707,#12708),(#12709,#12710),
(#12711,#12712),(#12713,#12714)),.SURF_OF_LINEAR_EXTRUSION.,.F.,.F.,.F.,
(4,4),(2,2),(0.,1.),(0.,1.),.PIECEWISE_BEZIER_KNOTS.);
#23=B_SPLINE_SURFACE_WITH_KNOTS('',3,1,((#12732,#12733),(#12734,#12735),
(#12736,#12737),(#12738,#12739)),.SURF_OF_LINEAR_EXTRUSION.,.F.,.F.,.F.,
(4,4),(2,2),(0.,1.),(0.,1.),.PIECEWISE_BEZIER_KNOTS.);
#24=B_SPLINE_SURFACE_WITH_KNOTS('',3,1,((#12745,#12746),(#12747,#12748),
(#12749,#12750),(#12751,#12752)),.SURF_OF_LINEAR_EXTRUSION.,.F.,.F.,.F.,
(4,4),(2,2),(0.,1.),(0.,1.),.PIECEWISE_BEZIER_KNOTS.);
#25=B_SPLINE_SURFACE_WITH_KNOTS('',3,1,((#12762,#12763),(#12764,#12765),
(#12766,#12767),(#12768,#12769)),.SURF_OF_LINEAR_EXTRUSION.,.F.,.F.,.F.,
(4,4),(2,2),(0.,1.),(0.,1.),.PIECEWISE_BEZIER_KNOTS.);
#26=B_SPLINE_SURFACE_WITH_KNOTS('',3,1,((#12775,#12776),(#12777,#12778),
(#12779,#12780),(#12781,#12782)),.SURF_OF_LINEAR_EXTRUSION.,.F.,.F.,.F.,
(4,4),(2,2),(0.,1.),(0.,1.),.PIECEWISE_BEZIER_KNOTS.);
#27=B_SPLINE_SURFACE_WITH_KNOTS('',3,1,((#12788,#12789),(#12790,#12791),
(#12792,#12793),(#12794,#12795)),.SURF_OF_LINEAR_EXTRUSION.,.F.,.F.,.F.,
(4,4),(2,2),(0.,1.),(0.,1.),.PIECEWISE_BEZIER_KNOTS.);
#28=B_SPLINE_SURFACE_WITH_KNOTS('',3,1,((#12801,#12802),(#12803,#12804),
(#12805,#12806),(#12807,#12808)),.SURF_OF_LINEAR_EXTRUSION.,.F.,.F.,.F.,
(4,4),(2,2),(0.,1.),(0.,1.),.PIECEWISE_BEZIER_KNOTS.);
#29=B_SPLINE_SURFACE_WITH_KNOTS('',3,1,((#12814,#12815),(#12816,#12817),
(#12818,#12819),(#12820,#12821)),.SURF_OF_LINEAR_EXTRUSION.,.F.,.F.,.F.,
(4,4),(2,2),(0.,1.),(0.,1.),.PIECEWISE_BEZIER_KNOTS.);
#30=B_SPLINE_CURVE_WITH_KNOTS('',2,(#11890,#11891,#11892),.UNSPECIFIED.,
 .F.,.F.,(3,3),(0.,1.),.PIECEWISE_BEZIER_KNOTS.);
#31=B_SPLINE_CURVE_WITH_KNOTS('',2,(#11895,#11896,#11897),.UNSPECIFIED.,
 .F.,.F.,(3,3),(0.,1.),.PIECEWISE_BEZIER_KNOTS.);
#32=B_SPLINE_CURVE_WITH_KNOTS('',2,(#11899,#11900,#11901),.UNSPECIFIED.,
 .F.,.F.,(3,3),(0.,1.),.PIECEWISE_BEZIER_KNOTS.);
#33=B_SPLINE_CURVE_WITH_KNOTS('',2,(#11903,#11904,#11905),.UNSPECIFIED.,
 .F.,.F.,(3,3),(0.,1.),.PIECEWISE_BEZIER_KNOTS.);
#34=B_SPLINE_CURVE_WITH_KNOTS('',2,(#12032,#12033,#12034),.UNSPECIFIED.,
 .F.,.F.,(3,3),(0.,1.),.PIECEWISE_BEZIER_KNOTS.);
#35=B_SPLINE_CURVE_WITH_KNOTS('',2,(#12037,#12038,#12039),.UNSPECIFIED.,
 .F.,.F.,(3,3),(0.,1.),.PIECEWISE_BEZIER_KNOTS.);
#36=B_SPLINE_CURVE_WITH_KNOTS('',2,(#12043,#12044,#12045),.UNSPECIFIED.,
 .F.,.F.,(3,3),(0.,1.),.PIECEWISE_BEZIER_KNOTS.);
#37=B_SPLINE_CURVE_WITH_KNOTS('',2,(#12047,#12048,#12049),.UNSPECIFIED.,
 .F.,.F.,(3,3),(0.,1.),.PIECEWISE_BEZIER_KNOTS.);
#38=B_SPLINE_CURVE_WITH_KNOTS('',2,(#12064,#12065,#12066),.UNSPECIFIED.,
 .F.,.F.,(3,3),(0.,1.),.PIECEWISE_BEZIER_KNOTS.);
#39=B_SPLINE_CURVE_WITH_KNOTS('',2,(#12069,#12070,#12071),.UNSPECIFIED.,
 .F.,.F.,(3,3),(0.,1.),.PIECEWISE_BEZIER_KNOTS.);
#40=B_SPLINE_CURVE_WITH_KNOTS('',2,(#12073,#12074,#12075),.UNSPECIFIED.,
 .F.,.F.,(3,3),(0.,1.),.PIECEWISE_BEZIER_KNOTS.);
#41=B_SPLINE_CURVE_WITH_KNOTS('',2,(#12077,#12078,#12079),.UNSPECIFIED.,
 .F.,.F.,(3,3),(0.,1.),.PIECEWISE_BEZIER_KNOTS.);
#42=B_SPLINE_CURVE_WITH_KNOTS('',2,(#12081,#12082,#12083),.UNSPECIFIED.,
 .F.,.F.,(3,3),(0.,1.),.PIECEWISE_BEZIER_KNOTS.);
#43=B_SPLINE_CURVE_WITH_KNOTS('',2,(#12085,#12086,#12087),.UNSPECIFIED.,
 .F.,.F.,(3,3),(0.,1.),.PIECEWISE_BEZIER_KNOTS.);
#44=B_SPLINE_CURVE_WITH_KNOTS('',2,(#12091,#12092,#12093),.UNSPECIFIED.,
 .F.,.F.,(3,3),(0.,1.),.PIECEWISE_BEZIER_KNOTS.);
#45=B_SPLINE_CURVE_WITH_KNOTS('',2,(#12095,#12096,#12097),.UNSPECIFIED.,
 .F.,.F.,(3,3),(0.,1.),.PIECEWISE_BEZIER_KNOTS.);
#46=B_SPLINE_CURVE_WITH_KNOTS('',2,(#12105,#12106,#12107),.UNSPECIFIED.,
 .F.,.F.,(3,3),(0.,1.),.PIECEWISE_BEZIER_KNOTS.);
#47=B_SPLINE_CURVE_WITH_KNOTS('',2,(#12109,#12110,#12111),.UNSPECIFIED.,
 .F.,.F.,(3,3),(0.,1.),.PIECEWISE_BEZIER_KNOTS.);
#48=B_SPLINE_CURVE_WITH_KNOTS('',2,(#12115,#12116,#12117),.UNSPECIFIED.,
 .F.,.F.,(3,3),(0.,1.),.PIECEWISE_BEZIER_KNOTS.);
#49=B_SPLINE_CURVE_WITH_KNOTS('',2,(#12119,#12120,#12121),.UNSPECIFIED.,
 .F.,.F.,(3,3),(0.,1.),.PIECEWISE_BEZIER_KNOTS.);
#50=B_SPLINE_CURVE_WITH_KNOTS('',2,(#12433,#12434,#12435),.UNSPECIFIED.,
 .F.,.F.,(3,3),(0.,1.),.PIECEWISE_BEZIER_KNOTS.);
#51=B_SPLINE_CURVE_WITH_KNOTS('',2,(#12476,#12477,#12478),.UNSPECIFIED.,
 .F.,.F.,(3,3),(0.,1.),.PIECEWISE_BEZIER_KNOTS.);
#52=B_SPLINE_CURVE_WITH_KNOTS('',2,(#12489,#12490,#12491),.UNSPECIFIED.,
 .F.,.F.,(3,3),(0.,1.),.PIECEWISE_BEZIER_KNOTS.);
#53=B_SPLINE_CURVE_WITH_KNOTS('',2,(#12504,#12505,#12506),.UNSPECIFIED.,
 .F.,.F.,(3,3),(0.,1.),.PIECEWISE_BEZIER_KNOTS.);
#54=B_SPLINE_CURVE_WITH_KNOTS('',2,(#12518,#12519,#12520),.UNSPECIFIED.,
 .F.,.F.,(3,3),(0.,1.),.PIECEWISE_BEZIER_KNOTS.);
#55=B_SPLINE_CURVE_WITH_KNOTS('',2,(#12577,#12578,#12579),.UNSPECIFIED.,
 .F.,.F.,(3,3),(0.,1.),.PIECEWISE_BEZIER_KNOTS.);
#56=B_SPLINE_CURVE_WITH_KNOTS('',2,(#12590,#12591,#12592),.UNSPECIFIED.,
 .F.,.F.,(3,3),(0.,1.),.PIECEWISE_BEZIER_KNOTS.);
#57=B_SPLINE_CURVE_WITH_KNOTS('',2,(#12601,#12602,#12603),.UNSPECIFIED.,
 .F.,.F.,(3,3),(0.,1.),.PIECEWISE_BEZIER_KNOTS.);
#58=B_SPLINE_CURVE_WITH_KNOTS('',2,(#12615,#12616,#12617),.UNSPECIFIED.,
 .F.,.F.,(3,3),(0.,1.),.PIECEWISE_BEZIER_KNOTS.);
#59=B_SPLINE_CURVE_WITH_KNOTS('',2,(#12674,#12675,#12676),.UNSPECIFIED.,
 .F.,.F.,(3,3),(0.,1.),.PIECEWISE_BEZIER_KNOTS.);
#60=B_SPLINE_CURVE_WITH_KNOTS('',2,(#12687,#12688,#12689),.UNSPECIFIED.,
 .F.,.F.,(3,3),(0.,1.),.PIECEWISE_BEZIER_KNOTS.);
#61=B_SPLINE_CURVE_WITH_KNOTS('',2,(#12704,#12705,#12706),.UNSPECIFIED.,
 .F.,.F.,(3,3),(0.,1.),.PIECEWISE_BEZIER_KNOTS.);
#62=B_SPLINE_CURVE_WITH_KNOTS('',2,(#12717,#12718,#12719),.UNSPECIFIED.,
 .F.,.F.,(3,3),(0.,1.),.PIECEWISE_BEZIER_KNOTS.);
#63=B_SPLINE_CURVE_WITH_KNOTS('',2,(#12742,#12743,#12744),.UNSPECIFIED.,
 .F.,.F.,(3,3),(0.,1.),.PIECEWISE_BEZIER_KNOTS.);
#64=B_SPLINE_CURVE_WITH_KNOTS('',2,(#12755,#12756,#12757),.UNSPECIFIED.,
 .F.,.F.,(3,3),(0.,1.),.PIECEWISE_BEZIER_KNOTS.);
#65=B_SPLINE_CURVE_WITH_KNOTS('',2,(#12772,#12773,#12774),.UNSPECIFIED.,
 .F.,.F.,(3,3),(0.,1.),.PIECEWISE_BEZIER_KNOTS.);
#66=B_SPLINE_CURVE_WITH_KNOTS('',2,(#12785,#12786,#12787),.UNSPECIFIED.,
 .F.,.F.,(3,3),(0.,1.),.PIECEWISE_BEZIER_KNOTS.);
#67=B_SPLINE_CURVE_WITH_KNOTS('',2,(#12798,#12799,#12800),.UNSPECIFIED.,
 .F.,.F.,(3,3),(0.,1.),.PIECEWISE_BEZIER_KNOTS.);
#68=B_SPLINE_CURVE_WITH_KNOTS('',2,(#12811,#12812,#12813),.UNSPECIFIED.,
 .F.,.F.,(3,3),(0.,1.),.PIECEWISE_BEZIER_KNOTS.);
#69=B_SPLINE_CURVE_WITH_KNOTS('',2,(#12822,#12823,#12824),.UNSPECIFIED.,
 .F.,.F.,(3,3),(0.,1.),.PIECEWISE_BEZIER_KNOTS.);
#70=SHAPE_REPRESENTATION_RELATIONSHIP('','',#8214,#73);
#71=SHAPE_REPRESENTATION_RELATIONSHIP('','',#8215,#74);
#72=SHAPE_REPRESENTATION_RELATIONSHIP('','',#8216,#75);
#73=ADVANCED_BREP_SHAPE_REPRESENTATION('',(#8208),#13692);
#74=ADVANCED_BREP_SHAPE_REPRESENTATION('',(#8209),#13693);
#75=ADVANCED_BREP_SHAPE_REPRESENTATION('',(#8210),#13694);
#76=CYLINDRICAL_SURFACE('',#8484,0.00085);
#77=CYLINDRICAL_SURFACE('',#8485,0.00075);
#78=CYLINDRICAL_SURFACE('',#8486,0.002);
#79=CYLINDRICAL_SURFACE('',#8487,0.00085);
#80=CYLINDRICAL_SURFACE('',#8488,0.00085);
#81=CYLINDRICAL_SURFACE('',#8489,0.00075);
#82=CYLINDRICAL_SURFACE('',#8490,0.002);
#83=CYLINDRICAL_SURFACE('',#8491,0.00075);
#84=CYLINDRICAL_SURFACE('',#8492,0.00085);
#85=CYLINDRICAL_SURFACE('',#8493,0.00085);
#86=CYLINDRICAL_SURFACE('',#8494,0.00075);
#87=CYLINDRICAL_SURFACE('',#8495,0.00075);
#88=CYLINDRICAL_SURFACE('',#8496,0.00085);
#89=CYLINDRICAL_SURFACE('',#8497,0.002);
#90=CYLINDRICAL_SURFACE('',#8498,0.00075);
#91=CYLINDRICAL_SURFACE('',#8499,0.00075);
#92=CYLINDRICAL_SURFACE('',#8500,0.00085);
#93=CYLINDRICAL_SURFACE('',#8501,0.00085);
#94=CYLINDRICAL_SURFACE('',#8502,0.00085);
#95=CYLINDRICAL_SURFACE('',#8503,0.002);
#96=CYLINDRICAL_SURFACE('',#8504,0.00085);
#97=CYLINDRICAL_SURFACE('',#8505,0.00085);
#98=CYLINDRICAL_SURFACE('',#8506,0.002);
#99=CYLINDRICAL_SURFACE('',#8507,0.00085);
#100=CYLINDRICAL_SURFACE('',#8508,0.00075);
#101=CYLINDRICAL_SURFACE('',#8509,0.00075);
#102=CYLINDRICAL_SURFACE('',#8510,0.00085);
#103=CYLINDRICAL_SURFACE('',#8511,0.00075);
#104=CYLINDRICAL_SURFACE('',#8512,0.002);
#105=CYLINDRICAL_SURFACE('',#8513,0.00085);
#106=CYLINDRICAL_SURFACE('',#8514,0.00085);
#107=CYLINDRICAL_SURFACE('',#8515,0.002);
#108=CYLINDRICAL_SURFACE('',#8516,0.00085);
#109=CYLINDRICAL_SURFACE('',#8517,0.00085);
#110=CYLINDRICAL_SURFACE('',#8518,0.00075);
#111=CYLINDRICAL_SURFACE('',#8519,0.00075);
#112=CYLINDRICAL_SURFACE('',#8520,0.002);
#113=CYLINDRICAL_SURFACE('',#8521,0.00085);
#114=CYLINDRICAL_SURFACE('',#8522,0.0004);
#115=CYLINDRICAL_SURFACE('',#8523,0.0004);
#116=CYLINDRICAL_SURFACE('',#8524,0.0004);
#117=CYLINDRICAL_SURFACE('',#8525,0.0004);
#118=CYLINDRICAL_SURFACE('',#8526,0.0004);
#119=CYLINDRICAL_SURFACE('',#8527,0.0004);
#120=CYLINDRICAL_SURFACE('',#8528,0.00075);
#121=CYLINDRICAL_SURFACE('',#8529,0.0004);
#122=CYLINDRICAL_SURFACE('',#8530,0.0004);
#123=CYLINDRICAL_SURFACE('',#8531,0.0004);
#124=CYLINDRICAL_SURFACE('',#8532,0.0004);
#125=CYLINDRICAL_SURFACE('',#8533,0.0004);
#126=CYLINDRICAL_SURFACE('',#8534,0.0004);
#127=CYLINDRICAL_SURFACE('',#8535,0.0004);
#128=CYLINDRICAL_SURFACE('',#8536,0.0004);
#129=CYLINDRICAL_SURFACE('',#8537,0.002);
#130=CYLINDRICAL_SURFACE('',#8538,0.00085);
#131=CYLINDRICAL_SURFACE('',#8539,0.00075);
#132=CYLINDRICAL_SURFACE('',#8540,0.00085);
#133=CYLINDRICAL_SURFACE('',#8541,0.00075);
#134=CYLINDRICAL_SURFACE('',#8542,0.002);
#135=CYLINDRICAL_SURFACE('',#8543,0.00085);
#136=CYLINDRICAL_SURFACE('',#8544,0.00085);
#137=CYLINDRICAL_SURFACE('',#8545,0.002);
#138=CYLINDRICAL_SURFACE('',#8546,0.00085);
#139=CYLINDRICAL_SURFACE('',#8547,0.00075);
#140=CYLINDRICAL_SURFACE('',#8548,0.0004);
#141=CYLINDRICAL_SURFACE('',#8549,0.0004);
#142=CYLINDRICAL_SURFACE('',#8550,0.0004);
#143=CYLINDRICAL_SURFACE('',#8551,0.0004);
#144=CYLINDRICAL_SURFACE('',#8552,0.0004);
#145=CYLINDRICAL_SURFACE('',#8553,0.0004);
#146=CYLINDRICAL_SURFACE('',#8554,0.002);
#147=CYLINDRICAL_SURFACE('',#8555,0.00085);
#148=CYLINDRICAL_SURFACE('',#8556,0.0004);
#149=CYLINDRICAL_SURFACE('',#8557,0.0004);
#150=CYLINDRICAL_SURFACE('',#8558,0.0004);
#151=CYLINDRICAL_SURFACE('',#8559,0.0004);
#152=CYLINDRICAL_SURFACE('',#8560,0.0004);
#153=CYLINDRICAL_SURFACE('',#8561,0.0004);
#154=CYLINDRICAL_SURFACE('',#8562,0.00075);
#155=CYLINDRICAL_SURFACE('',#8563,0.00075);
#156=CYLINDRICAL_SURFACE('',#8564,0.00085);
#157=CYLINDRICAL_SURFACE('',#8565,0.00075);
#158=CYLINDRICAL_SURFACE('',#8566,0.002);
#159=CYLINDRICAL_SURFACE('',#8567,0.00085);
#160=CYLINDRICAL_SURFACE('',#8568,0.00085);
#161=CYLINDRICAL_SURFACE('',#8569,0.00075);
#162=CYLINDRICAL_SURFACE('',#8570,0.00075);
#163=CYLINDRICAL_SURFACE('',#8571,0.00075);
#164=CYLINDRICAL_SURFACE('',#8572,0.002);
#165=CYLINDRICAL_SURFACE('',#8573,0.00075);
#166=CYLINDRICAL_SURFACE('',#8574,0.00085);
#167=CYLINDRICAL_SURFACE('',#8575,0.00085);
#168=CYLINDRICAL_SURFACE('',#8576,0.00075);
#169=CYLINDRICAL_SURFACE('',#8577,0.00075);
#170=CYLINDRICAL_SURFACE('',#8578,0.0005);
#171=CYLINDRICAL_SURFACE('',#8579,0.0005);
#172=CYLINDRICAL_SURFACE('',#8580,0.0005);
#173=CYLINDRICAL_SURFACE('',#8581,0.0005);
#174=CYLINDRICAL_SURFACE('',#8582,0.0005);
#175=CYLINDRICAL_SURFACE('',#8583,0.0005);
#176=CYLINDRICAL_SURFACE('',#8584,0.0005);
#177=CYLINDRICAL_SURFACE('',#8585,0.0005);
#178=CYLINDRICAL_SURFACE('',#8586,0.0005);
#179=CYLINDRICAL_SURFACE('',#8587,0.0005);
#180=CYLINDRICAL_SURFACE('',#8588,0.0005);
#181=CYLINDRICAL_SURFACE('',#8589,0.0005);
#182=CYLINDRICAL_SURFACE('',#8590,0.0005);
#183=CYLINDRICAL_SURFACE('',#8591,0.0005);
#184=CYLINDRICAL_SURFACE('',#8592,0.00075);
#185=CYLINDRICAL_SURFACE('',#8593,0.0005);
#186=CYLINDRICAL_SURFACE('',#8594,0.0005);
#187=CYLINDRICAL_SURFACE('',#8595,0.0005);
#188=CYLINDRICAL_SURFACE('',#8596,0.0005);
#189=CYLINDRICAL_SURFACE('',#8597,0.00075);
#190=CYLINDRICAL_SURFACE('',#8598,0.00075);
#191=CYLINDRICAL_SURFACE('',#8599,0.002);
#192=CYLINDRICAL_SURFACE('',#8600,0.00085);
#193=CYLINDRICAL_SURFACE('',#8601,0.00085);
#194=CYLINDRICAL_SURFACE('',#8602,0.00075);
#195=CYLINDRICAL_SURFACE('',#8603,0.00075);
#196=CYLINDRICAL_SURFACE('',#8604,0.0004);
#197=CYLINDRICAL_SURFACE('',#8605,0.0004);
#198=CYLINDRICAL_SURFACE('',#8606,0.0004);
#199=CYLINDRICAL_SURFACE('',#8607,0.0004);
#200=CYLINDRICAL_SURFACE('',#8608,0.0004);
#201=CYLINDRICAL_SURFACE('',#8609,0.0004);
#202=CYLINDRICAL_SURFACE('',#8610,0.002);
#203=CYLINDRICAL_SURFACE('',#8611,0.00085);
#204=CYLINDRICAL_SURFACE('',#8612,0.00075);
#205=CYLINDRICAL_SURFACE('',#8613,0.00075);
#206=CYLINDRICAL_SURFACE('',#8620,0.00145);
#207=CYLINDRICAL_SURFACE('',#8623,0.00145);
#208=CYLINDRICAL_SURFACE('',#8626,0.00135);
#209=CYLINDRICAL_SURFACE('',#8629,0.00135);
#210=CYLINDRICAL_SURFACE('',#8730,0.0005);
#211=CYLINDRICAL_SURFACE('',#8734,0.0005);
#212=CYLINDRICAL_SURFACE('',#8738,0.0005);
#213=CYLINDRICAL_SURFACE('',#8742,0.0005);
#214=CYLINDRICAL_SURFACE('',#8745,0.0005);
#215=CYLINDRICAL_SURFACE('',#8749,0.0005);
#216=CYLINDRICAL_SURFACE('',#8753,0.0005);
#217=CYLINDRICAL_SURFACE('',#8757,0.0005);
#218=CYLINDRICAL_SURFACE('',#8760,0.00049999999999998);
#219=CYLINDRICAL_SURFACE('',#8764,0.0005);
#220=CYLINDRICAL_SURFACE('',#8768,0.0005);
#221=CYLINDRICAL_SURFACE('',#8772,0.00049999999999998);
#222=CYLINDRICAL_SURFACE('',#8775,0.00049999999999998);
#223=CYLINDRICAL_SURFACE('',#8779,0.000500000000000021);
#224=CYLINDRICAL_SURFACE('',#8783,0.000500000000000021);
#225=CYLINDRICAL_SURFACE('',#8787,0.00049999999999998);
#226=CYLINDRICAL_SURFACE('',#8790,0.0005);
#227=CYLINDRICAL_SURFACE('',#8794,0.0005);
#228=CYLINDRICAL_SURFACE('',#8798,0.0005);
#229=CYLINDRICAL_SURFACE('',#8802,0.0005);
#230=CYLINDRICAL_SURFACE('',#8805,0.0005);
#231=CYLINDRICAL_SURFACE('',#8809,0.0005);
#232=CYLINDRICAL_SURFACE('',#8813,0.0005);
#233=CYLINDRICAL_SURFACE('',#8817,0.0005);
#234=CYLINDRICAL_SURFACE('',#8820,0.00049999999999998);
#235=CYLINDRICAL_SURFACE('',#8824,0.0005);
#236=CYLINDRICAL_SURFACE('',#8828,0.0005);
#237=CYLINDRICAL_SURFACE('',#8832,0.00049999999999998);
#238=CYLINDRICAL_SURFACE('',#8835,0.00049999999999998);
#239=CYLINDRICAL_SURFACE('',#8839,0.000500000000000021);
#240=CYLINDRICAL_SURFACE('',#8843,0.000500000000000021);
#241=CYLINDRICAL_SURFACE('',#8847,0.00049999999999998);
#242=CYLINDRICAL_SURFACE('',#8850,0.0005);
#243=CYLINDRICAL_SURFACE('',#8854,0.0005);
#244=CYLINDRICAL_SURFACE('',#8858,0.000500000000000014);
#245=CYLINDRICAL_SURFACE('',#8862,0.000500000000000014);
#246=CYLINDRICAL_SURFACE('',#8865,0.0005);
#247=CYLINDRICAL_SURFACE('',#8869,0.0005);
#248=CYLINDRICAL_SURFACE('',#8873,0.000500000000000014);
#249=CYLINDRICAL_SURFACE('',#8877,0.000500000000000014);
#250=CYLINDRICAL_SURFACE('',#8880,0.00049999999999998);
#251=CYLINDRICAL_SURFACE('',#8884,0.0005);
#252=CYLINDRICAL_SURFACE('',#8888,0.000500000000000014);
#253=CYLINDRICAL_SURFACE('',#8892,0.000499999999999994);
#254=CYLINDRICAL_SURFACE('',#8895,0.00049999999999998);
#255=CYLINDRICAL_SURFACE('',#8899,0.000500000000000021);
#256=CYLINDRICAL_SURFACE('',#8903,0.000500000000000035);
#257=CYLINDRICAL_SURFACE('',#8907,0.000499999999999994);
#258=CYLINDRICAL_SURFACE('',#8910,0.0005);
#259=CYLINDRICAL_SURFACE('',#8914,0.0005);
#260=CYLINDRICAL_SURFACE('',#8918,0.0005);
#261=CYLINDRICAL_SURFACE('',#8922,0.0005);
#262=CYLINDRICAL_SURFACE('',#8925,0.0005);
#263=CYLINDRICAL_SURFACE('',#8929,0.0005);
#264=CYLINDRICAL_SURFACE('',#8933,0.0005);
#265=CYLINDRICAL_SURFACE('',#8937,0.0005);
#266=CYLINDRICAL_SURFACE('',#8940,0.000499999999999976);
#267=CYLINDRICAL_SURFACE('',#8944,0.0005);
#268=CYLINDRICAL_SURFACE('',#8948,0.0005);
#269=CYLINDRICAL_SURFACE('',#8952,0.00049999999999998);
#270=CYLINDRICAL_SURFACE('',#8955,0.000499999999999976);
#271=CYLINDRICAL_SURFACE('',#8959,0.000500000000000025);
#272=CYLINDRICAL_SURFACE('',#8963,0.000500000000000021);
#273=CYLINDRICAL_SURFACE('',#8967,0.00049999999999998);
#274=CYLINDRICAL_SURFACE('',#8997,0.00145);
#275=CYLINDRICAL_SURFACE('',#9000,0.00145);
#276=CYLINDRICAL_SURFACE('',#9003,0.00145);
#277=CYLINDRICAL_SURFACE('',#9006,0.00145);
#278=CIRCLE('',#8222,0.00085);
#279=CIRCLE('',#8223,0.00075);
#280=CIRCLE('',#8224,0.002);
#281=CIRCLE('',#8225,0.00085);
#282=CIRCLE('',#8226,0.00085);
#283=CIRCLE('',#8227,0.00075);
#284=CIRCLE('',#8228,0.002);
#285=CIRCLE('',#8229,0.00075);
#286=CIRCLE('',#8230,0.00085);
#287=CIRCLE('',#8231,0.00085);
#288=CIRCLE('',#8232,0.00075);
#289=CIRCLE('',#8233,0.00075);
#290=CIRCLE('',#8234,0.00085);
#291=CIRCLE('',#8235,0.002);
#292=CIRCLE('',#8236,0.00075);
#293=CIRCLE('',#8237,0.00075);
#294=CIRCLE('',#8238,0.00085);
#295=CIRCLE('',#8239,0.00085);
#296=CIRCLE('',#8240,0.00085);
#297=CIRCLE('',#8241,0.002);
#298=CIRCLE('',#8242,0.00085);
#299=CIRCLE('',#8243,0.00085);
#300=CIRCLE('',#8244,0.002);
#301=CIRCLE('',#8245,0.00085);
#302=CIRCLE('',#8246,0.00075);
#303=CIRCLE('',#8247,0.00075);
#304=CIRCLE('',#8248,0.00085);
#305=CIRCLE('',#8249,0.00075);
#306=CIRCLE('',#8250,0.002);
#307=CIRCLE('',#8251,0.00085);
#308=CIRCLE('',#8252,0.00085);
#309=CIRCLE('',#8253,0.002);
#310=CIRCLE('',#8254,0.00085);
#311=CIRCLE('',#8255,0.00085);
#312=CIRCLE('',#8256,0.00075);
#313=CIRCLE('',#8257,0.00075);
#314=CIRCLE('',#8258,0.002);
#315=CIRCLE('',#8259,0.00085);
#316=CIRCLE('',#8260,0.0004);
#317=CIRCLE('',#8261,0.0004);
#318=CIRCLE('',#8262,0.0004);
#319=CIRCLE('',#8263,0.0004);
#320=CIRCLE('',#8264,0.0004);
#321=CIRCLE('',#8265,0.0004);
#322=CIRCLE('',#8266,0.00075);
#323=CIRCLE('',#8267,0.0004);
#324=CIRCLE('',#8268,0.0004);
#325=CIRCLE('',#8269,0.0004);
#326=CIRCLE('',#8270,0.0004);
#327=CIRCLE('',#8271,0.0004);
#328=CIRCLE('',#8272,0.0004);
#329=CIRCLE('',#8273,0.0004);
#330=CIRCLE('',#8274,0.0004);
#331=CIRCLE('',#8275,0.002);
#332=CIRCLE('',#8276,0.00085);
#333=CIRCLE('',#8277,0.00075);
#334=CIRCLE('',#8278,0.00085);
#335=CIRCLE('',#8279,0.00075);
#336=CIRCLE('',#8280,0.002);
#337=CIRCLE('',#8281,0.00085);
#338=CIRCLE('',#8282,0.00085);
#339=CIRCLE('',#8283,0.002);
#340=CIRCLE('',#8284,0.00085);
#341=CIRCLE('',#8285,0.00075);
#342=CIRCLE('',#8286,0.0004);
#343=CIRCLE('',#8287,0.0004);
#344=CIRCLE('',#8288,0.0004);
#345=CIRCLE('',#8289,0.0004);
#346=CIRCLE('',#8290,0.0004);
#347=CIRCLE('',#8291,0.0004);
#348=CIRCLE('',#8292,0.002);
#349=CIRCLE('',#8293,0.00085);
#350=CIRCLE('',#8294,0.0004);
#351=CIRCLE('',#8295,0.0004);
#352=CIRCLE('',#8296,0.0004);
#353=CIRCLE('',#8297,0.0004);
#354=CIRCLE('',#8298,0.0004);
#355=CIRCLE('',#8299,0.0004);
#356=CIRCLE('',#8300,0.00075);
#357=CIRCLE('',#8301,0.00075);
#358=CIRCLE('',#8302,0.00085);
#359=CIRCLE('',#8303,0.00075);
#360=CIRCLE('',#8304,0.002);
#361=CIRCLE('',#8305,0.00085);
#362=CIRCLE('',#8306,0.00085);
#363=CIRCLE('',#8307,0.00075);
#364=CIRCLE('',#8308,0.00075);
#365=CIRCLE('',#8309,0.00075);
#366=CIRCLE('',#8310,0.002);
#367=CIRCLE('',#8311,0.00075);
#368=CIRCLE('',#8312,0.00085);
#369=CIRCLE('',#8313,0.00085);
#370=CIRCLE('',#8314,0.00075);
#371=CIRCLE('',#8315,0.00075);
#372=CIRCLE('',#8316,0.0005);
#373=CIRCLE('',#8317,0.0005);
#374=CIRCLE('',#8318,0.0005);
#375=CIRCLE('',#8319,0.0005);
#376=CIRCLE('',#8320,0.0005);
#377=CIRCLE('',#8321,0.0005);
#378=CIRCLE('',#8322,0.0005);
#379=CIRCLE('',#8323,0.0005);
#380=CIRCLE('',#8324,0.0005);
#381=CIRCLE('',#8325,0.0005);
#382=CIRCLE('',#8326,0.0005);
#383=CIRCLE('',#8327,0.0005);
#384=CIRCLE('',#8328,0.0005);
#385=CIRCLE('',#8329,0.0005);
#386=CIRCLE('',#8330,0.00075);
#387=CIRCLE('',#8331,0.0005);
#388=CIRCLE('',#8332,0.0005);
#389=CIRCLE('',#8333,0.0005);
#390=CIRCLE('',#8334,0.0005);
#391=CIRCLE('',#8335,0.00075);
#392=CIRCLE('',#8336,0.00075);
#393=CIRCLE('',#8337,0.002);
#394=CIRCLE('',#8338,0.00085);
#395=CIRCLE('',#8339,0.00085);
#396=CIRCLE('',#8340,0.00075);
#397=CIRCLE('',#8341,0.00075);
#398=CIRCLE('',#8342,0.0004);
#399=CIRCLE('',#8343,0.0004);
#400=CIRCLE('',#8344,0.0004);
#401=CIRCLE('',#8345,0.0004);
#402=CIRCLE('',#8346,0.0004);
#403=CIRCLE('',#8347,0.0004);
#404=CIRCLE('',#8348,0.002);
#405=CIRCLE('',#8349,0.00085);
#406=CIRCLE('',#8350,0.00075);
#407=CIRCLE('',#8351,0.00075);
#408=CIRCLE('',#8353,0.00085);
#409=CIRCLE('',#8354,0.00075);
#410=CIRCLE('',#8355,0.002);
#411=CIRCLE('',#8356,0.00085);
#412=CIRCLE('',#8357,0.00085);
#413=CIRCLE('',#8358,0.00075);
#414=CIRCLE('',#8359,0.002);
#415=CIRCLE('',#8360,0.00075);
#416=CIRCLE('',#8361,0.00085);
#417=CIRCLE('',#8362,0.00085);
#418=CIRCLE('',#8363,0.00075);
#419=CIRCLE('',#8364,0.00075);
#420=CIRCLE('',#8365,0.00085);
#421=CIRCLE('',#8366,0.002);
#422=CIRCLE('',#8367,0.00075);
#423=CIRCLE('',#8368,0.00075);
#424=CIRCLE('',#8369,0.00085);
#425=CIRCLE('',#8370,0.00085);
#426=CIRCLE('',#8371,0.00085);
#427=CIRCLE('',#8372,0.002);
#428=CIRCLE('',#8373,0.00085);
#429=CIRCLE('',#8374,0.00085);
#430=CIRCLE('',#8375,0.002);
#431=CIRCLE('',#8376,0.00085);
#432=CIRCLE('',#8377,0.00075);
#433=CIRCLE('',#8378,0.00075);
#434=CIRCLE('',#8379,0.00085);
#435=CIRCLE('',#8380,0.00075);
#436=CIRCLE('',#8381,0.002);
#437=CIRCLE('',#8382,0.00085);
#438=CIRCLE('',#8383,0.00085);
#439=CIRCLE('',#8384,0.002);
#440=CIRCLE('',#8385,0.00085);
#441=CIRCLE('',#8386,0.00085);
#442=CIRCLE('',#8387,0.00075);
#443=CIRCLE('',#8388,0.00075);
#444=CIRCLE('',#8389,0.002);
#445=CIRCLE('',#8390,0.00085);
#446=CIRCLE('',#8391,0.0004);
#447=CIRCLE('',#8392,0.0004);
#448=CIRCLE('',#8393,0.0004);
#449=CIRCLE('',#8394,0.0004);
#450=CIRCLE('',#8395,0.0004);
#451=CIRCLE('',#8396,0.0004);
#452=CIRCLE('',#8397,0.00075);
#453=CIRCLE('',#8398,0.0004);
#454=CIRCLE('',#8399,0.0004);
#455=CIRCLE('',#8400,0.0004);
#456=CIRCLE('',#8401,0.0004);
#457=CIRCLE('',#8402,0.0004);
#458=CIRCLE('',#8403,0.0004);
#459=CIRCLE('',#8404,0.0004);
#460=CIRCLE('',#8405,0.0004);
#461=CIRCLE('',#8406,0.002);
#462=CIRCLE('',#8407,0.00085);
#463=CIRCLE('',#8408,0.00075);
#464=CIRCLE('',#8409,0.00085);
#465=CIRCLE('',#8410,0.00075);
#466=CIRCLE('',#8411,0.002);
#467=CIRCLE('',#8412,0.00085);
#468=CIRCLE('',#8413,0.00085);
#469=CIRCLE('',#8414,0.002);
#470=CIRCLE('',#8415,0.00085);
#471=CIRCLE('',#8416,0.00075);
#472=CIRCLE('',#8417,0.0004);
#473=CIRCLE('',#8418,0.0004);
#474=CIRCLE('',#8419,0.0004);
#475=CIRCLE('',#8420,0.0004);
#476=CIRCLE('',#8421,0.0004);
#477=CIRCLE('',#8422,0.0004);
#478=CIRCLE('',#8423,0.002);
#479=CIRCLE('',#8424,0.00085);
#480=CIRCLE('',#8425,0.0004);
#481=CIRCLE('',#8426,0.0004);
#482=CIRCLE('',#8427,0.0004);
#483=CIRCLE('',#8428,0.0004);
#484=CIRCLE('',#8429,0.0004);
#485=CIRCLE('',#8430,0.0004);
#486=CIRCLE('',#8431,0.00075);
#487=CIRCLE('',#8432,0.00075);
#488=CIRCLE('',#8433,0.00085);
#489=CIRCLE('',#8434,0.00075);
#490=CIRCLE('',#8435,0.002);
#491=CIRCLE('',#8436,0.00085);
#492=CIRCLE('',#8437,0.00085);
#493=CIRCLE('',#8438,0.00075);
#494=CIRCLE('',#8439,0.00075);
#495=CIRCLE('',#8440,0.00075);
#496=CIRCLE('',#8441,0.002);
#497=CIRCLE('',#8442,0.00075);
#498=CIRCLE('',#8443,0.00085);
#499=CIRCLE('',#8444,0.00085);
#500=CIRCLE('',#8445,0.00075);
#501=CIRCLE('',#8446,0.00075);
#502=CIRCLE('',#8447,0.0005);
#503=CIRCLE('',#8448,0.0005);
#504=CIRCLE('',#8449,0.0005);
#505=CIRCLE('',#8450,0.0005);
#506=CIRCLE('',#8451,0.0005);
#507=CIRCLE('',#8452,0.0005);
#508=CIRCLE('',#8453,0.0005);
#509=CIRCLE('',#8454,0.0005);
#510=CIRCLE('',#8455,0.0005);
#511=CIRCLE('',#8456,0.0005);
#512=CIRCLE('',#8457,0.0005);
#513=CIRCLE('',#8458,0.0005);
#514=CIRCLE('',#8459,0.0005);
#515=CIRCLE('',#8460,0.0005);
#516=CIRCLE('',#8461,0.00075);
#517=CIRCLE('',#8462,0.0005);
#518=CIRCLE('',#8463,0.0005);
#519=CIRCLE('',#8464,0.0005);
#520=CIRCLE('',#8465,0.0005);
#521=CIRCLE('',#8466,0.00075);
#522=CIRCLE('',#8467,0.00075);
#523=CIRCLE('',#8468,0.002);
#524=CIRCLE('',#8469,0.00085);
#525=CIRCLE('',#8470,0.00085);
#526=CIRCLE('',#8471,0.00075);
#527=CIRCLE('',#8472,0.00075);
#528=CIRCLE('',#8473,0.0004);
#529=CIRCLE('',#8474,0.0004);
#530=CIRCLE('',#8475,0.0004);
#531=CIRCLE('',#8476,0.0004);
#532=CIRCLE('',#8477,0.0004);
#533=CIRCLE('',#8478,0.0004);
#534=CIRCLE('',#8479,0.002);
#535=CIRCLE('',#8480,0.00085);
#536=CIRCLE('',#8481,0.00075);
#537=CIRCLE('',#8482,0.00075);
#538=CIRCLE('',#8621,0.00145);
#539=CIRCLE('',#8622,0.00145);
#540=CIRCLE('',#8624,0.00145);
#541=CIRCLE('',#8625,0.00145);
#542=CIRCLE('',#8627,0.00135);
#543=CIRCLE('',#8628,0.00135);
#544=CIRCLE('',#8630,0.00135);
#545=CIRCLE('',#8631,0.00135);
#546=CIRCLE('',#8731,0.0005);
#547=CIRCLE('',#8732,0.0005);
#548=CIRCLE('',#8735,0.0005);
#549=CIRCLE('',#8736,0.0005);
#550=CIRCLE('',#8739,0.0005);
#551=CIRCLE('',#8740,0.0005);
#552=CIRCLE('',#8743,0.0005);
#553=CIRCLE('',#8744,0.0005);
#554=CIRCLE('',#8746,0.0005);
#555=CIRCLE('',#8747,0.0005);
#556=CIRCLE('',#8750,0.0005);
#557=CIRCLE('',#8751,0.0005);
#558=CIRCLE('',#8754,0.0005);
#559=CIRCLE('',#8755,0.0005);
#560=CIRCLE('',#8758,0.0005);
#561=CIRCLE('',#8759,0.0005);
#562=CIRCLE('',#8761,0.00049999999999998);
#563=CIRCLE('',#8762,0.00049999999999998);
#564=CIRCLE('',#8765,0.0005);
#565=CIRCLE('',#8766,0.0005);
#566=CIRCLE('',#8769,0.0005);
#567=CIRCLE('',#8770,0.0005);
#568=CIRCLE('',#8773,0.00049999999999998);
#569=CIRCLE('',#8774,0.00049999999999998);
#570=CIRCLE('',#8776,0.00049999999999998);
#571=CIRCLE('',#8777,0.00049999999999998);
#572=CIRCLE('',#8780,0.000500000000000021);
#573=CIRCLE('',#8781,0.000500000000000021);
#574=CIRCLE('',#8784,0.000500000000000021);
#575=CIRCLE('',#8785,0.000500000000000021);
#576=CIRCLE('',#8788,0.00049999999999998);
#577=CIRCLE('',#8789,0.00049999999999998);
#578=CIRCLE('',#8791,0.0005);
#579=CIRCLE('',#8792,0.0005);
#580=CIRCLE('',#8795,0.0005);
#581=CIRCLE('',#8796,0.0005);
#582=CIRCLE('',#8799,0.0005);
#583=CIRCLE('',#8800,0.0005);
#584=CIRCLE('',#8803,0.0005);
#585=CIRCLE('',#8804,0.0005);
#586=CIRCLE('',#8806,0.0005);
#587=CIRCLE('',#8807,0.0005);
#588=CIRCLE('',#8810,0.0005);
#589=CIRCLE('',#8811,0.0005);
#590=CIRCLE('',#8814,0.0005);
#591=CIRCLE('',#8815,0.0005);
#592=CIRCLE('',#8818,0.0005);
#593=CIRCLE('',#8819,0.0005);
#594=CIRCLE('',#8821,0.00049999999999998);
#595=CIRCLE('',#8822,0.00049999999999998);
#596=CIRCLE('',#8825,0.0005);
#597=CIRCLE('',#8826,0.0005);
#598=CIRCLE('',#8829,0.0005);
#599=CIRCLE('',#8830,0.0005);
#600=CIRCLE('',#8833,0.00049999999999998);
#601=CIRCLE('',#8834,0.00049999999999998);
#602=CIRCLE('',#8836,0.00049999999999998);
#603=CIRCLE('',#8837,0.00049999999999998);
#604=CIRCLE('',#8840,0.000500000000000021);
#605=CIRCLE('',#8841,0.000500000000000021);
#606=CIRCLE('',#8844,0.000500000000000021);
#607=CIRCLE('',#8845,0.000500000000000021);
#608=CIRCLE('',#8848,0.00049999999999998);
#609=CIRCLE('',#8849,0.00049999999999998);
#610=CIRCLE('',#8851,0.0005);
#611=CIRCLE('',#8852,0.0005);
#612=CIRCLE('',#8855,0.0005);
#613=CIRCLE('',#8856,0.0005);
#614=CIRCLE('',#8859,0.000500000000000014);
#615=CIRCLE('',#8860,0.000500000000000014);
#616=CIRCLE('',#8863,0.000500000000000014);
#617=CIRCLE('',#8864,0.000500000000000014);
#618=CIRCLE('',#8866,0.0005);
#619=CIRCLE('',#8867,0.0005);
#620=CIRCLE('',#8870,0.0005);
#621=CIRCLE('',#8871,0.0005);
#622=CIRCLE('',#8874,0.000500000000000014);
#623=CIRCLE('',#8875,0.000500000000000014);
#624=CIRCLE('',#8878,0.000500000000000014);
#625=CIRCLE('',#8879,0.000500000000000014);
#626=CIRCLE('',#8881,0.00049999999999998);
#627=CIRCLE('',#8882,0.00049999999999998);
#628=CIRCLE('',#8885,0.0005);
#629=CIRCLE('',#8886,0.0005);
#630=CIRCLE('',#8889,0.000500000000000014);
#631=CIRCLE('',#8890,0.000500000000000014);
#632=CIRCLE('',#8893,0.000499999999999994);
#633=CIRCLE('',#8894,0.000499999999999994);
#634=CIRCLE('',#8896,0.00049999999999998);
#635=CIRCLE('',#8897,0.00049999999999998);
#636=CIRCLE('',#8900,0.000500000000000021);
#637=CIRCLE('',#8901,0.000500000000000021);
#638=CIRCLE('',#8904,0.000500000000000035);
#639=CIRCLE('',#8905,0.000500000000000035);
#640=CIRCLE('',#8908,0.000499999999999994);
#641=CIRCLE('',#8909,0.000499999999999994);
#642=CIRCLE('',#8911,0.0005);
#643=CIRCLE('',#8912,0.0005);
#644=CIRCLE('',#8915,0.0005);
#645=CIRCLE('',#8916,0.0005);
#646=CIRCLE('',#8919,0.0005);
#647=CIRCLE('',#8920,0.0005);
#648=CIRCLE('',#8923,0.0005);
#649=CIRCLE('',#8924,0.0005);
#650=CIRCLE('',#8926,0.0005);
#651=CIRCLE('',#8927,0.0005);
#652=CIRCLE('',#8930,0.0005);
#653=CIRCLE('',#8931,0.0005);
#654=CIRCLE('',#8934,0.0005);
#655=CIRCLE('',#8935,0.0005);
#656=CIRCLE('',#8938,0.0005);
#657=CIRCLE('',#8939,0.0005);
#658=CIRCLE('',#8941,0.000499999999999976);
#659=CIRCLE('',#8942,0.000499999999999976);
#660=CIRCLE('',#8945,0.0005);
#661=CIRCLE('',#8946,0.0005);
#662=CIRCLE('',#8949,0.0005);
#663=CIRCLE('',#8950,0.0005);
#664=CIRCLE('',#8953,0.00049999999999998);
#665=CIRCLE('',#8954,0.00049999999999998);
#666=CIRCLE('',#8956,0.000499999999999976);
#667=CIRCLE('',#8957,0.000499999999999976);
#668=CIRCLE('',#8960,0.000500000000000025);
#669=CIRCLE('',#8961,0.000500000000000025);
#670=CIRCLE('',#8964,0.000500000000000021);
#671=CIRCLE('',#8965,0.000500000000000021);
#672=CIRCLE('',#8968,0.00049999999999998);
#673=CIRCLE('',#8969,0.00049999999999998);
#674=CIRCLE('',#8998,0.00145);
#675=CIRCLE('',#8999,0.00145);
#676=CIRCLE('',#9001,0.00145);
#677=CIRCLE('',#9002,0.00145);
#678=CIRCLE('',#9004,0.00145);
#679=CIRCLE('',#9005,0.00145);
#680=CIRCLE('',#9007,0.00145);
#681=CIRCLE('',#9008,0.00145);
#682=ORIENTED_EDGE('',*,*,#2788,.T.);
#683=ORIENTED_EDGE('',*,*,#2789,.T.);
#684=ORIENTED_EDGE('',*,*,#2790,.F.);
#685=ORIENTED_EDGE('',*,*,#2791,.F.);
#686=ORIENTED_EDGE('',*,*,#2792,.T.);
#687=ORIENTED_EDGE('',*,*,#2793,.T.);
#688=ORIENTED_EDGE('',*,*,#2788,.F.);
#689=ORIENTED_EDGE('',*,*,#2794,.F.);
#690=ORIENTED_EDGE('',*,*,#2790,.T.);
#691=ORIENTED_EDGE('',*,*,#2795,.T.);
#692=ORIENTED_EDGE('',*,*,#2796,.F.);
#693=ORIENTED_EDGE('',*,*,#2797,.F.);
#694=ORIENTED_EDGE('',*,*,#2797,.T.);
#695=ORIENTED_EDGE('',*,*,#2798,.T.);
#696=ORIENTED_EDGE('',*,*,#2794,.T.);
#697=ORIENTED_EDGE('',*,*,#2791,.T.);
#698=ORIENTED_EDGE('',*,*,#2799,.F.);
#699=ORIENTED_EDGE('',*,*,#2800,.F.);
#700=ORIENTED_EDGE('',*,*,#2801,.F.);
#701=ORIENTED_EDGE('',*,*,#2802,.F.);
#702=ORIENTED_EDGE('',*,*,#2803,.F.);
#703=ORIENTED_EDGE('',*,*,#2804,.F.);
#704=ORIENTED_EDGE('',*,*,#2805,.F.);
#705=ORIENTED_EDGE('',*,*,#2806,.F.);
#706=ORIENTED_EDGE('',*,*,#2807,.F.);
#707=ORIENTED_EDGE('',*,*,#2808,.F.);
#708=ORIENTED_EDGE('',*,*,#2809,.F.);
#709=ORIENTED_EDGE('',*,*,#2810,.F.);
#710=ORIENTED_EDGE('',*,*,#2811,.F.);
#711=ORIENTED_EDGE('',*,*,#2812,.F.);
#712=ORIENTED_EDGE('',*,*,#2813,.F.);
#713=ORIENTED_EDGE('',*,*,#2814,.F.);
#714=ORIENTED_EDGE('',*,*,#2815,.F.);
#715=ORIENTED_EDGE('',*,*,#2816,.F.);
#716=ORIENTED_EDGE('',*,*,#2817,.F.);
#717=ORIENTED_EDGE('',*,*,#2818,.F.);
#718=ORIENTED_EDGE('',*,*,#2819,.F.);
#719=ORIENTED_EDGE('',*,*,#2820,.F.);
#720=ORIENTED_EDGE('',*,*,#2821,.F.);
#721=ORIENTED_EDGE('',*,*,#2822,.F.);
#722=ORIENTED_EDGE('',*,*,#2823,.F.);
#723=ORIENTED_EDGE('',*,*,#2824,.F.);
#724=ORIENTED_EDGE('',*,*,#2825,.F.);
#725=ORIENTED_EDGE('',*,*,#2826,.F.);
#726=ORIENTED_EDGE('',*,*,#2827,.F.);
#727=ORIENTED_EDGE('',*,*,#2828,.F.);
#728=ORIENTED_EDGE('',*,*,#2829,.F.);
#729=ORIENTED_EDGE('',*,*,#2830,.F.);
#730=ORIENTED_EDGE('',*,*,#2831,.F.);
#731=ORIENTED_EDGE('',*,*,#2832,.F.);
#732=ORIENTED_EDGE('',*,*,#2833,.F.);
#733=ORIENTED_EDGE('',*,*,#2834,.F.);
#734=ORIENTED_EDGE('',*,*,#2835,.F.);
#735=ORIENTED_EDGE('',*,*,#2836,.F.);
#736=ORIENTED_EDGE('',*,*,#2837,.F.);
#737=ORIENTED_EDGE('',*,*,#2838,.F.);
#738=ORIENTED_EDGE('',*,*,#2839,.F.);
#739=ORIENTED_EDGE('',*,*,#2840,.F.);
#740=ORIENTED_EDGE('',*,*,#2841,.F.);
#741=ORIENTED_EDGE('',*,*,#2842,.F.);
#742=ORIENTED_EDGE('',*,*,#2843,.F.);
#743=ORIENTED_EDGE('',*,*,#2844,.F.);
#744=ORIENTED_EDGE('',*,*,#2845,.F.);
#745=ORIENTED_EDGE('',*,*,#2846,.F.);
#746=ORIENTED_EDGE('',*,*,#2847,.F.);
#747=ORIENTED_EDGE('',*,*,#2848,.F.);
#748=ORIENTED_EDGE('',*,*,#2849,.F.);
#749=ORIENTED_EDGE('',*,*,#2850,.F.);
#750=ORIENTED_EDGE('',*,*,#2851,.F.);
#751=ORIENTED_EDGE('',*,*,#2852,.F.);
#752=ORIENTED_EDGE('',*,*,#2853,.F.);
#753=ORIENTED_EDGE('',*,*,#2854,.F.);
#754=ORIENTED_EDGE('',*,*,#2855,.F.);
#755=ORIENTED_EDGE('',*,*,#2856,.F.);
#756=ORIENTED_EDGE('',*,*,#2857,.F.);
#757=ORIENTED_EDGE('',*,*,#2858,.F.);
#758=ORIENTED_EDGE('',*,*,#2859,.F.);
#759=ORIENTED_EDGE('',*,*,#2860,.F.);
#760=ORIENTED_EDGE('',*,*,#2861,.F.);
#761=ORIENTED_EDGE('',*,*,#2862,.F.);
#762=ORIENTED_EDGE('',*,*,#2863,.F.);
#763=ORIENTED_EDGE('',*,*,#2864,.F.);
#764=ORIENTED_EDGE('',*,*,#2865,.F.);
#765=ORIENTED_EDGE('',*,*,#2866,.F.);
#766=ORIENTED_EDGE('',*,*,#2867,.F.);
#767=ORIENTED_EDGE('',*,*,#2868,.F.);
#768=ORIENTED_EDGE('',*,*,#2869,.F.);
#769=ORIENTED_EDGE('',*,*,#2870,.F.);
#770=ORIENTED_EDGE('',*,*,#2871,.F.);
#771=ORIENTED_EDGE('',*,*,#2872,.F.);
#772=ORIENTED_EDGE('',*,*,#2873,.F.);
#773=ORIENTED_EDGE('',*,*,#2874,.F.);
#774=ORIENTED_EDGE('',*,*,#2875,.F.);
#775=ORIENTED_EDGE('',*,*,#2876,.F.);
#776=ORIENTED_EDGE('',*,*,#2877,.F.);
#777=ORIENTED_EDGE('',*,*,#2878,.F.);
#778=ORIENTED_EDGE('',*,*,#2879,.F.);
#779=ORIENTED_EDGE('',*,*,#2880,.F.);
#780=ORIENTED_EDGE('',*,*,#2881,.F.);
#781=ORIENTED_EDGE('',*,*,#2882,.F.);
#782=ORIENTED_EDGE('',*,*,#2883,.F.);
#783=ORIENTED_EDGE('',*,*,#2884,.F.);
#784=ORIENTED_EDGE('',*,*,#2885,.F.);
#785=ORIENTED_EDGE('',*,*,#2886,.F.);
#786=ORIENTED_EDGE('',*,*,#2887,.F.);
#787=ORIENTED_EDGE('',*,*,#2888,.F.);
#788=ORIENTED_EDGE('',*,*,#2889,.F.);
#789=ORIENTED_EDGE('',*,*,#2890,.F.);
#790=ORIENTED_EDGE('',*,*,#2891,.F.);
#791=ORIENTED_EDGE('',*,*,#2892,.F.);
#792=ORIENTED_EDGE('',*,*,#2893,.F.);
#793=ORIENTED_EDGE('',*,*,#2894,.F.);
#794=ORIENTED_EDGE('',*,*,#2895,.F.);
#795=ORIENTED_EDGE('',*,*,#2896,.F.);
#796=ORIENTED_EDGE('',*,*,#2897,.F.);
#797=ORIENTED_EDGE('',*,*,#2898,.F.);
#798=ORIENTED_EDGE('',*,*,#2899,.F.);
#799=ORIENTED_EDGE('',*,*,#2900,.F.);
#800=ORIENTED_EDGE('',*,*,#2901,.F.);
#801=ORIENTED_EDGE('',*,*,#2902,.F.);
#802=ORIENTED_EDGE('',*,*,#2903,.F.);
#803=ORIENTED_EDGE('',*,*,#2904,.F.);
#804=ORIENTED_EDGE('',*,*,#2905,.F.);
#805=ORIENTED_EDGE('',*,*,#2906,.F.);
#806=ORIENTED_EDGE('',*,*,#2907,.F.);
#807=ORIENTED_EDGE('',*,*,#2908,.F.);
#808=ORIENTED_EDGE('',*,*,#2909,.F.);
#809=ORIENTED_EDGE('',*,*,#2910,.F.);
#810=ORIENTED_EDGE('',*,*,#2911,.F.);
#811=ORIENTED_EDGE('',*,*,#2912,.F.);
#812=ORIENTED_EDGE('',*,*,#2913,.F.);
#813=ORIENTED_EDGE('',*,*,#2914,.F.);
#814=ORIENTED_EDGE('',*,*,#2915,.F.);
#815=ORIENTED_EDGE('',*,*,#2916,.F.);
#816=ORIENTED_EDGE('',*,*,#2917,.F.);
#817=ORIENTED_EDGE('',*,*,#2918,.F.);
#818=ORIENTED_EDGE('',*,*,#2919,.F.);
#819=ORIENTED_EDGE('',*,*,#2920,.F.);
#820=ORIENTED_EDGE('',*,*,#2921,.F.);
#821=ORIENTED_EDGE('',*,*,#2922,.F.);
#822=ORIENTED_EDGE('',*,*,#2923,.F.);
#823=ORIENTED_EDGE('',*,*,#2924,.F.);
#824=ORIENTED_EDGE('',*,*,#2925,.F.);
#825=ORIENTED_EDGE('',*,*,#2926,.F.);
#826=ORIENTED_EDGE('',*,*,#2927,.F.);
#827=ORIENTED_EDGE('',*,*,#2928,.F.);
#828=ORIENTED_EDGE('',*,*,#2789,.F.);
#829=ORIENTED_EDGE('',*,*,#2793,.F.);
#830=ORIENTED_EDGE('',*,*,#2929,.F.);
#831=ORIENTED_EDGE('',*,*,#2795,.F.);
#832=ORIENTED_EDGE('',*,*,#2930,.T.);
#833=ORIENTED_EDGE('',*,*,#2931,.T.);
#834=ORIENTED_EDGE('',*,*,#2932,.T.);
#835=ORIENTED_EDGE('',*,*,#2933,.T.);
#836=ORIENTED_EDGE('',*,*,#2934,.T.);
#837=ORIENTED_EDGE('',*,*,#2935,.T.);
#838=ORIENTED_EDGE('',*,*,#2936,.T.);
#839=ORIENTED_EDGE('',*,*,#2937,.T.);
#840=ORIENTED_EDGE('',*,*,#2938,.T.);
#841=ORIENTED_EDGE('',*,*,#2939,.T.);
#842=ORIENTED_EDGE('',*,*,#2940,.T.);
#843=ORIENTED_EDGE('',*,*,#2941,.T.);
#844=ORIENTED_EDGE('',*,*,#2942,.T.);
#845=ORIENTED_EDGE('',*,*,#2943,.T.);
#846=ORIENTED_EDGE('',*,*,#2944,.T.);
#847=ORIENTED_EDGE('',*,*,#2945,.T.);
#848=ORIENTED_EDGE('',*,*,#2946,.T.);
#849=ORIENTED_EDGE('',*,*,#2947,.T.);
#850=ORIENTED_EDGE('',*,*,#2948,.T.);
#851=ORIENTED_EDGE('',*,*,#2949,.T.);
#852=ORIENTED_EDGE('',*,*,#2950,.T.);
#853=ORIENTED_EDGE('',*,*,#2951,.T.);
#854=ORIENTED_EDGE('',*,*,#2952,.T.);
#855=ORIENTED_EDGE('',*,*,#2953,.T.);
#856=ORIENTED_EDGE('',*,*,#2954,.T.);
#857=ORIENTED_EDGE('',*,*,#2955,.T.);
#858=ORIENTED_EDGE('',*,*,#2956,.T.);
#859=ORIENTED_EDGE('',*,*,#2957,.T.);
#860=ORIENTED_EDGE('',*,*,#2958,.T.);
#861=ORIENTED_EDGE('',*,*,#2959,.T.);
#862=ORIENTED_EDGE('',*,*,#2960,.T.);
#863=ORIENTED_EDGE('',*,*,#2961,.T.);
#864=ORIENTED_EDGE('',*,*,#2962,.T.);
#865=ORIENTED_EDGE('',*,*,#2963,.T.);
#866=ORIENTED_EDGE('',*,*,#2964,.T.);
#867=ORIENTED_EDGE('',*,*,#2965,.T.);
#868=ORIENTED_EDGE('',*,*,#2966,.T.);
#869=ORIENTED_EDGE('',*,*,#2967,.T.);
#870=ORIENTED_EDGE('',*,*,#2968,.T.);
#871=ORIENTED_EDGE('',*,*,#2969,.T.);
#872=ORIENTED_EDGE('',*,*,#2970,.T.);
#873=ORIENTED_EDGE('',*,*,#2971,.T.);
#874=ORIENTED_EDGE('',*,*,#2972,.T.);
#875=ORIENTED_EDGE('',*,*,#2973,.T.);
#876=ORIENTED_EDGE('',*,*,#2974,.T.);
#877=ORIENTED_EDGE('',*,*,#2975,.T.);
#878=ORIENTED_EDGE('',*,*,#2976,.T.);
#879=ORIENTED_EDGE('',*,*,#2977,.T.);
#880=ORIENTED_EDGE('',*,*,#2978,.T.);
#881=ORIENTED_EDGE('',*,*,#2979,.T.);
#882=ORIENTED_EDGE('',*,*,#2980,.T.);
#883=ORIENTED_EDGE('',*,*,#2981,.T.);
#884=ORIENTED_EDGE('',*,*,#2982,.T.);
#885=ORIENTED_EDGE('',*,*,#2983,.T.);
#886=ORIENTED_EDGE('',*,*,#2984,.T.);
#887=ORIENTED_EDGE('',*,*,#2985,.T.);
#888=ORIENTED_EDGE('',*,*,#2986,.T.);
#889=ORIENTED_EDGE('',*,*,#2987,.T.);
#890=ORIENTED_EDGE('',*,*,#2988,.T.);
#891=ORIENTED_EDGE('',*,*,#2989,.T.);
#892=ORIENTED_EDGE('',*,*,#2990,.T.);
#893=ORIENTED_EDGE('',*,*,#2991,.T.);
#894=ORIENTED_EDGE('',*,*,#2992,.T.);
#895=ORIENTED_EDGE('',*,*,#2993,.T.);
#896=ORIENTED_EDGE('',*,*,#2994,.T.);
#897=ORIENTED_EDGE('',*,*,#2995,.T.);
#898=ORIENTED_EDGE('',*,*,#2996,.T.);
#899=ORIENTED_EDGE('',*,*,#2997,.T.);
#900=ORIENTED_EDGE('',*,*,#2998,.T.);
#901=ORIENTED_EDGE('',*,*,#2999,.T.);
#902=ORIENTED_EDGE('',*,*,#3000,.T.);
#903=ORIENTED_EDGE('',*,*,#3001,.T.);
#904=ORIENTED_EDGE('',*,*,#3002,.T.);
#905=ORIENTED_EDGE('',*,*,#3003,.T.);
#906=ORIENTED_EDGE('',*,*,#3004,.T.);
#907=ORIENTED_EDGE('',*,*,#3005,.T.);
#908=ORIENTED_EDGE('',*,*,#3006,.T.);
#909=ORIENTED_EDGE('',*,*,#3007,.T.);
#910=ORIENTED_EDGE('',*,*,#3008,.T.);
#911=ORIENTED_EDGE('',*,*,#3009,.T.);
#912=ORIENTED_EDGE('',*,*,#3010,.T.);
#913=ORIENTED_EDGE('',*,*,#3011,.T.);
#914=ORIENTED_EDGE('',*,*,#3012,.T.);
#915=ORIENTED_EDGE('',*,*,#3013,.T.);
#916=ORIENTED_EDGE('',*,*,#3014,.T.);
#917=ORIENTED_EDGE('',*,*,#3015,.T.);
#918=ORIENTED_EDGE('',*,*,#3016,.T.);
#919=ORIENTED_EDGE('',*,*,#3017,.T.);
#920=ORIENTED_EDGE('',*,*,#3018,.T.);
#921=ORIENTED_EDGE('',*,*,#3019,.T.);
#922=ORIENTED_EDGE('',*,*,#3020,.T.);
#923=ORIENTED_EDGE('',*,*,#3021,.T.);
#924=ORIENTED_EDGE('',*,*,#3022,.T.);
#925=ORIENTED_EDGE('',*,*,#3023,.T.);
#926=ORIENTED_EDGE('',*,*,#3024,.T.);
#927=ORIENTED_EDGE('',*,*,#3025,.T.);
#928=ORIENTED_EDGE('',*,*,#3026,.T.);
#929=ORIENTED_EDGE('',*,*,#3027,.T.);
#930=ORIENTED_EDGE('',*,*,#3028,.T.);
#931=ORIENTED_EDGE('',*,*,#3029,.T.);
#932=ORIENTED_EDGE('',*,*,#3030,.T.);
#933=ORIENTED_EDGE('',*,*,#3031,.T.);
#934=ORIENTED_EDGE('',*,*,#3032,.T.);
#935=ORIENTED_EDGE('',*,*,#3033,.T.);
#936=ORIENTED_EDGE('',*,*,#3034,.T.);
#937=ORIENTED_EDGE('',*,*,#3035,.T.);
#938=ORIENTED_EDGE('',*,*,#3036,.T.);
#939=ORIENTED_EDGE('',*,*,#3037,.T.);
#940=ORIENTED_EDGE('',*,*,#3038,.T.);
#941=ORIENTED_EDGE('',*,*,#3039,.T.);
#942=ORIENTED_EDGE('',*,*,#3040,.T.);
#943=ORIENTED_EDGE('',*,*,#3041,.T.);
#944=ORIENTED_EDGE('',*,*,#3042,.T.);
#945=ORIENTED_EDGE('',*,*,#3043,.T.);
#946=ORIENTED_EDGE('',*,*,#3044,.T.);
#947=ORIENTED_EDGE('',*,*,#3045,.T.);
#948=ORIENTED_EDGE('',*,*,#3046,.T.);
#949=ORIENTED_EDGE('',*,*,#3047,.T.);
#950=ORIENTED_EDGE('',*,*,#3048,.T.);
#951=ORIENTED_EDGE('',*,*,#3049,.T.);
#952=ORIENTED_EDGE('',*,*,#3050,.T.);
#953=ORIENTED_EDGE('',*,*,#3051,.T.);
#954=ORIENTED_EDGE('',*,*,#3052,.T.);
#955=ORIENTED_EDGE('',*,*,#3053,.T.);
#956=ORIENTED_EDGE('',*,*,#3054,.T.);
#957=ORIENTED_EDGE('',*,*,#3055,.T.);
#958=ORIENTED_EDGE('',*,*,#3056,.T.);
#959=ORIENTED_EDGE('',*,*,#3057,.T.);
#960=ORIENTED_EDGE('',*,*,#3058,.T.);
#961=ORIENTED_EDGE('',*,*,#3059,.T.);
#962=ORIENTED_EDGE('',*,*,#2796,.T.);
#963=ORIENTED_EDGE('',*,*,#2929,.T.);
#964=ORIENTED_EDGE('',*,*,#2792,.F.);
#965=ORIENTED_EDGE('',*,*,#2798,.F.);
#966=ORIENTED_EDGE('',*,*,#2930,.F.);
#967=ORIENTED_EDGE('',*,*,#2799,.T.);
#968=ORIENTED_EDGE('',*,*,#2931,.F.);
#969=ORIENTED_EDGE('',*,*,#2800,.T.);
#970=ORIENTED_EDGE('',*,*,#2932,.F.);
#971=ORIENTED_EDGE('',*,*,#2801,.T.);
#972=ORIENTED_EDGE('',*,*,#2933,.F.);
#973=ORIENTED_EDGE('',*,*,#2802,.T.);
#974=ORIENTED_EDGE('',*,*,#2934,.F.);
#975=ORIENTED_EDGE('',*,*,#2803,.T.);
#976=ORIENTED_EDGE('',*,*,#2935,.F.);
#977=ORIENTED_EDGE('',*,*,#2804,.T.);
#978=ORIENTED_EDGE('',*,*,#2936,.F.);
#979=ORIENTED_EDGE('',*,*,#2805,.T.);
#980=ORIENTED_EDGE('',*,*,#2937,.F.);
#981=ORIENTED_EDGE('',*,*,#2806,.T.);
#982=ORIENTED_EDGE('',*,*,#2938,.F.);
#983=ORIENTED_EDGE('',*,*,#2807,.T.);
#984=ORIENTED_EDGE('',*,*,#2939,.F.);
#985=ORIENTED_EDGE('',*,*,#2808,.T.);
#986=ORIENTED_EDGE('',*,*,#2940,.F.);
#987=ORIENTED_EDGE('',*,*,#2809,.T.);
#988=ORIENTED_EDGE('',*,*,#2941,.F.);
#989=ORIENTED_EDGE('',*,*,#2810,.T.);
#990=ORIENTED_EDGE('',*,*,#2942,.F.);
#991=ORIENTED_EDGE('',*,*,#2811,.T.);
#992=ORIENTED_EDGE('',*,*,#2943,.F.);
#993=ORIENTED_EDGE('',*,*,#2812,.T.);
#994=ORIENTED_EDGE('',*,*,#2944,.F.);
#995=ORIENTED_EDGE('',*,*,#2813,.T.);
#996=ORIENTED_EDGE('',*,*,#2945,.F.);
#997=ORIENTED_EDGE('',*,*,#2814,.T.);
#998=ORIENTED_EDGE('',*,*,#2946,.F.);
#999=ORIENTED_EDGE('',*,*,#2815,.T.);
#1000=ORIENTED_EDGE('',*,*,#2947,.F.);
#1001=ORIENTED_EDGE('',*,*,#2816,.T.);
#1002=ORIENTED_EDGE('',*,*,#2948,.F.);
#1003=ORIENTED_EDGE('',*,*,#2817,.T.);
#1004=ORIENTED_EDGE('',*,*,#2949,.F.);
#1005=ORIENTED_EDGE('',*,*,#2818,.T.);
#1006=ORIENTED_EDGE('',*,*,#2950,.F.);
#1007=ORIENTED_EDGE('',*,*,#2819,.T.);
#1008=ORIENTED_EDGE('',*,*,#2951,.F.);
#1009=ORIENTED_EDGE('',*,*,#2820,.T.);
#1010=ORIENTED_EDGE('',*,*,#2952,.F.);
#1011=ORIENTED_EDGE('',*,*,#2821,.T.);
#1012=ORIENTED_EDGE('',*,*,#2953,.F.);
#1013=ORIENTED_EDGE('',*,*,#2822,.T.);
#1014=ORIENTED_EDGE('',*,*,#2954,.F.);
#1015=ORIENTED_EDGE('',*,*,#2823,.T.);
#1016=ORIENTED_EDGE('',*,*,#2955,.F.);
#1017=ORIENTED_EDGE('',*,*,#2824,.T.);
#1018=ORIENTED_EDGE('',*,*,#2956,.F.);
#1019=ORIENTED_EDGE('',*,*,#2825,.T.);
#1020=ORIENTED_EDGE('',*,*,#2957,.F.);
#1021=ORIENTED_EDGE('',*,*,#2826,.T.);
#1022=ORIENTED_EDGE('',*,*,#2958,.F.);
#1023=ORIENTED_EDGE('',*,*,#2827,.T.);
#1024=ORIENTED_EDGE('',*,*,#2959,.F.);
#1025=ORIENTED_EDGE('',*,*,#2828,.T.);
#1026=ORIENTED_EDGE('',*,*,#2960,.F.);
#1027=ORIENTED_EDGE('',*,*,#2829,.T.);
#1028=ORIENTED_EDGE('',*,*,#2961,.F.);
#1029=ORIENTED_EDGE('',*,*,#2830,.T.);
#1030=ORIENTED_EDGE('',*,*,#2962,.F.);
#1031=ORIENTED_EDGE('',*,*,#2831,.T.);
#1032=ORIENTED_EDGE('',*,*,#2963,.F.);
#1033=ORIENTED_EDGE('',*,*,#2832,.T.);
#1034=ORIENTED_EDGE('',*,*,#2964,.F.);
#1035=ORIENTED_EDGE('',*,*,#2833,.T.);
#1036=ORIENTED_EDGE('',*,*,#2965,.F.);
#1037=ORIENTED_EDGE('',*,*,#2834,.T.);
#1038=ORIENTED_EDGE('',*,*,#2966,.F.);
#1039=ORIENTED_EDGE('',*,*,#2835,.T.);
#1040=ORIENTED_EDGE('',*,*,#2967,.F.);
#1041=ORIENTED_EDGE('',*,*,#2836,.T.);
#1042=ORIENTED_EDGE('',*,*,#2968,.F.);
#1043=ORIENTED_EDGE('',*,*,#2837,.T.);
#1044=ORIENTED_EDGE('',*,*,#2969,.F.);
#1045=ORIENTED_EDGE('',*,*,#2838,.T.);
#1046=ORIENTED_EDGE('',*,*,#2970,.F.);
#1047=ORIENTED_EDGE('',*,*,#2839,.T.);
#1048=ORIENTED_EDGE('',*,*,#2971,.F.);
#1049=ORIENTED_EDGE('',*,*,#2840,.T.);
#1050=ORIENTED_EDGE('',*,*,#2972,.F.);
#1051=ORIENTED_EDGE('',*,*,#2841,.T.);
#1052=ORIENTED_EDGE('',*,*,#2973,.F.);
#1053=ORIENTED_EDGE('',*,*,#2842,.T.);
#1054=ORIENTED_EDGE('',*,*,#2974,.F.);
#1055=ORIENTED_EDGE('',*,*,#2843,.T.);
#1056=ORIENTED_EDGE('',*,*,#2975,.F.);
#1057=ORIENTED_EDGE('',*,*,#2844,.T.);
#1058=ORIENTED_EDGE('',*,*,#2976,.F.);
#1059=ORIENTED_EDGE('',*,*,#2845,.T.);
#1060=ORIENTED_EDGE('',*,*,#2977,.F.);
#1061=ORIENTED_EDGE('',*,*,#2846,.T.);
#1062=ORIENTED_EDGE('',*,*,#2978,.F.);
#1063=ORIENTED_EDGE('',*,*,#2847,.T.);
#1064=ORIENTED_EDGE('',*,*,#2979,.F.);
#1065=ORIENTED_EDGE('',*,*,#2848,.T.);
#1066=ORIENTED_EDGE('',*,*,#2980,.F.);
#1067=ORIENTED_EDGE('',*,*,#2849,.T.);
#1068=ORIENTED_EDGE('',*,*,#2981,.F.);
#1069=ORIENTED_EDGE('',*,*,#2850,.T.);
#1070=ORIENTED_EDGE('',*,*,#2982,.F.);
#1071=ORIENTED_EDGE('',*,*,#2851,.T.);
#1072=ORIENTED_EDGE('',*,*,#2983,.F.);
#1073=ORIENTED_EDGE('',*,*,#2852,.T.);
#1074=ORIENTED_EDGE('',*,*,#2984,.F.);
#1075=ORIENTED_EDGE('',*,*,#2853,.T.);
#1076=ORIENTED_EDGE('',*,*,#2985,.F.);
#1077=ORIENTED_EDGE('',*,*,#2854,.T.);
#1078=ORIENTED_EDGE('',*,*,#2986,.F.);
#1079=ORIENTED_EDGE('',*,*,#2855,.T.);
#1080=ORIENTED_EDGE('',*,*,#2987,.F.);
#1081=ORIENTED_EDGE('',*,*,#2856,.T.);
#1082=ORIENTED_EDGE('',*,*,#2988,.F.);
#1083=ORIENTED_EDGE('',*,*,#2857,.T.);
#1084=ORIENTED_EDGE('',*,*,#2989,.F.);
#1085=ORIENTED_EDGE('',*,*,#2858,.T.);
#1086=ORIENTED_EDGE('',*,*,#2990,.F.);
#1087=ORIENTED_EDGE('',*,*,#2859,.T.);
#1088=ORIENTED_EDGE('',*,*,#2991,.F.);
#1089=ORIENTED_EDGE('',*,*,#2860,.T.);
#1090=ORIENTED_EDGE('',*,*,#2992,.F.);
#1091=ORIENTED_EDGE('',*,*,#2861,.T.);
#1092=ORIENTED_EDGE('',*,*,#2993,.F.);
#1093=ORIENTED_EDGE('',*,*,#2862,.T.);
#1094=ORIENTED_EDGE('',*,*,#2994,.F.);
#1095=ORIENTED_EDGE('',*,*,#2863,.T.);
#1096=ORIENTED_EDGE('',*,*,#2995,.F.);
#1097=ORIENTED_EDGE('',*,*,#2864,.T.);
#1098=ORIENTED_EDGE('',*,*,#2996,.F.);
#1099=ORIENTED_EDGE('',*,*,#2865,.T.);
#1100=ORIENTED_EDGE('',*,*,#2997,.F.);
#1101=ORIENTED_EDGE('',*,*,#2866,.T.);
#1102=ORIENTED_EDGE('',*,*,#2998,.F.);
#1103=ORIENTED_EDGE('',*,*,#2867,.T.);
#1104=ORIENTED_EDGE('',*,*,#2999,.F.);
#1105=ORIENTED_EDGE('',*,*,#2868,.T.);
#1106=ORIENTED_EDGE('',*,*,#3000,.F.);
#1107=ORIENTED_EDGE('',*,*,#2869,.T.);
#1108=ORIENTED_EDGE('',*,*,#3001,.F.);
#1109=ORIENTED_EDGE('',*,*,#2870,.T.);
#1110=ORIENTED_EDGE('',*,*,#3002,.F.);
#1111=ORIENTED_EDGE('',*,*,#2871,.T.);
#1112=ORIENTED_EDGE('',*,*,#3003,.F.);
#1113=ORIENTED_EDGE('',*,*,#2872,.T.);
#1114=ORIENTED_EDGE('',*,*,#3004,.F.);
#1115=ORIENTED_EDGE('',*,*,#2873,.T.);
#1116=ORIENTED_EDGE('',*,*,#3005,.F.);
#1117=ORIENTED_EDGE('',*,*,#2874,.T.);
#1118=ORIENTED_EDGE('',*,*,#3006,.F.);
#1119=ORIENTED_EDGE('',*,*,#2875,.T.);
#1120=ORIENTED_EDGE('',*,*,#3007,.F.);
#1121=ORIENTED_EDGE('',*,*,#2876,.T.);
#1122=ORIENTED_EDGE('',*,*,#3008,.F.);
#1123=ORIENTED_EDGE('',*,*,#2877,.T.);
#1124=ORIENTED_EDGE('',*,*,#3009,.F.);
#1125=ORIENTED_EDGE('',*,*,#2878,.T.);
#1126=ORIENTED_EDGE('',*,*,#3010,.F.);
#1127=ORIENTED_EDGE('',*,*,#2879,.T.);
#1128=ORIENTED_EDGE('',*,*,#3011,.F.);
#1129=ORIENTED_EDGE('',*,*,#2880,.T.);
#1130=ORIENTED_EDGE('',*,*,#3012,.F.);
#1131=ORIENTED_EDGE('',*,*,#2881,.T.);
#1132=ORIENTED_EDGE('',*,*,#3013,.F.);
#1133=ORIENTED_EDGE('',*,*,#2882,.T.);
#1134=ORIENTED_EDGE('',*,*,#3014,.F.);
#1135=ORIENTED_EDGE('',*,*,#2883,.T.);
#1136=ORIENTED_EDGE('',*,*,#3015,.F.);
#1137=ORIENTED_EDGE('',*,*,#2884,.T.);
#1138=ORIENTED_EDGE('',*,*,#3016,.F.);
#1139=ORIENTED_EDGE('',*,*,#2885,.T.);
#1140=ORIENTED_EDGE('',*,*,#3017,.F.);
#1141=ORIENTED_EDGE('',*,*,#2886,.T.);
#1142=ORIENTED_EDGE('',*,*,#3018,.F.);
#1143=ORIENTED_EDGE('',*,*,#2887,.T.);
#1144=ORIENTED_EDGE('',*,*,#3019,.F.);
#1145=ORIENTED_EDGE('',*,*,#2888,.T.);
#1146=ORIENTED_EDGE('',*,*,#3020,.F.);
#1147=ORIENTED_EDGE('',*,*,#2889,.T.);
#1148=ORIENTED_EDGE('',*,*,#3021,.F.);
#1149=ORIENTED_EDGE('',*,*,#2890,.T.);
#1150=ORIENTED_EDGE('',*,*,#3022,.F.);
#1151=ORIENTED_EDGE('',*,*,#2891,.T.);
#1152=ORIENTED_EDGE('',*,*,#3023,.F.);
#1153=ORIENTED_EDGE('',*,*,#2892,.T.);
#1154=ORIENTED_EDGE('',*,*,#3024,.F.);
#1155=ORIENTED_EDGE('',*,*,#2893,.T.);
#1156=ORIENTED_EDGE('',*,*,#3025,.F.);
#1157=ORIENTED_EDGE('',*,*,#2894,.T.);
#1158=ORIENTED_EDGE('',*,*,#3026,.F.);
#1159=ORIENTED_EDGE('',*,*,#2895,.T.);
#1160=ORIENTED_EDGE('',*,*,#3027,.F.);
#1161=ORIENTED_EDGE('',*,*,#2896,.T.);
#1162=ORIENTED_EDGE('',*,*,#3028,.F.);
#1163=ORIENTED_EDGE('',*,*,#2897,.T.);
#1164=ORIENTED_EDGE('',*,*,#3029,.F.);
#1165=ORIENTED_EDGE('',*,*,#2898,.T.);
#1166=ORIENTED_EDGE('',*,*,#3030,.F.);
#1167=ORIENTED_EDGE('',*,*,#2899,.T.);
#1168=ORIENTED_EDGE('',*,*,#3031,.F.);
#1169=ORIENTED_EDGE('',*,*,#2900,.T.);
#1170=ORIENTED_EDGE('',*,*,#3032,.F.);
#1171=ORIENTED_EDGE('',*,*,#2901,.T.);
#1172=ORIENTED_EDGE('',*,*,#3033,.F.);
#1173=ORIENTED_EDGE('',*,*,#2902,.T.);
#1174=ORIENTED_EDGE('',*,*,#3034,.F.);
#1175=ORIENTED_EDGE('',*,*,#2903,.T.);
#1176=ORIENTED_EDGE('',*,*,#3035,.F.);
#1177=ORIENTED_EDGE('',*,*,#2904,.T.);
#1178=ORIENTED_EDGE('',*,*,#3036,.F.);
#1179=ORIENTED_EDGE('',*,*,#2905,.T.);
#1180=ORIENTED_EDGE('',*,*,#3037,.F.);
#1181=ORIENTED_EDGE('',*,*,#2906,.T.);
#1182=ORIENTED_EDGE('',*,*,#3038,.F.);
#1183=ORIENTED_EDGE('',*,*,#2907,.T.);
#1184=ORIENTED_EDGE('',*,*,#3039,.F.);
#1185=ORIENTED_EDGE('',*,*,#2908,.T.);
#1186=ORIENTED_EDGE('',*,*,#3040,.F.);
#1187=ORIENTED_EDGE('',*,*,#2909,.T.);
#1188=ORIENTED_EDGE('',*,*,#3041,.F.);
#1189=ORIENTED_EDGE('',*,*,#2910,.T.);
#1190=ORIENTED_EDGE('',*,*,#3042,.F.);
#1191=ORIENTED_EDGE('',*,*,#2911,.T.);
#1192=ORIENTED_EDGE('',*,*,#3043,.F.);
#1193=ORIENTED_EDGE('',*,*,#2912,.T.);
#1194=ORIENTED_EDGE('',*,*,#3044,.F.);
#1195=ORIENTED_EDGE('',*,*,#2913,.T.);
#1196=ORIENTED_EDGE('',*,*,#3045,.F.);
#1197=ORIENTED_EDGE('',*,*,#2914,.T.);
#1198=ORIENTED_EDGE('',*,*,#3046,.F.);
#1199=ORIENTED_EDGE('',*,*,#2915,.T.);
#1200=ORIENTED_EDGE('',*,*,#3047,.F.);
#1201=ORIENTED_EDGE('',*,*,#2916,.T.);
#1202=ORIENTED_EDGE('',*,*,#3048,.F.);
#1203=ORIENTED_EDGE('',*,*,#2917,.T.);
#1204=ORIENTED_EDGE('',*,*,#3049,.F.);
#1205=ORIENTED_EDGE('',*,*,#2918,.T.);
#1206=ORIENTED_EDGE('',*,*,#3050,.F.);
#1207=ORIENTED_EDGE('',*,*,#2919,.T.);
#1208=ORIENTED_EDGE('',*,*,#3051,.F.);
#1209=ORIENTED_EDGE('',*,*,#2920,.T.);
#1210=ORIENTED_EDGE('',*,*,#3052,.F.);
#1211=ORIENTED_EDGE('',*,*,#2921,.T.);
#1212=ORIENTED_EDGE('',*,*,#3053,.F.);
#1213=ORIENTED_EDGE('',*,*,#2922,.T.);
#1214=ORIENTED_EDGE('',*,*,#3054,.F.);
#1215=ORIENTED_EDGE('',*,*,#2923,.T.);
#1216=ORIENTED_EDGE('',*,*,#3055,.F.);
#1217=ORIENTED_EDGE('',*,*,#2924,.T.);
#1218=ORIENTED_EDGE('',*,*,#3056,.F.);
#1219=ORIENTED_EDGE('',*,*,#2925,.T.);
#1220=ORIENTED_EDGE('',*,*,#3057,.F.);
#1221=ORIENTED_EDGE('',*,*,#2926,.T.);
#1222=ORIENTED_EDGE('',*,*,#3058,.F.);
#1223=ORIENTED_EDGE('',*,*,#2927,.T.);
#1224=ORIENTED_EDGE('',*,*,#3059,.F.);
#1225=ORIENTED_EDGE('',*,*,#2928,.T.);
#1226=ORIENTED_EDGE('',*,*,#3060,.T.);
#1227=ORIENTED_EDGE('',*,*,#3061,.T.);
#1228=ORIENTED_EDGE('',*,*,#3062,.T.);
#1229=ORIENTED_EDGE('',*,*,#3063,.T.);
#1230=ORIENTED_EDGE('',*,*,#3064,.T.);
#1231=ORIENTED_EDGE('',*,*,#3065,.T.);
#1232=ORIENTED_EDGE('',*,*,#3066,.T.);
#1233=ORIENTED_EDGE('',*,*,#3067,.T.);
#1234=ORIENTED_EDGE('',*,*,#3068,.T.);
#1235=ORIENTED_EDGE('',*,*,#3069,.T.);
#1236=ORIENTED_EDGE('',*,*,#3070,.T.);
#1237=ORIENTED_EDGE('',*,*,#3071,.T.);
#1238=ORIENTED_EDGE('',*,*,#3072,.T.);
#1239=ORIENTED_EDGE('',*,*,#3073,.T.);
#1240=ORIENTED_EDGE('',*,*,#3074,.T.);
#1241=ORIENTED_EDGE('',*,*,#3075,.T.);
#1242=ORIENTED_EDGE('',*,*,#3076,.T.);
#1243=ORIENTED_EDGE('',*,*,#3077,.T.);
#1244=ORIENTED_EDGE('',*,*,#3078,.T.);
#1245=ORIENTED_EDGE('',*,*,#3079,.T.);
#1246=ORIENTED_EDGE('',*,*,#3080,.T.);
#1247=ORIENTED_EDGE('',*,*,#3081,.T.);
#1248=ORIENTED_EDGE('',*,*,#3082,.T.);
#1249=ORIENTED_EDGE('',*,*,#3083,.T.);
#1250=ORIENTED_EDGE('',*,*,#3084,.T.);
#1251=ORIENTED_EDGE('',*,*,#3085,.T.);
#1252=ORIENTED_EDGE('',*,*,#3086,.T.);
#1253=ORIENTED_EDGE('',*,*,#3087,.T.);
#1254=ORIENTED_EDGE('',*,*,#3088,.T.);
#1255=ORIENTED_EDGE('',*,*,#3089,.T.);
#1256=ORIENTED_EDGE('',*,*,#3090,.T.);
#1257=ORIENTED_EDGE('',*,*,#3091,.T.);
#1258=ORIENTED_EDGE('',*,*,#3092,.T.);
#1259=ORIENTED_EDGE('',*,*,#3093,.T.);
#1260=ORIENTED_EDGE('',*,*,#3094,.T.);
#1261=ORIENTED_EDGE('',*,*,#3095,.T.);
#1262=ORIENTED_EDGE('',*,*,#3096,.T.);
#1263=ORIENTED_EDGE('',*,*,#3097,.T.);
#1264=ORIENTED_EDGE('',*,*,#3098,.T.);
#1265=ORIENTED_EDGE('',*,*,#3099,.T.);
#1266=ORIENTED_EDGE('',*,*,#3100,.T.);
#1267=ORIENTED_EDGE('',*,*,#3101,.T.);
#1268=ORIENTED_EDGE('',*,*,#3102,.T.);
#1269=ORIENTED_EDGE('',*,*,#3103,.T.);
#1270=ORIENTED_EDGE('',*,*,#3104,.T.);
#1271=ORIENTED_EDGE('',*,*,#3105,.T.);
#1272=ORIENTED_EDGE('',*,*,#3106,.T.);
#1273=ORIENTED_EDGE('',*,*,#3107,.T.);
#1274=ORIENTED_EDGE('',*,*,#3108,.F.);
#1275=ORIENTED_EDGE('',*,*,#3109,.F.);
#1276=ORIENTED_EDGE('',*,*,#3110,.T.);
#1277=ORIENTED_EDGE('',*,*,#3111,.T.);
#1278=ORIENTED_EDGE('',*,*,#3112,.T.);
#1279=ORIENTED_EDGE('',*,*,#3113,.F.);
#1280=ORIENTED_EDGE('',*,*,#3114,.F.);
#1281=ORIENTED_EDGE('',*,*,#3115,.T.);
#1282=ORIENTED_EDGE('',*,*,#3116,.T.);
#1283=ORIENTED_EDGE('',*,*,#3117,.T.);
#1284=ORIENTED_EDGE('',*,*,#3118,.T.);
#1285=ORIENTED_EDGE('',*,*,#3119,.T.);
#1286=ORIENTED_EDGE('',*,*,#3120,.T.);
#1287=ORIENTED_EDGE('',*,*,#3121,.T.);
#1288=ORIENTED_EDGE('',*,*,#3122,.T.);
#1289=ORIENTED_EDGE('',*,*,#3123,.T.);
#1290=ORIENTED_EDGE('',*,*,#3124,.T.);
#1291=ORIENTED_EDGE('',*,*,#3125,.T.);
#1292=ORIENTED_EDGE('',*,*,#3126,.T.);
#1293=ORIENTED_EDGE('',*,*,#3127,.T.);
#1294=ORIENTED_EDGE('',*,*,#3128,.T.);
#1295=ORIENTED_EDGE('',*,*,#3129,.T.);
#1296=ORIENTED_EDGE('',*,*,#3130,.T.);
#1297=ORIENTED_EDGE('',*,*,#3131,.T.);
#1298=ORIENTED_EDGE('',*,*,#3132,.T.);
#1299=ORIENTED_EDGE('',*,*,#3133,.T.);
#1300=ORIENTED_EDGE('',*,*,#3134,.T.);
#1301=ORIENTED_EDGE('',*,*,#3135,.T.);
#1302=ORIENTED_EDGE('',*,*,#3136,.T.);
#1303=ORIENTED_EDGE('',*,*,#3137,.T.);
#1304=ORIENTED_EDGE('',*,*,#3138,.T.);
#1305=ORIENTED_EDGE('',*,*,#3139,.T.);
#1306=ORIENTED_EDGE('',*,*,#3140,.T.);
#1307=ORIENTED_EDGE('',*,*,#3141,.T.);
#1308=ORIENTED_EDGE('',*,*,#3142,.T.);
#1309=ORIENTED_EDGE('',*,*,#3143,.T.);
#1310=ORIENTED_EDGE('',*,*,#3144,.T.);
#1311=ORIENTED_EDGE('',*,*,#3145,.T.);
#1312=ORIENTED_EDGE('',*,*,#3146,.T.);
#1313=ORIENTED_EDGE('',*,*,#3147,.T.);
#1314=ORIENTED_EDGE('',*,*,#3148,.T.);
#1315=ORIENTED_EDGE('',*,*,#3149,.T.);
#1316=ORIENTED_EDGE('',*,*,#3150,.T.);
#1317=ORIENTED_EDGE('',*,*,#3151,.T.);
#1318=ORIENTED_EDGE('',*,*,#3152,.T.);
#1319=ORIENTED_EDGE('',*,*,#3153,.T.);
#1320=ORIENTED_EDGE('',*,*,#3154,.T.);
#1321=ORIENTED_EDGE('',*,*,#3155,.T.);
#1322=ORIENTED_EDGE('',*,*,#3156,.T.);
#1323=ORIENTED_EDGE('',*,*,#3157,.T.);
#1324=ORIENTED_EDGE('',*,*,#3158,.T.);
#1325=ORIENTED_EDGE('',*,*,#3159,.T.);
#1326=ORIENTED_EDGE('',*,*,#3160,.T.);
#1327=ORIENTED_EDGE('',*,*,#3161,.T.);
#1328=ORIENTED_EDGE('',*,*,#3162,.T.);
#1329=ORIENTED_EDGE('',*,*,#3163,.T.);
#1330=ORIENTED_EDGE('',*,*,#3164,.T.);
#1331=ORIENTED_EDGE('',*,*,#3165,.T.);
#1332=ORIENTED_EDGE('',*,*,#3166,.T.);
#1333=ORIENTED_EDGE('',*,*,#3167,.F.);
#1334=ORIENTED_EDGE('',*,*,#3168,.F.);
#1335=ORIENTED_EDGE('',*,*,#3169,.T.);
#1336=ORIENTED_EDGE('',*,*,#3170,.T.);
#1337=ORIENTED_EDGE('',*,*,#3171,.T.);
#1338=ORIENTED_EDGE('',*,*,#3172,.T.);
#1339=ORIENTED_EDGE('',*,*,#3173,.F.);
#1340=ORIENTED_EDGE('',*,*,#3174,.F.);
#1341=ORIENTED_EDGE('',*,*,#3175,.F.);
#1342=ORIENTED_EDGE('',*,*,#3176,.T.);
#1343=ORIENTED_EDGE('',*,*,#3177,.T.);
#1344=ORIENTED_EDGE('',*,*,#3178,.T.);
#1345=ORIENTED_EDGE('',*,*,#3179,.F.);
#1346=ORIENTED_EDGE('',*,*,#3110,.F.);
#1347=ORIENTED_EDGE('',*,*,#3180,.T.);
#1348=ORIENTED_EDGE('',*,*,#3168,.T.);
#1349=ORIENTED_EDGE('',*,*,#3181,.T.);
#1350=ORIENTED_EDGE('',*,*,#3170,.F.);
#1351=ORIENTED_EDGE('',*,*,#3182,.F.);
#1352=ORIENTED_EDGE('',*,*,#3108,.T.);
#1353=ORIENTED_EDGE('',*,*,#3183,.F.);
#1354=ORIENTED_EDGE('',*,*,#3184,.T.);
#1355=ORIENTED_EDGE('',*,*,#3185,.F.);
#1356=ORIENTED_EDGE('',*,*,#3186,.T.);
#1357=ORIENTED_EDGE('',*,*,#3187,.F.);
#1358=ORIENTED_EDGE('',*,*,#3188,.T.);
#1359=ORIENTED_EDGE('',*,*,#3189,.F.);
#1360=ORIENTED_EDGE('',*,*,#3190,.T.);
#1361=ORIENTED_EDGE('',*,*,#3189,.T.);
#1362=ORIENTED_EDGE('',*,*,#3187,.T.);
#1363=ORIENTED_EDGE('',*,*,#3185,.T.);
#1364=ORIENTED_EDGE('',*,*,#3183,.T.);
#1365=ORIENTED_EDGE('',*,*,#3179,.T.);
#1366=ORIENTED_EDGE('',*,*,#3167,.T.);
#1367=ORIENTED_EDGE('',*,*,#3181,.F.);
#1368=ORIENTED_EDGE('',*,*,#3107,.F.);
#1369=ORIENTED_EDGE('',*,*,#3191,.F.);
#1370=ORIENTED_EDGE('',*,*,#3192,.F.);
#1371=ORIENTED_EDGE('',*,*,#3193,.F.);
#1372=ORIENTED_EDGE('',*,*,#3194,.T.);
#1373=ORIENTED_EDGE('',*,*,#3195,.T.);
#1374=ORIENTED_EDGE('',*,*,#3177,.F.);
#1375=ORIENTED_EDGE('',*,*,#3196,.T.);
#1376=ORIENTED_EDGE('',*,*,#3197,.T.);
#1377=ORIENTED_EDGE('',*,*,#3198,.T.);
#1378=ORIENTED_EDGE('',*,*,#3199,.F.);
#1379=ORIENTED_EDGE('',*,*,#3200,.F.);
#1380=ORIENTED_EDGE('',*,*,#3193,.T.);
#1381=ORIENTED_EDGE('',*,*,#3201,.T.);
#1382=ORIENTED_EDGE('',*,*,#3202,.T.);
#1383=ORIENTED_EDGE('',*,*,#3203,.F.);
#1384=ORIENTED_EDGE('',*,*,#3204,.F.);
#1385=ORIENTED_EDGE('',*,*,#3175,.T.);
#1386=ORIENTED_EDGE('',*,*,#3205,.F.);
#1387=ORIENTED_EDGE('',*,*,#3206,.F.);
#1388=ORIENTED_EDGE('',*,*,#3199,.T.);
#1389=ORIENTED_EDGE('',*,*,#3178,.F.);
#1390=ORIENTED_EDGE('',*,*,#3195,.F.);
#1391=ORIENTED_EDGE('',*,*,#3207,.T.);
#1392=ORIENTED_EDGE('',*,*,#3205,.T.);
#1393=ORIENTED_EDGE('',*,*,#3194,.F.);
#1394=ORIENTED_EDGE('',*,*,#3200,.T.);
#1395=ORIENTED_EDGE('',*,*,#3206,.T.);
#1396=ORIENTED_EDGE('',*,*,#3207,.F.);
#1397=ORIENTED_EDGE('',*,*,#3190,.F.);
#1398=ORIENTED_EDGE('',*,*,#3188,.F.);
#1399=ORIENTED_EDGE('',*,*,#3186,.F.);
#1400=ORIENTED_EDGE('',*,*,#3184,.F.);
#1401=ORIENTED_EDGE('',*,*,#3180,.F.);
#1402=ORIENTED_EDGE('',*,*,#3109,.T.);
#1403=ORIENTED_EDGE('',*,*,#3182,.T.);
#1404=ORIENTED_EDGE('',*,*,#3169,.F.);
#1405=ORIENTED_EDGE('',*,*,#3208,.F.);
#1406=ORIENTED_EDGE('',*,*,#3201,.F.);
#1407=ORIENTED_EDGE('',*,*,#3198,.F.);
#1408=ORIENTED_EDGE('',*,*,#3192,.T.);
#1409=ORIENTED_EDGE('',*,*,#3209,.T.);
#1410=ORIENTED_EDGE('',*,*,#3203,.T.);
#1411=ORIENTED_EDGE('',*,*,#3210,.F.);
#1412=ORIENTED_EDGE('',*,*,#3172,.F.);
#1413=ORIENTED_EDGE('',*,*,#3211,.T.);
#1414=ORIENTED_EDGE('',*,*,#3111,.F.);
#1415=ORIENTED_EDGE('',*,*,#3212,.F.);
#1416=ORIENTED_EDGE('',*,*,#3197,.F.);
#1417=ORIENTED_EDGE('',*,*,#3173,.T.);
#1418=ORIENTED_EDGE('',*,*,#3210,.T.);
#1419=ORIENTED_EDGE('',*,*,#3202,.F.);
#1420=ORIENTED_EDGE('',*,*,#3208,.T.);
#1421=ORIENTED_EDGE('',*,*,#3191,.T.);
#1422=ORIENTED_EDGE('',*,*,#3212,.T.);
#1423=ORIENTED_EDGE('',*,*,#3114,.T.);
#1424=ORIENTED_EDGE('',*,*,#3213,.F.);
#1425=ORIENTED_EDGE('',*,*,#3174,.T.);
#1426=ORIENTED_EDGE('',*,*,#3213,.T.);
#1427=ORIENTED_EDGE('',*,*,#3113,.T.);
#1428=ORIENTED_EDGE('',*,*,#3214,.F.);
#1429=ORIENTED_EDGE('',*,*,#3214,.T.);
#1430=ORIENTED_EDGE('',*,*,#3112,.F.);
#1431=ORIENTED_EDGE('',*,*,#3211,.F.);
#1432=ORIENTED_EDGE('',*,*,#3196,.F.);
#1433=ORIENTED_EDGE('',*,*,#3176,.F.);
#1434=ORIENTED_EDGE('',*,*,#3204,.T.);
#1435=ORIENTED_EDGE('',*,*,#3209,.F.);
#1436=ORIENTED_EDGE('',*,*,#3171,.F.);
#1437=ORIENTED_EDGE('',*,*,#3091,.F.);
#1438=ORIENTED_EDGE('',*,*,#3215,.F.);
#1439=ORIENTED_EDGE('',*,*,#3216,.T.);
#1440=ORIENTED_EDGE('',*,*,#3217,.T.);
#1441=ORIENTED_EDGE('',*,*,#3106,.F.);
#1442=ORIENTED_EDGE('',*,*,#3218,.F.);
#1443=ORIENTED_EDGE('',*,*,#3219,.T.);
#1444=ORIENTED_EDGE('',*,*,#3215,.T.);
#1445=ORIENTED_EDGE('',*,*,#3105,.F.);
#1446=ORIENTED_EDGE('',*,*,#3220,.F.);
#1447=ORIENTED_EDGE('',*,*,#3221,.T.);
#1448=ORIENTED_EDGE('',*,*,#3218,.T.);
#1449=ORIENTED_EDGE('',*,*,#3104,.F.);
#1450=ORIENTED_EDGE('',*,*,#3222,.F.);
#1451=ORIENTED_EDGE('',*,*,#3223,.T.);
#1452=ORIENTED_EDGE('',*,*,#3220,.T.);
#1453=ORIENTED_EDGE('',*,*,#3103,.F.);
#1454=ORIENTED_EDGE('',*,*,#3224,.F.);
#1455=ORIENTED_EDGE('',*,*,#3225,.T.);
#1456=ORIENTED_EDGE('',*,*,#3222,.T.);
#1457=ORIENTED_EDGE('',*,*,#3102,.F.);
#1458=ORIENTED_EDGE('',*,*,#3226,.F.);
#1459=ORIENTED_EDGE('',*,*,#3227,.T.);
#1460=ORIENTED_EDGE('',*,*,#3224,.T.);
#1461=ORIENTED_EDGE('',*,*,#3101,.F.);
#1462=ORIENTED_EDGE('',*,*,#3228,.F.);
#1463=ORIENTED_EDGE('',*,*,#3229,.T.);
#1464=ORIENTED_EDGE('',*,*,#3226,.T.);
#1465=ORIENTED_EDGE('',*,*,#3100,.F.);
#1466=ORIENTED_EDGE('',*,*,#3230,.F.);
#1467=ORIENTED_EDGE('',*,*,#3231,.T.);
#1468=ORIENTED_EDGE('',*,*,#3228,.T.);
#1469=ORIENTED_EDGE('',*,*,#3099,.F.);
#1470=ORIENTED_EDGE('',*,*,#3232,.F.);
#1471=ORIENTED_EDGE('',*,*,#3233,.T.);
#1472=ORIENTED_EDGE('',*,*,#3230,.T.);
#1473=ORIENTED_EDGE('',*,*,#3098,.F.);
#1474=ORIENTED_EDGE('',*,*,#3234,.F.);
#1475=ORIENTED_EDGE('',*,*,#3235,.T.);
#1476=ORIENTED_EDGE('',*,*,#3232,.T.);
#1477=ORIENTED_EDGE('',*,*,#3097,.F.);
#1478=ORIENTED_EDGE('',*,*,#3236,.F.);
#1479=ORIENTED_EDGE('',*,*,#3237,.T.);
#1480=ORIENTED_EDGE('',*,*,#3234,.T.);
#1481=ORIENTED_EDGE('',*,*,#3096,.F.);
#1482=ORIENTED_EDGE('',*,*,#3238,.F.);
#1483=ORIENTED_EDGE('',*,*,#3239,.T.);
#1484=ORIENTED_EDGE('',*,*,#3236,.T.);
#1485=ORIENTED_EDGE('',*,*,#3095,.F.);
#1486=ORIENTED_EDGE('',*,*,#3240,.F.);
#1487=ORIENTED_EDGE('',*,*,#3241,.T.);
#1488=ORIENTED_EDGE('',*,*,#3238,.T.);
#1489=ORIENTED_EDGE('',*,*,#3094,.F.);
#1490=ORIENTED_EDGE('',*,*,#3242,.F.);
#1491=ORIENTED_EDGE('',*,*,#3243,.T.);
#1492=ORIENTED_EDGE('',*,*,#3240,.T.);
#1493=ORIENTED_EDGE('',*,*,#3093,.F.);
#1494=ORIENTED_EDGE('',*,*,#3244,.F.);
#1495=ORIENTED_EDGE('',*,*,#3245,.T.);
#1496=ORIENTED_EDGE('',*,*,#3242,.T.);
#1497=ORIENTED_EDGE('',*,*,#3092,.F.);
#1498=ORIENTED_EDGE('',*,*,#3217,.F.);
#1499=ORIENTED_EDGE('',*,*,#3246,.T.);
#1500=ORIENTED_EDGE('',*,*,#3244,.T.);
#1501=ORIENTED_EDGE('',*,*,#3216,.F.);
#1502=ORIENTED_EDGE('',*,*,#3219,.F.);
#1503=ORIENTED_EDGE('',*,*,#3221,.F.);
#1504=ORIENTED_EDGE('',*,*,#3223,.F.);
#1505=ORIENTED_EDGE('',*,*,#3225,.F.);
#1506=ORIENTED_EDGE('',*,*,#3227,.F.);
#1507=ORIENTED_EDGE('',*,*,#3229,.F.);
#1508=ORIENTED_EDGE('',*,*,#3231,.F.);
#1509=ORIENTED_EDGE('',*,*,#3233,.F.);
#1510=ORIENTED_EDGE('',*,*,#3235,.F.);
#1511=ORIENTED_EDGE('',*,*,#3237,.F.);
#1512=ORIENTED_EDGE('',*,*,#3239,.F.);
#1513=ORIENTED_EDGE('',*,*,#3241,.F.);
#1514=ORIENTED_EDGE('',*,*,#3243,.F.);
#1515=ORIENTED_EDGE('',*,*,#3245,.F.);
#1516=ORIENTED_EDGE('',*,*,#3246,.F.);
#1517=ORIENTED_EDGE('',*,*,#3115,.F.);
#1518=ORIENTED_EDGE('',*,*,#3247,.F.);
#1519=ORIENTED_EDGE('',*,*,#3248,.T.);
#1520=ORIENTED_EDGE('',*,*,#3249,.T.);
#1521=ORIENTED_EDGE('',*,*,#3126,.F.);
#1522=ORIENTED_EDGE('',*,*,#3250,.F.);
#1523=ORIENTED_EDGE('',*,*,#3251,.T.);
#1524=ORIENTED_EDGE('',*,*,#3247,.T.);
#1525=ORIENTED_EDGE('',*,*,#3125,.F.);
#1526=ORIENTED_EDGE('',*,*,#3252,.F.);
#1527=ORIENTED_EDGE('',*,*,#3253,.T.);
#1528=ORIENTED_EDGE('',*,*,#3250,.T.);
#1529=ORIENTED_EDGE('',*,*,#3124,.F.);
#1530=ORIENTED_EDGE('',*,*,#3254,.F.);
#1531=ORIENTED_EDGE('',*,*,#3255,.T.);
#1532=ORIENTED_EDGE('',*,*,#3252,.T.);
#1533=ORIENTED_EDGE('',*,*,#3123,.F.);
#1534=ORIENTED_EDGE('',*,*,#3256,.F.);
#1535=ORIENTED_EDGE('',*,*,#3257,.T.);
#1536=ORIENTED_EDGE('',*,*,#3254,.T.);
#1537=ORIENTED_EDGE('',*,*,#3122,.F.);
#1538=ORIENTED_EDGE('',*,*,#3258,.F.);
#1539=ORIENTED_EDGE('',*,*,#3259,.T.);
#1540=ORIENTED_EDGE('',*,*,#3256,.T.);
#1541=ORIENTED_EDGE('',*,*,#3121,.F.);
#1542=ORIENTED_EDGE('',*,*,#3260,.F.);
#1543=ORIENTED_EDGE('',*,*,#3261,.T.);
#1544=ORIENTED_EDGE('',*,*,#3258,.T.);
#1545=ORIENTED_EDGE('',*,*,#3120,.F.);
#1546=ORIENTED_EDGE('',*,*,#3262,.F.);
#1547=ORIENTED_EDGE('',*,*,#3263,.T.);
#1548=ORIENTED_EDGE('',*,*,#3260,.T.);
#1549=ORIENTED_EDGE('',*,*,#3119,.F.);
#1550=ORIENTED_EDGE('',*,*,#3264,.F.);
#1551=ORIENTED_EDGE('',*,*,#3265,.T.);
#1552=ORIENTED_EDGE('',*,*,#3262,.T.);
#1553=ORIENTED_EDGE('',*,*,#3118,.F.);
#1554=ORIENTED_EDGE('',*,*,#3266,.F.);
#1555=ORIENTED_EDGE('',*,*,#3267,.T.);
#1556=ORIENTED_EDGE('',*,*,#3264,.T.);
#1557=ORIENTED_EDGE('',*,*,#3117,.F.);
#1558=ORIENTED_EDGE('',*,*,#3268,.F.);
#1559=ORIENTED_EDGE('',*,*,#3269,.T.);
#1560=ORIENTED_EDGE('',*,*,#3266,.T.);
#1561=ORIENTED_EDGE('',*,*,#3116,.F.);
#1562=ORIENTED_EDGE('',*,*,#3249,.F.);
#1563=ORIENTED_EDGE('',*,*,#3270,.T.);
#1564=ORIENTED_EDGE('',*,*,#3268,.T.);
#1565=ORIENTED_EDGE('',*,*,#3248,.F.);
#1566=ORIENTED_EDGE('',*,*,#3251,.F.);
#1567=ORIENTED_EDGE('',*,*,#3253,.F.);
#1568=ORIENTED_EDGE('',*,*,#3255,.F.);
#1569=ORIENTED_EDGE('',*,*,#3257,.F.);
#1570=ORIENTED_EDGE('',*,*,#3259,.F.);
#1571=ORIENTED_EDGE('',*,*,#3261,.F.);
#1572=ORIENTED_EDGE('',*,*,#3263,.F.);
#1573=ORIENTED_EDGE('',*,*,#3265,.F.);
#1574=ORIENTED_EDGE('',*,*,#3267,.F.);
#1575=ORIENTED_EDGE('',*,*,#3269,.F.);
#1576=ORIENTED_EDGE('',*,*,#3270,.F.);
#1577=ORIENTED_EDGE('',*,*,#3075,.F.);
#1578=ORIENTED_EDGE('',*,*,#3271,.F.);
#1579=ORIENTED_EDGE('',*,*,#3272,.T.);
#1580=ORIENTED_EDGE('',*,*,#3273,.T.);
#1581=ORIENTED_EDGE('',*,*,#3090,.F.);
#1582=ORIENTED_EDGE('',*,*,#3274,.F.);
#1583=ORIENTED_EDGE('',*,*,#3275,.T.);
#1584=ORIENTED_EDGE('',*,*,#3271,.T.);
#1585=ORIENTED_EDGE('',*,*,#3089,.F.);
#1586=ORIENTED_EDGE('',*,*,#3276,.F.);
#1587=ORIENTED_EDGE('',*,*,#3277,.T.);
#1588=ORIENTED_EDGE('',*,*,#3274,.T.);
#1589=ORIENTED_EDGE('',*,*,#3088,.F.);
#1590=ORIENTED_EDGE('',*,*,#3278,.F.);
#1591=ORIENTED_EDGE('',*,*,#3279,.T.);
#1592=ORIENTED_EDGE('',*,*,#3276,.T.);
#1593=ORIENTED_EDGE('',*,*,#3087,.F.);
#1594=ORIENTED_EDGE('',*,*,#3280,.F.);
#1595=ORIENTED_EDGE('',*,*,#3281,.T.);
#1596=ORIENTED_EDGE('',*,*,#3278,.T.);
#1597=ORIENTED_EDGE('',*,*,#3086,.F.);
#1598=ORIENTED_EDGE('',*,*,#3282,.F.);
#1599=ORIENTED_EDGE('',*,*,#3283,.T.);
#1600=ORIENTED_EDGE('',*,*,#3280,.T.);
#1601=ORIENTED_EDGE('',*,*,#3085,.F.);
#1602=ORIENTED_EDGE('',*,*,#3284,.F.);
#1603=ORIENTED_EDGE('',*,*,#3285,.T.);
#1604=ORIENTED_EDGE('',*,*,#3282,.T.);
#1605=ORIENTED_EDGE('',*,*,#3084,.F.);
#1606=ORIENTED_EDGE('',*,*,#3286,.F.);
#1607=ORIENTED_EDGE('',*,*,#3287,.T.);
#1608=ORIENTED_EDGE('',*,*,#3284,.T.);
#1609=ORIENTED_EDGE('',*,*,#3083,.F.);
#1610=ORIENTED_EDGE('',*,*,#3288,.F.);
#1611=ORIENTED_EDGE('',*,*,#3289,.T.);
#1612=ORIENTED_EDGE('',*,*,#3286,.T.);
#1613=ORIENTED_EDGE('',*,*,#3082,.F.);
#1614=ORIENTED_EDGE('',*,*,#3290,.F.);
#1615=ORIENTED_EDGE('',*,*,#3291,.T.);
#1616=ORIENTED_EDGE('',*,*,#3288,.T.);
#1617=ORIENTED_EDGE('',*,*,#3081,.F.);
#1618=ORIENTED_EDGE('',*,*,#3292,.F.);
#1619=ORIENTED_EDGE('',*,*,#3293,.T.);
#1620=ORIENTED_EDGE('',*,*,#3290,.T.);
#1621=ORIENTED_EDGE('',*,*,#3080,.F.);
#1622=ORIENTED_EDGE('',*,*,#3294,.F.);
#1623=ORIENTED_EDGE('',*,*,#3295,.T.);
#1624=ORIENTED_EDGE('',*,*,#3292,.T.);
#1625=ORIENTED_EDGE('',*,*,#3079,.F.);
#1626=ORIENTED_EDGE('',*,*,#3296,.F.);
#1627=ORIENTED_EDGE('',*,*,#3297,.T.);
#1628=ORIENTED_EDGE('',*,*,#3294,.T.);
#1629=ORIENTED_EDGE('',*,*,#3078,.F.);
#1630=ORIENTED_EDGE('',*,*,#3298,.F.);
#1631=ORIENTED_EDGE('',*,*,#3299,.T.);
#1632=ORIENTED_EDGE('',*,*,#3296,.T.);
#1633=ORIENTED_EDGE('',*,*,#3077,.F.);
#1634=ORIENTED_EDGE('',*,*,#3300,.F.);
#1635=ORIENTED_EDGE('',*,*,#3301,.T.);
#1636=ORIENTED_EDGE('',*,*,#3298,.T.);
#1637=ORIENTED_EDGE('',*,*,#3076,.F.);
#1638=ORIENTED_EDGE('',*,*,#3273,.F.);
#1639=ORIENTED_EDGE('',*,*,#3302,.T.);
#1640=ORIENTED_EDGE('',*,*,#3300,.T.);
#1641=ORIENTED_EDGE('',*,*,#3272,.F.);
#1642=ORIENTED_EDGE('',*,*,#3275,.F.);
#1643=ORIENTED_EDGE('',*,*,#3277,.F.);
#1644=ORIENTED_EDGE('',*,*,#3279,.F.);
#1645=ORIENTED_EDGE('',*,*,#3281,.F.);
#1646=ORIENTED_EDGE('',*,*,#3283,.F.);
#1647=ORIENTED_EDGE('',*,*,#3285,.F.);
#1648=ORIENTED_EDGE('',*,*,#3287,.F.);
#1649=ORIENTED_EDGE('',*,*,#3289,.F.);
#1650=ORIENTED_EDGE('',*,*,#3291,.F.);
#1651=ORIENTED_EDGE('',*,*,#3293,.F.);
#1652=ORIENTED_EDGE('',*,*,#3295,.F.);
#1653=ORIENTED_EDGE('',*,*,#3297,.F.);
#1654=ORIENTED_EDGE('',*,*,#3299,.F.);
#1655=ORIENTED_EDGE('',*,*,#3301,.F.);
#1656=ORIENTED_EDGE('',*,*,#3302,.F.);
#1657=ORIENTED_EDGE('',*,*,#3127,.F.);
#1658=ORIENTED_EDGE('',*,*,#3303,.F.);
#1659=ORIENTED_EDGE('',*,*,#3304,.T.);
#1660=ORIENTED_EDGE('',*,*,#3305,.T.);
#1661=ORIENTED_EDGE('',*,*,#3138,.F.);
#1662=ORIENTED_EDGE('',*,*,#3306,.F.);
#1663=ORIENTED_EDGE('',*,*,#3307,.T.);
#1664=ORIENTED_EDGE('',*,*,#3303,.T.);
#1665=ORIENTED_EDGE('',*,*,#3137,.F.);
#1666=ORIENTED_EDGE('',*,*,#3308,.F.);
#1667=ORIENTED_EDGE('',*,*,#3309,.T.);
#1668=ORIENTED_EDGE('',*,*,#3306,.T.);
#1669=ORIENTED_EDGE('',*,*,#3136,.F.);
#1670=ORIENTED_EDGE('',*,*,#3310,.F.);
#1671=ORIENTED_EDGE('',*,*,#3311,.T.);
#1672=ORIENTED_EDGE('',*,*,#3308,.T.);
#1673=ORIENTED_EDGE('',*,*,#3135,.F.);
#1674=ORIENTED_EDGE('',*,*,#3312,.F.);
#1675=ORIENTED_EDGE('',*,*,#3313,.T.);
#1676=ORIENTED_EDGE('',*,*,#3310,.T.);
#1677=ORIENTED_EDGE('',*,*,#3134,.F.);
#1678=ORIENTED_EDGE('',*,*,#3314,.F.);
#1679=ORIENTED_EDGE('',*,*,#3315,.T.);
#1680=ORIENTED_EDGE('',*,*,#3312,.T.);
#1681=ORIENTED_EDGE('',*,*,#3133,.F.);
#1682=ORIENTED_EDGE('',*,*,#3316,.F.);
#1683=ORIENTED_EDGE('',*,*,#3317,.T.);
#1684=ORIENTED_EDGE('',*,*,#3314,.T.);
#1685=ORIENTED_EDGE('',*,*,#3132,.F.);
#1686=ORIENTED_EDGE('',*,*,#3318,.F.);
#1687=ORIENTED_EDGE('',*,*,#3319,.T.);
#1688=ORIENTED_EDGE('',*,*,#3316,.T.);
#1689=ORIENTED_EDGE('',*,*,#3131,.F.);
#1690=ORIENTED_EDGE('',*,*,#3320,.F.);
#1691=ORIENTED_EDGE('',*,*,#3321,.T.);
#1692=ORIENTED_EDGE('',*,*,#3318,.T.);
#1693=ORIENTED_EDGE('',*,*,#3130,.F.);
#1694=ORIENTED_EDGE('',*,*,#3322,.F.);
#1695=ORIENTED_EDGE('',*,*,#3323,.T.);
#1696=ORIENTED_EDGE('',*,*,#3320,.T.);
#1697=ORIENTED_EDGE('',*,*,#3129,.F.);
#1698=ORIENTED_EDGE('',*,*,#3324,.F.);
#1699=ORIENTED_EDGE('',*,*,#3325,.T.);
#1700=ORIENTED_EDGE('',*,*,#3322,.T.);
#1701=ORIENTED_EDGE('',*,*,#3128,.F.);
#1702=ORIENTED_EDGE('',*,*,#3305,.F.);
#1703=ORIENTED_EDGE('',*,*,#3326,.T.);
#1704=ORIENTED_EDGE('',*,*,#3324,.T.);
#1705=ORIENTED_EDGE('',*,*,#3304,.F.);
#1706=ORIENTED_EDGE('',*,*,#3307,.F.);
#1707=ORIENTED_EDGE('',*,*,#3309,.F.);
#1708=ORIENTED_EDGE('',*,*,#3311,.F.);
#1709=ORIENTED_EDGE('',*,*,#3313,.F.);
#1710=ORIENTED_EDGE('',*,*,#3315,.F.);
#1711=ORIENTED_EDGE('',*,*,#3317,.F.);
#1712=ORIENTED_EDGE('',*,*,#3319,.F.);
#1713=ORIENTED_EDGE('',*,*,#3321,.F.);
#1714=ORIENTED_EDGE('',*,*,#3323,.F.);
#1715=ORIENTED_EDGE('',*,*,#3325,.F.);
#1716=ORIENTED_EDGE('',*,*,#3326,.F.);
#1717=ORIENTED_EDGE('',*,*,#3060,.F.);
#1718=ORIENTED_EDGE('',*,*,#3327,.F.);
#1719=ORIENTED_EDGE('',*,*,#3328,.T.);
#1720=ORIENTED_EDGE('',*,*,#3329,.T.);
#1721=ORIENTED_EDGE('',*,*,#3074,.F.);
#1722=ORIENTED_EDGE('',*,*,#3330,.F.);
#1723=ORIENTED_EDGE('',*,*,#3331,.T.);
#1724=ORIENTED_EDGE('',*,*,#3327,.T.);
#1725=ORIENTED_EDGE('',*,*,#3073,.F.);
#1726=ORIENTED_EDGE('',*,*,#3332,.F.);
#1727=ORIENTED_EDGE('',*,*,#3333,.T.);
#1728=ORIENTED_EDGE('',*,*,#3330,.T.);
#1729=ORIENTED_EDGE('',*,*,#3072,.F.);
#1730=ORIENTED_EDGE('',*,*,#3334,.F.);
#1731=ORIENTED_EDGE('',*,*,#3335,.T.);
#1732=ORIENTED_EDGE('',*,*,#3332,.T.);
#1733=ORIENTED_EDGE('',*,*,#3071,.F.);
#1734=ORIENTED_EDGE('',*,*,#3336,.F.);
#1735=ORIENTED_EDGE('',*,*,#3337,.T.);
#1736=ORIENTED_EDGE('',*,*,#3334,.T.);
#1737=ORIENTED_EDGE('',*,*,#3070,.F.);
#1738=ORIENTED_EDGE('',*,*,#3338,.F.);
#1739=ORIENTED_EDGE('',*,*,#3339,.T.);
#1740=ORIENTED_EDGE('',*,*,#3336,.T.);
#1741=ORIENTED_EDGE('',*,*,#3069,.F.);
#1742=ORIENTED_EDGE('',*,*,#3340,.F.);
#1743=ORIENTED_EDGE('',*,*,#3341,.T.);
#1744=ORIENTED_EDGE('',*,*,#3338,.T.);
#1745=ORIENTED_EDGE('',*,*,#3068,.F.);
#1746=ORIENTED_EDGE('',*,*,#3342,.F.);
#1747=ORIENTED_EDGE('',*,*,#3343,.T.);
#1748=ORIENTED_EDGE('',*,*,#3340,.T.);
#1749=ORIENTED_EDGE('',*,*,#3067,.F.);
#1750=ORIENTED_EDGE('',*,*,#3344,.F.);
#1751=ORIENTED_EDGE('',*,*,#3345,.T.);
#1752=ORIENTED_EDGE('',*,*,#3342,.T.);
#1753=ORIENTED_EDGE('',*,*,#3066,.F.);
#1754=ORIENTED_EDGE('',*,*,#3346,.F.);
#1755=ORIENTED_EDGE('',*,*,#3347,.T.);
#1756=ORIENTED_EDGE('',*,*,#3344,.T.);
#1757=ORIENTED_EDGE('',*,*,#3065,.F.);
#1758=ORIENTED_EDGE('',*,*,#3348,.F.);
#1759=ORIENTED_EDGE('',*,*,#3349,.T.);
#1760=ORIENTED_EDGE('',*,*,#3346,.T.);
#1761=ORIENTED_EDGE('',*,*,#3064,.F.);
#1762=ORIENTED_EDGE('',*,*,#3350,.F.);
#1763=ORIENTED_EDGE('',*,*,#3351,.T.);
#1764=ORIENTED_EDGE('',*,*,#3348,.T.);
#1765=ORIENTED_EDGE('',*,*,#3063,.F.);
#1766=ORIENTED_EDGE('',*,*,#3352,.F.);
#1767=ORIENTED_EDGE('',*,*,#3353,.T.);
#1768=ORIENTED_EDGE('',*,*,#3350,.T.);
#1769=ORIENTED_EDGE('',*,*,#3062,.F.);
#1770=ORIENTED_EDGE('',*,*,#3354,.F.);
#1771=ORIENTED_EDGE('',*,*,#3355,.T.);
#1772=ORIENTED_EDGE('',*,*,#3352,.T.);
#1773=ORIENTED_EDGE('',*,*,#3061,.F.);
#1774=ORIENTED_EDGE('',*,*,#3329,.F.);
#1775=ORIENTED_EDGE('',*,*,#3356,.T.);
#1776=ORIENTED_EDGE('',*,*,#3354,.T.);
#1777=ORIENTED_EDGE('',*,*,#3328,.F.);
#1778=ORIENTED_EDGE('',*,*,#3331,.F.);
#1779=ORIENTED_EDGE('',*,*,#3333,.F.);
#1780=ORIENTED_EDGE('',*,*,#3335,.F.);
#1781=ORIENTED_EDGE('',*,*,#3337,.F.);
#1782=ORIENTED_EDGE('',*,*,#3339,.F.);
#1783=ORIENTED_EDGE('',*,*,#3341,.F.);
#1784=ORIENTED_EDGE('',*,*,#3343,.F.);
#1785=ORIENTED_EDGE('',*,*,#3345,.F.);
#1786=ORIENTED_EDGE('',*,*,#3347,.F.);
#1787=ORIENTED_EDGE('',*,*,#3349,.F.);
#1788=ORIENTED_EDGE('',*,*,#3351,.F.);
#1789=ORIENTED_EDGE('',*,*,#3353,.F.);
#1790=ORIENTED_EDGE('',*,*,#3355,.F.);
#1791=ORIENTED_EDGE('',*,*,#3356,.F.);
#1792=ORIENTED_EDGE('',*,*,#3139,.F.);
#1793=ORIENTED_EDGE('',*,*,#3357,.F.);
#1794=ORIENTED_EDGE('',*,*,#3358,.T.);
#1795=ORIENTED_EDGE('',*,*,#3359,.T.);
#1796=ORIENTED_EDGE('',*,*,#3166,.F.);
#1797=ORIENTED_EDGE('',*,*,#3360,.F.);
#1798=ORIENTED_EDGE('',*,*,#3361,.T.);
#1799=ORIENTED_EDGE('',*,*,#3357,.T.);
#1800=ORIENTED_EDGE('',*,*,#3165,.F.);
#1801=ORIENTED_EDGE('',*,*,#3362,.F.);
#1802=ORIENTED_EDGE('',*,*,#3363,.T.);
#1803=ORIENTED_EDGE('',*,*,#3360,.T.);
#1804=ORIENTED_EDGE('',*,*,#3164,.F.);
#1805=ORIENTED_EDGE('',*,*,#3364,.F.);
#1806=ORIENTED_EDGE('',*,*,#3365,.T.);
#1807=ORIENTED_EDGE('',*,*,#3362,.T.);
#1808=ORIENTED_EDGE('',*,*,#3163,.F.);
#1809=ORIENTED_EDGE('',*,*,#3366,.F.);
#1810=ORIENTED_EDGE('',*,*,#3367,.T.);
#1811=ORIENTED_EDGE('',*,*,#3364,.T.);
#1812=ORIENTED_EDGE('',*,*,#3162,.F.);
#1813=ORIENTED_EDGE('',*,*,#3368,.F.);
#1814=ORIENTED_EDGE('',*,*,#3369,.T.);
#1815=ORIENTED_EDGE('',*,*,#3366,.T.);
#1816=ORIENTED_EDGE('',*,*,#3161,.F.);
#1817=ORIENTED_EDGE('',*,*,#3370,.F.);
#1818=ORIENTED_EDGE('',*,*,#3371,.T.);
#1819=ORIENTED_EDGE('',*,*,#3368,.T.);
#1820=ORIENTED_EDGE('',*,*,#3160,.F.);
#1821=ORIENTED_EDGE('',*,*,#3372,.F.);
#1822=ORIENTED_EDGE('',*,*,#3373,.T.);
#1823=ORIENTED_EDGE('',*,*,#3370,.T.);
#1824=ORIENTED_EDGE('',*,*,#3159,.F.);
#1825=ORIENTED_EDGE('',*,*,#3374,.F.);
#1826=ORIENTED_EDGE('',*,*,#3375,.T.);
#1827=ORIENTED_EDGE('',*,*,#3372,.T.);
#1828=ORIENTED_EDGE('',*,*,#3158,.F.);
#1829=ORIENTED_EDGE('',*,*,#3376,.F.);
#1830=ORIENTED_EDGE('',*,*,#3377,.T.);
#1831=ORIENTED_EDGE('',*,*,#3374,.T.);
#1832=ORIENTED_EDGE('',*,*,#3157,.F.);
#1833=ORIENTED_EDGE('',*,*,#3378,.F.);
#1834=ORIENTED_EDGE('',*,*,#3379,.T.);
#1835=ORIENTED_EDGE('',*,*,#3376,.T.);
#1836=ORIENTED_EDGE('',*,*,#3156,.F.);
#1837=ORIENTED_EDGE('',*,*,#3380,.F.);
#1838=ORIENTED_EDGE('',*,*,#3381,.T.);
#1839=ORIENTED_EDGE('',*,*,#3378,.T.);
#1840=ORIENTED_EDGE('',*,*,#3155,.F.);
#1841=ORIENTED_EDGE('',*,*,#3382,.F.);
#1842=ORIENTED_EDGE('',*,*,#3383,.T.);
#1843=ORIENTED_EDGE('',*,*,#3380,.T.);
#1844=ORIENTED_EDGE('',*,*,#3154,.F.);
#1845=ORIENTED_EDGE('',*,*,#3384,.F.);
#1846=ORIENTED_EDGE('',*,*,#3385,.T.);
#1847=ORIENTED_EDGE('',*,*,#3382,.T.);
#1848=ORIENTED_EDGE('',*,*,#3153,.F.);
#1849=ORIENTED_EDGE('',*,*,#3386,.F.);
#1850=ORIENTED_EDGE('',*,*,#3387,.T.);
#1851=ORIENTED_EDGE('',*,*,#3384,.T.);
#1852=ORIENTED_EDGE('',*,*,#3152,.F.);
#1853=ORIENTED_EDGE('',*,*,#3388,.F.);
#1854=ORIENTED_EDGE('',*,*,#3389,.T.);
#1855=ORIENTED_EDGE('',*,*,#3386,.T.);
#1856=ORIENTED_EDGE('',*,*,#3151,.F.);
#1857=ORIENTED_EDGE('',*,*,#3390,.F.);
#1858=ORIENTED_EDGE('',*,*,#3391,.T.);
#1859=ORIENTED_EDGE('',*,*,#3388,.T.);
#1860=ORIENTED_EDGE('',*,*,#3150,.F.);
#1861=ORIENTED_EDGE('',*,*,#3392,.F.);
#1862=ORIENTED_EDGE('',*,*,#3393,.T.);
#1863=ORIENTED_EDGE('',*,*,#3390,.T.);
#1864=ORIENTED_EDGE('',*,*,#3149,.F.);
#1865=ORIENTED_EDGE('',*,*,#3394,.F.);
#1866=ORIENTED_EDGE('',*,*,#3395,.T.);
#1867=ORIENTED_EDGE('',*,*,#3392,.T.);
#1868=ORIENTED_EDGE('',*,*,#3148,.F.);
#1869=ORIENTED_EDGE('',*,*,#3396,.F.);
#1870=ORIENTED_EDGE('',*,*,#3397,.T.);
#1871=ORIENTED_EDGE('',*,*,#3394,.T.);
#1872=ORIENTED_EDGE('',*,*,#3147,.F.);
#1873=ORIENTED_EDGE('',*,*,#3398,.F.);
#1874=ORIENTED_EDGE('',*,*,#3399,.T.);
#1875=ORIENTED_EDGE('',*,*,#3396,.T.);
#1876=ORIENTED_EDGE('',*,*,#3146,.F.);
#1877=ORIENTED_EDGE('',*,*,#3400,.F.);
#1878=ORIENTED_EDGE('',*,*,#3401,.T.);
#1879=ORIENTED_EDGE('',*,*,#3398,.T.);
#1880=ORIENTED_EDGE('',*,*,#3145,.F.);
#1881=ORIENTED_EDGE('',*,*,#3402,.F.);
#1882=ORIENTED_EDGE('',*,*,#3403,.T.);
#1883=ORIENTED_EDGE('',*,*,#3400,.T.);
#1884=ORIENTED_EDGE('',*,*,#3144,.F.);
#1885=ORIENTED_EDGE('',*,*,#3404,.F.);
#1886=ORIENTED_EDGE('',*,*,#3405,.T.);
#1887=ORIENTED_EDGE('',*,*,#3402,.T.);
#1888=ORIENTED_EDGE('',*,*,#3143,.F.);
#1889=ORIENTED_EDGE('',*,*,#3406,.F.);
#1890=ORIENTED_EDGE('',*,*,#3407,.T.);
#1891=ORIENTED_EDGE('',*,*,#3404,.T.);
#1892=ORIENTED_EDGE('',*,*,#3142,.F.);
#1893=ORIENTED_EDGE('',*,*,#3408,.F.);
#1894=ORIENTED_EDGE('',*,*,#3409,.T.);
#1895=ORIENTED_EDGE('',*,*,#3406,.T.);
#1896=ORIENTED_EDGE('',*,*,#3141,.F.);
#1897=ORIENTED_EDGE('',*,*,#3410,.F.);
#1898=ORIENTED_EDGE('',*,*,#3411,.T.);
#1899=ORIENTED_EDGE('',*,*,#3408,.T.);
#1900=ORIENTED_EDGE('',*,*,#3140,.F.);
#1901=ORIENTED_EDGE('',*,*,#3359,.F.);
#1902=ORIENTED_EDGE('',*,*,#3412,.T.);
#1903=ORIENTED_EDGE('',*,*,#3410,.T.);
#1904=ORIENTED_EDGE('',*,*,#3358,.F.);
#1905=ORIENTED_EDGE('',*,*,#3361,.F.);
#1906=ORIENTED_EDGE('',*,*,#3363,.F.);
#1907=ORIENTED_EDGE('',*,*,#3365,.F.);
#1908=ORIENTED_EDGE('',*,*,#3367,.F.);
#1909=ORIENTED_EDGE('',*,*,#3369,.F.);
#1910=ORIENTED_EDGE('',*,*,#3371,.F.);
#1911=ORIENTED_EDGE('',*,*,#3373,.F.);
#1912=ORIENTED_EDGE('',*,*,#3375,.F.);
#1913=ORIENTED_EDGE('',*,*,#3377,.F.);
#1914=ORIENTED_EDGE('',*,*,#3379,.F.);
#1915=ORIENTED_EDGE('',*,*,#3381,.F.);
#1916=ORIENTED_EDGE('',*,*,#3383,.F.);
#1917=ORIENTED_EDGE('',*,*,#3385,.F.);
#1918=ORIENTED_EDGE('',*,*,#3387,.F.);
#1919=ORIENTED_EDGE('',*,*,#3389,.F.);
#1920=ORIENTED_EDGE('',*,*,#3391,.F.);
#1921=ORIENTED_EDGE('',*,*,#3393,.F.);
#1922=ORIENTED_EDGE('',*,*,#3395,.F.);
#1923=ORIENTED_EDGE('',*,*,#3397,.F.);
#1924=ORIENTED_EDGE('',*,*,#3399,.F.);
#1925=ORIENTED_EDGE('',*,*,#3401,.F.);
#1926=ORIENTED_EDGE('',*,*,#3403,.F.);
#1927=ORIENTED_EDGE('',*,*,#3405,.F.);
#1928=ORIENTED_EDGE('',*,*,#3407,.F.);
#1929=ORIENTED_EDGE('',*,*,#3409,.F.);
#1930=ORIENTED_EDGE('',*,*,#3411,.F.);
#1931=ORIENTED_EDGE('',*,*,#3412,.F.);
#1932=ORIENTED_EDGE('',*,*,#3413,.F.);
#1933=ORIENTED_EDGE('',*,*,#3414,.F.);
#1934=ORIENTED_EDGE('',*,*,#3415,.T.);
#1935=ORIENTED_EDGE('',*,*,#3416,.T.);
#1936=ORIENTED_EDGE('',*,*,#3417,.T.);
#1937=ORIENTED_EDGE('',*,*,#3418,.F.);
#1938=ORIENTED_EDGE('',*,*,#3419,.F.);
#1939=ORIENTED_EDGE('',*,*,#3414,.T.);
#1940=ORIENTED_EDGE('',*,*,#3420,.F.);
#1941=ORIENTED_EDGE('',*,*,#3421,.F.);
#1942=ORIENTED_EDGE('',*,*,#3422,.T.);
#1943=ORIENTED_EDGE('',*,*,#3418,.T.);
#1944=ORIENTED_EDGE('',*,*,#3423,.T.);
#1945=ORIENTED_EDGE('',*,*,#3424,.F.);
#1946=ORIENTED_EDGE('',*,*,#3425,.F.);
#1947=ORIENTED_EDGE('',*,*,#3421,.T.);
#1948=ORIENTED_EDGE('',*,*,#3426,.F.);
#1949=ORIENTED_EDGE('',*,*,#3427,.F.);
#1950=ORIENTED_EDGE('',*,*,#3428,.T.);
#1951=ORIENTED_EDGE('',*,*,#3424,.T.);
#1952=ORIENTED_EDGE('',*,*,#3429,.F.);
#1953=ORIENTED_EDGE('',*,*,#3430,.F.);
#1954=ORIENTED_EDGE('',*,*,#3431,.T.);
#1955=ORIENTED_EDGE('',*,*,#3427,.T.);
#1956=ORIENTED_EDGE('',*,*,#3432,.F.);
#1957=ORIENTED_EDGE('',*,*,#3433,.F.);
#1958=ORIENTED_EDGE('',*,*,#3434,.T.);
#1959=ORIENTED_EDGE('',*,*,#3430,.T.);
#1960=ORIENTED_EDGE('',*,*,#3435,.F.);
#1961=ORIENTED_EDGE('',*,*,#3436,.F.);
#1962=ORIENTED_EDGE('',*,*,#3437,.T.);
#1963=ORIENTED_EDGE('',*,*,#3438,.T.);
#1964=ORIENTED_EDGE('',*,*,#3439,.T.);
#1965=ORIENTED_EDGE('',*,*,#3440,.F.);
#1966=ORIENTED_EDGE('',*,*,#3441,.F.);
#1967=ORIENTED_EDGE('',*,*,#3436,.T.);
#1968=ORIENTED_EDGE('',*,*,#3442,.F.);
#1969=ORIENTED_EDGE('',*,*,#3443,.F.);
#1970=ORIENTED_EDGE('',*,*,#3444,.T.);
#1971=ORIENTED_EDGE('',*,*,#3440,.T.);
#1972=ORIENTED_EDGE('',*,*,#3445,.T.);
#1973=ORIENTED_EDGE('',*,*,#3446,.F.);
#1974=ORIENTED_EDGE('',*,*,#3447,.F.);
#1975=ORIENTED_EDGE('',*,*,#3443,.T.);
#1976=ORIENTED_EDGE('',*,*,#3448,.F.);
#1977=ORIENTED_EDGE('',*,*,#3449,.F.);
#1978=ORIENTED_EDGE('',*,*,#3450,.T.);
#1979=ORIENTED_EDGE('',*,*,#3446,.T.);
#1980=ORIENTED_EDGE('',*,*,#3451,.F.);
#1981=ORIENTED_EDGE('',*,*,#3452,.F.);
#1982=ORIENTED_EDGE('',*,*,#3453,.T.);
#1983=ORIENTED_EDGE('',*,*,#3449,.T.);
#1984=ORIENTED_EDGE('',*,*,#3454,.F.);
#1985=ORIENTED_EDGE('',*,*,#3455,.F.);
#1986=ORIENTED_EDGE('',*,*,#3456,.T.);
#1987=ORIENTED_EDGE('',*,*,#3452,.T.);
#1988=ORIENTED_EDGE('',*,*,#3457,.F.);
#1989=ORIENTED_EDGE('',*,*,#3458,.F.);
#1990=ORIENTED_EDGE('',*,*,#3459,.T.);
#1991=ORIENTED_EDGE('',*,*,#3460,.T.);
#1992=ORIENTED_EDGE('',*,*,#3461,.T.);
#1993=ORIENTED_EDGE('',*,*,#3462,.F.);
#1994=ORIENTED_EDGE('',*,*,#3463,.F.);
#1995=ORIENTED_EDGE('',*,*,#3458,.T.);
#1996=ORIENTED_EDGE('',*,*,#3464,.F.);
#1997=ORIENTED_EDGE('',*,*,#3465,.F.);
#1998=ORIENTED_EDGE('',*,*,#3466,.T.);
#1999=ORIENTED_EDGE('',*,*,#3462,.T.);
#2000=ORIENTED_EDGE('',*,*,#3467,.T.);
#2001=ORIENTED_EDGE('',*,*,#3468,.F.);
#2002=ORIENTED_EDGE('',*,*,#3469,.F.);
#2003=ORIENTED_EDGE('',*,*,#3465,.T.);
#2004=ORIENTED_EDGE('',*,*,#3470,.F.);
#2005=ORIENTED_EDGE('',*,*,#3471,.F.);
#2006=ORIENTED_EDGE('',*,*,#3472,.T.);
#2007=ORIENTED_EDGE('',*,*,#3468,.T.);
#2008=ORIENTED_EDGE('',*,*,#3473,.F.);
#2009=ORIENTED_EDGE('',*,*,#3474,.F.);
#2010=ORIENTED_EDGE('',*,*,#3475,.T.);
#2011=ORIENTED_EDGE('',*,*,#3471,.T.);
#2012=ORIENTED_EDGE('',*,*,#3476,.F.);
#2013=ORIENTED_EDGE('',*,*,#3477,.F.);
#2014=ORIENTED_EDGE('',*,*,#3478,.T.);
#2015=ORIENTED_EDGE('',*,*,#3474,.T.);
#2016=ORIENTED_EDGE('',*,*,#3479,.F.);
#2017=ORIENTED_EDGE('',*,*,#3480,.F.);
#2018=ORIENTED_EDGE('',*,*,#3481,.T.);
#2019=ORIENTED_EDGE('',*,*,#3482,.T.);
#2020=ORIENTED_EDGE('',*,*,#3483,.T.);
#2021=ORIENTED_EDGE('',*,*,#3484,.F.);
#2022=ORIENTED_EDGE('',*,*,#3485,.F.);
#2023=ORIENTED_EDGE('',*,*,#3480,.T.);
#2024=ORIENTED_EDGE('',*,*,#3486,.F.);
#2025=ORIENTED_EDGE('',*,*,#3487,.F.);
#2026=ORIENTED_EDGE('',*,*,#3488,.T.);
#2027=ORIENTED_EDGE('',*,*,#3484,.T.);
#2028=ORIENTED_EDGE('',*,*,#3489,.T.);
#2029=ORIENTED_EDGE('',*,*,#3490,.F.);
#2030=ORIENTED_EDGE('',*,*,#3491,.F.);
#2031=ORIENTED_EDGE('',*,*,#3487,.T.);
#2032=ORIENTED_EDGE('',*,*,#3492,.F.);
#2033=ORIENTED_EDGE('',*,*,#3493,.F.);
#2034=ORIENTED_EDGE('',*,*,#3494,.T.);
#2035=ORIENTED_EDGE('',*,*,#3490,.T.);
#2036=ORIENTED_EDGE('',*,*,#3495,.F.);
#2037=ORIENTED_EDGE('',*,*,#3496,.F.);
#2038=ORIENTED_EDGE('',*,*,#3497,.T.);
#2039=ORIENTED_EDGE('',*,*,#3493,.T.);
#2040=ORIENTED_EDGE('',*,*,#3498,.F.);
#2041=ORIENTED_EDGE('',*,*,#3499,.F.);
#2042=ORIENTED_EDGE('',*,*,#3500,.T.);
#2043=ORIENTED_EDGE('',*,*,#3496,.T.);
#2044=ORIENTED_EDGE('',*,*,#3501,.F.);
#2045=ORIENTED_EDGE('',*,*,#3502,.F.);
#2046=ORIENTED_EDGE('',*,*,#3503,.T.);
#2047=ORIENTED_EDGE('',*,*,#3504,.T.);
#2048=ORIENTED_EDGE('',*,*,#3505,.T.);
#2049=ORIENTED_EDGE('',*,*,#3506,.F.);
#2050=ORIENTED_EDGE('',*,*,#3507,.F.);
#2051=ORIENTED_EDGE('',*,*,#3502,.T.);
#2052=ORIENTED_EDGE('',*,*,#3508,.F.);
#2053=ORIENTED_EDGE('',*,*,#3509,.F.);
#2054=ORIENTED_EDGE('',*,*,#3510,.T.);
#2055=ORIENTED_EDGE('',*,*,#3506,.T.);
#2056=ORIENTED_EDGE('',*,*,#3511,.T.);
#2057=ORIENTED_EDGE('',*,*,#3512,.F.);
#2058=ORIENTED_EDGE('',*,*,#3513,.F.);
#2059=ORIENTED_EDGE('',*,*,#3509,.T.);
#2060=ORIENTED_EDGE('',*,*,#3514,.F.);
#2061=ORIENTED_EDGE('',*,*,#3515,.F.);
#2062=ORIENTED_EDGE('',*,*,#3516,.T.);
#2063=ORIENTED_EDGE('',*,*,#3512,.T.);
#2064=ORIENTED_EDGE('',*,*,#3517,.F.);
#2065=ORIENTED_EDGE('',*,*,#3518,.F.);
#2066=ORIENTED_EDGE('',*,*,#3519,.T.);
#2067=ORIENTED_EDGE('',*,*,#3515,.T.);
#2068=ORIENTED_EDGE('',*,*,#3520,.F.);
#2069=ORIENTED_EDGE('',*,*,#3521,.F.);
#2070=ORIENTED_EDGE('',*,*,#3522,.T.);
#2071=ORIENTED_EDGE('',*,*,#3518,.T.);
#2072=ORIENTED_EDGE('',*,*,#3523,.F.);
#2073=ORIENTED_EDGE('',*,*,#3524,.F.);
#2074=ORIENTED_EDGE('',*,*,#3525,.T.);
#2075=ORIENTED_EDGE('',*,*,#3526,.T.);
#2076=ORIENTED_EDGE('',*,*,#3527,.T.);
#2077=ORIENTED_EDGE('',*,*,#3528,.F.);
#2078=ORIENTED_EDGE('',*,*,#3529,.F.);
#2079=ORIENTED_EDGE('',*,*,#3524,.T.);
#2080=ORIENTED_EDGE('',*,*,#3530,.F.);
#2081=ORIENTED_EDGE('',*,*,#3531,.F.);
#2082=ORIENTED_EDGE('',*,*,#3532,.T.);
#2083=ORIENTED_EDGE('',*,*,#3528,.T.);
#2084=ORIENTED_EDGE('',*,*,#3533,.T.);
#2085=ORIENTED_EDGE('',*,*,#3534,.F.);
#2086=ORIENTED_EDGE('',*,*,#3535,.F.);
#2087=ORIENTED_EDGE('',*,*,#3531,.T.);
#2088=ORIENTED_EDGE('',*,*,#3536,.F.);
#2089=ORIENTED_EDGE('',*,*,#3537,.F.);
#2090=ORIENTED_EDGE('',*,*,#3538,.T.);
#2091=ORIENTED_EDGE('',*,*,#3534,.T.);
#2092=ORIENTED_EDGE('',*,*,#3539,.F.);
#2093=ORIENTED_EDGE('',*,*,#3540,.F.);
#2094=ORIENTED_EDGE('',*,*,#3541,.T.);
#2095=ORIENTED_EDGE('',*,*,#3537,.T.);
#2096=ORIENTED_EDGE('',*,*,#3542,.F.);
#2097=ORIENTED_EDGE('',*,*,#3543,.F.);
#2098=ORIENTED_EDGE('',*,*,#3544,.T.);
#2099=ORIENTED_EDGE('',*,*,#3540,.T.);
#2100=ORIENTED_EDGE('',*,*,#3545,.F.);
#2101=ORIENTED_EDGE('',*,*,#3546,.F.);
#2102=ORIENTED_EDGE('',*,*,#3547,.T.);
#2103=ORIENTED_EDGE('',*,*,#3548,.T.);
#2104=ORIENTED_EDGE('',*,*,#3549,.T.);
#2105=ORIENTED_EDGE('',*,*,#3550,.F.);
#2106=ORIENTED_EDGE('',*,*,#3551,.F.);
#2107=ORIENTED_EDGE('',*,*,#3546,.T.);
#2108=ORIENTED_EDGE('',*,*,#3552,.F.);
#2109=ORIENTED_EDGE('',*,*,#3553,.F.);
#2110=ORIENTED_EDGE('',*,*,#3554,.T.);
#2111=ORIENTED_EDGE('',*,*,#3550,.T.);
#2112=ORIENTED_EDGE('',*,*,#3555,.T.);
#2113=ORIENTED_EDGE('',*,*,#3556,.F.);
#2114=ORIENTED_EDGE('',*,*,#3557,.F.);
#2115=ORIENTED_EDGE('',*,*,#3553,.T.);
#2116=ORIENTED_EDGE('',*,*,#3558,.F.);
#2117=ORIENTED_EDGE('',*,*,#3559,.F.);
#2118=ORIENTED_EDGE('',*,*,#3560,.T.);
#2119=ORIENTED_EDGE('',*,*,#3556,.T.);
#2120=ORIENTED_EDGE('',*,*,#3561,.F.);
#2121=ORIENTED_EDGE('',*,*,#3562,.F.);
#2122=ORIENTED_EDGE('',*,*,#3563,.T.);
#2123=ORIENTED_EDGE('',*,*,#3559,.T.);
#2124=ORIENTED_EDGE('',*,*,#3564,.F.);
#2125=ORIENTED_EDGE('',*,*,#3565,.F.);
#2126=ORIENTED_EDGE('',*,*,#3566,.T.);
#2127=ORIENTED_EDGE('',*,*,#3562,.T.);
#2128=ORIENTED_EDGE('',*,*,#3567,.F.);
#2129=ORIENTED_EDGE('',*,*,#3568,.F.);
#2130=ORIENTED_EDGE('',*,*,#3569,.T.);
#2131=ORIENTED_EDGE('',*,*,#3570,.T.);
#2132=ORIENTED_EDGE('',*,*,#3571,.T.);
#2133=ORIENTED_EDGE('',*,*,#3572,.F.);
#2134=ORIENTED_EDGE('',*,*,#3573,.F.);
#2135=ORIENTED_EDGE('',*,*,#3568,.T.);
#2136=ORIENTED_EDGE('',*,*,#3574,.F.);
#2137=ORIENTED_EDGE('',*,*,#3575,.F.);
#2138=ORIENTED_EDGE('',*,*,#3576,.T.);
#2139=ORIENTED_EDGE('',*,*,#3572,.T.);
#2140=ORIENTED_EDGE('',*,*,#3577,.T.);
#2141=ORIENTED_EDGE('',*,*,#3578,.F.);
#2142=ORIENTED_EDGE('',*,*,#3579,.F.);
#2143=ORIENTED_EDGE('',*,*,#3575,.T.);
#2144=ORIENTED_EDGE('',*,*,#3580,.F.);
#2145=ORIENTED_EDGE('',*,*,#3581,.F.);
#2146=ORIENTED_EDGE('',*,*,#3582,.T.);
#2147=ORIENTED_EDGE('',*,*,#3578,.T.);
#2148=ORIENTED_EDGE('',*,*,#3583,.F.);
#2149=ORIENTED_EDGE('',*,*,#3584,.F.);
#2150=ORIENTED_EDGE('',*,*,#3585,.T.);
#2151=ORIENTED_EDGE('',*,*,#3581,.T.);
#2152=ORIENTED_EDGE('',*,*,#3586,.F.);
#2153=ORIENTED_EDGE('',*,*,#3587,.F.);
#2154=ORIENTED_EDGE('',*,*,#3588,.T.);
#2155=ORIENTED_EDGE('',*,*,#3584,.T.);
#2156=ORIENTED_EDGE('',*,*,#3589,.F.);
#2157=ORIENTED_EDGE('',*,*,#3590,.F.);
#2158=ORIENTED_EDGE('',*,*,#3591,.T.);
#2159=ORIENTED_EDGE('',*,*,#3592,.T.);
#2160=ORIENTED_EDGE('',*,*,#3593,.T.);
#2161=ORIENTED_EDGE('',*,*,#3594,.F.);
#2162=ORIENTED_EDGE('',*,*,#3595,.F.);
#2163=ORIENTED_EDGE('',*,*,#3590,.T.);
#2164=ORIENTED_EDGE('',*,*,#3596,.F.);
#2165=ORIENTED_EDGE('',*,*,#3597,.F.);
#2166=ORIENTED_EDGE('',*,*,#3598,.T.);
#2167=ORIENTED_EDGE('',*,*,#3594,.T.);
#2168=ORIENTED_EDGE('',*,*,#3599,.T.);
#2169=ORIENTED_EDGE('',*,*,#3600,.F.);
#2170=ORIENTED_EDGE('',*,*,#3601,.F.);
#2171=ORIENTED_EDGE('',*,*,#3597,.T.);
#2172=ORIENTED_EDGE('',*,*,#3602,.F.);
#2173=ORIENTED_EDGE('',*,*,#3603,.F.);
#2174=ORIENTED_EDGE('',*,*,#3604,.T.);
#2175=ORIENTED_EDGE('',*,*,#3600,.T.);
#2176=ORIENTED_EDGE('',*,*,#3605,.F.);
#2177=ORIENTED_EDGE('',*,*,#3606,.F.);
#2178=ORIENTED_EDGE('',*,*,#3607,.T.);
#2179=ORIENTED_EDGE('',*,*,#3603,.T.);
#2180=ORIENTED_EDGE('',*,*,#3608,.F.);
#2181=ORIENTED_EDGE('',*,*,#3609,.F.);
#2182=ORIENTED_EDGE('',*,*,#3610,.T.);
#2183=ORIENTED_EDGE('',*,*,#3606,.T.);
#2184=ORIENTED_EDGE('',*,*,#3611,.F.);
#2185=ORIENTED_EDGE('',*,*,#3612,.F.);
#2186=ORIENTED_EDGE('',*,*,#3613,.T.);
#2187=ORIENTED_EDGE('',*,*,#3614,.T.);
#2188=ORIENTED_EDGE('',*,*,#3615,.T.);
#2189=ORIENTED_EDGE('',*,*,#3616,.F.);
#2190=ORIENTED_EDGE('',*,*,#3617,.F.);
#2191=ORIENTED_EDGE('',*,*,#3612,.T.);
#2192=ORIENTED_EDGE('',*,*,#3618,.F.);
#2193=ORIENTED_EDGE('',*,*,#3619,.F.);
#2194=ORIENTED_EDGE('',*,*,#3620,.T.);
#2195=ORIENTED_EDGE('',*,*,#3616,.T.);
#2196=ORIENTED_EDGE('',*,*,#3621,.T.);
#2197=ORIENTED_EDGE('',*,*,#3622,.F.);
#2198=ORIENTED_EDGE('',*,*,#3623,.F.);
#2199=ORIENTED_EDGE('',*,*,#3619,.T.);
#2200=ORIENTED_EDGE('',*,*,#3624,.F.);
#2201=ORIENTED_EDGE('',*,*,#3625,.F.);
#2202=ORIENTED_EDGE('',*,*,#3626,.T.);
#2203=ORIENTED_EDGE('',*,*,#3622,.T.);
#2204=ORIENTED_EDGE('',*,*,#3627,.F.);
#2205=ORIENTED_EDGE('',*,*,#3628,.F.);
#2206=ORIENTED_EDGE('',*,*,#3629,.T.);
#2207=ORIENTED_EDGE('',*,*,#3625,.T.);
#2208=ORIENTED_EDGE('',*,*,#3630,.F.);
#2209=ORIENTED_EDGE('',*,*,#3631,.F.);
#2210=ORIENTED_EDGE('',*,*,#3632,.T.);
#2211=ORIENTED_EDGE('',*,*,#3628,.T.);
#2212=ORIENTED_EDGE('',*,*,#3633,.F.);
#2213=ORIENTED_EDGE('',*,*,#3634,.F.);
#2214=ORIENTED_EDGE('',*,*,#3635,.T.);
#2215=ORIENTED_EDGE('',*,*,#3636,.T.);
#2216=ORIENTED_EDGE('',*,*,#3637,.T.);
#2217=ORIENTED_EDGE('',*,*,#3638,.F.);
#2218=ORIENTED_EDGE('',*,*,#3639,.F.);
#2219=ORIENTED_EDGE('',*,*,#3634,.T.);
#2220=ORIENTED_EDGE('',*,*,#3640,.F.);
#2221=ORIENTED_EDGE('',*,*,#3641,.F.);
#2222=ORIENTED_EDGE('',*,*,#3642,.T.);
#2223=ORIENTED_EDGE('',*,*,#3638,.T.);
#2224=ORIENTED_EDGE('',*,*,#3643,.T.);
#2225=ORIENTED_EDGE('',*,*,#3644,.F.);
#2226=ORIENTED_EDGE('',*,*,#3645,.F.);
#2227=ORIENTED_EDGE('',*,*,#3641,.T.);
#2228=ORIENTED_EDGE('',*,*,#3646,.F.);
#2229=ORIENTED_EDGE('',*,*,#3647,.F.);
#2230=ORIENTED_EDGE('',*,*,#3648,.T.);
#2231=ORIENTED_EDGE('',*,*,#3644,.T.);
#2232=ORIENTED_EDGE('',*,*,#3649,.F.);
#2233=ORIENTED_EDGE('',*,*,#3650,.F.);
#2234=ORIENTED_EDGE('',*,*,#3651,.T.);
#2235=ORIENTED_EDGE('',*,*,#3647,.T.);
#2236=ORIENTED_EDGE('',*,*,#3652,.F.);
#2237=ORIENTED_EDGE('',*,*,#3653,.F.);
#2238=ORIENTED_EDGE('',*,*,#3654,.T.);
#2239=ORIENTED_EDGE('',*,*,#3650,.T.);
#2240=ORIENTED_EDGE('',*,*,#3655,.F.);
#2241=ORIENTED_EDGE('',*,*,#3656,.F.);
#2242=ORIENTED_EDGE('',*,*,#3657,.T.);
#2243=ORIENTED_EDGE('',*,*,#3658,.T.);
#2244=ORIENTED_EDGE('',*,*,#3659,.T.);
#2245=ORIENTED_EDGE('',*,*,#3660,.F.);
#2246=ORIENTED_EDGE('',*,*,#3661,.F.);
#2247=ORIENTED_EDGE('',*,*,#3656,.T.);
#2248=ORIENTED_EDGE('',*,*,#3662,.F.);
#2249=ORIENTED_EDGE('',*,*,#3663,.F.);
#2250=ORIENTED_EDGE('',*,*,#3664,.T.);
#2251=ORIENTED_EDGE('',*,*,#3660,.T.);
#2252=ORIENTED_EDGE('',*,*,#3665,.T.);
#2253=ORIENTED_EDGE('',*,*,#3666,.F.);
#2254=ORIENTED_EDGE('',*,*,#3667,.F.);
#2255=ORIENTED_EDGE('',*,*,#3663,.T.);
#2256=ORIENTED_EDGE('',*,*,#3668,.F.);
#2257=ORIENTED_EDGE('',*,*,#3669,.F.);
#2258=ORIENTED_EDGE('',*,*,#3670,.T.);
#2259=ORIENTED_EDGE('',*,*,#3666,.T.);
#2260=ORIENTED_EDGE('',*,*,#3671,.F.);
#2261=ORIENTED_EDGE('',*,*,#3672,.F.);
#2262=ORIENTED_EDGE('',*,*,#3673,.T.);
#2263=ORIENTED_EDGE('',*,*,#3669,.T.);
#2264=ORIENTED_EDGE('',*,*,#3674,.F.);
#2265=ORIENTED_EDGE('',*,*,#3675,.F.);
#2266=ORIENTED_EDGE('',*,*,#3676,.T.);
#2267=ORIENTED_EDGE('',*,*,#3672,.T.);
#2268=ORIENTED_EDGE('',*,*,#3677,.F.);
#2269=ORIENTED_EDGE('',*,*,#3678,.F.);
#2270=ORIENTED_EDGE('',*,*,#3679,.T.);
#2271=ORIENTED_EDGE('',*,*,#3680,.T.);
#2272=ORIENTED_EDGE('',*,*,#3681,.T.);
#2273=ORIENTED_EDGE('',*,*,#3682,.F.);
#2274=ORIENTED_EDGE('',*,*,#3683,.F.);
#2275=ORIENTED_EDGE('',*,*,#3678,.T.);
#2276=ORIENTED_EDGE('',*,*,#3684,.F.);
#2277=ORIENTED_EDGE('',*,*,#3685,.F.);
#2278=ORIENTED_EDGE('',*,*,#3686,.T.);
#2279=ORIENTED_EDGE('',*,*,#3682,.T.);
#2280=ORIENTED_EDGE('',*,*,#3687,.T.);
#2281=ORIENTED_EDGE('',*,*,#3688,.F.);
#2282=ORIENTED_EDGE('',*,*,#3689,.F.);
#2283=ORIENTED_EDGE('',*,*,#3685,.T.);
#2284=ORIENTED_EDGE('',*,*,#3690,.F.);
#2285=ORIENTED_EDGE('',*,*,#3691,.F.);
#2286=ORIENTED_EDGE('',*,*,#3692,.T.);
#2287=ORIENTED_EDGE('',*,*,#3688,.T.);
#2288=ORIENTED_EDGE('',*,*,#3693,.F.);
#2289=ORIENTED_EDGE('',*,*,#3694,.F.);
#2290=ORIENTED_EDGE('',*,*,#3695,.T.);
#2291=ORIENTED_EDGE('',*,*,#3691,.T.);
#2292=ORIENTED_EDGE('',*,*,#3696,.F.);
#2293=ORIENTED_EDGE('',*,*,#3697,.F.);
#2294=ORIENTED_EDGE('',*,*,#3698,.T.);
#2295=ORIENTED_EDGE('',*,*,#3694,.T.);
#2296=ORIENTED_EDGE('',*,*,#3699,.F.);
#2297=ORIENTED_EDGE('',*,*,#3700,.F.);
#2298=ORIENTED_EDGE('',*,*,#3701,.T.);
#2299=ORIENTED_EDGE('',*,*,#3702,.T.);
#2300=ORIENTED_EDGE('',*,*,#3703,.T.);
#2301=ORIENTED_EDGE('',*,*,#3704,.F.);
#2302=ORIENTED_EDGE('',*,*,#3705,.F.);
#2303=ORIENTED_EDGE('',*,*,#3700,.T.);
#2304=ORIENTED_EDGE('',*,*,#3706,.F.);
#2305=ORIENTED_EDGE('',*,*,#3707,.F.);
#2306=ORIENTED_EDGE('',*,*,#3708,.T.);
#2307=ORIENTED_EDGE('',*,*,#3704,.T.);
#2308=ORIENTED_EDGE('',*,*,#3709,.T.);
#2309=ORIENTED_EDGE('',*,*,#3710,.F.);
#2310=ORIENTED_EDGE('',*,*,#3711,.F.);
#2311=ORIENTED_EDGE('',*,*,#3707,.T.);
#2312=ORIENTED_EDGE('',*,*,#3712,.F.);
#2313=ORIENTED_EDGE('',*,*,#3713,.F.);
#2314=ORIENTED_EDGE('',*,*,#3714,.T.);
#2315=ORIENTED_EDGE('',*,*,#3710,.T.);
#2316=ORIENTED_EDGE('',*,*,#3715,.F.);
#2317=ORIENTED_EDGE('',*,*,#3716,.F.);
#2318=ORIENTED_EDGE('',*,*,#3717,.T.);
#2319=ORIENTED_EDGE('',*,*,#3713,.T.);
#2320=ORIENTED_EDGE('',*,*,#3718,.F.);
#2321=ORIENTED_EDGE('',*,*,#3719,.F.);
#2322=ORIENTED_EDGE('',*,*,#3720,.T.);
#2323=ORIENTED_EDGE('',*,*,#3716,.T.);
#2324=ORIENTED_EDGE('',*,*,#3721,.F.);
#2325=ORIENTED_EDGE('',*,*,#3722,.F.);
#2326=ORIENTED_EDGE('',*,*,#3723,.T.);
#2327=ORIENTED_EDGE('',*,*,#3724,.T.);
#2328=ORIENTED_EDGE('',*,*,#3725,.T.);
#2329=ORIENTED_EDGE('',*,*,#3726,.F.);
#2330=ORIENTED_EDGE('',*,*,#3727,.F.);
#2331=ORIENTED_EDGE('',*,*,#3722,.T.);
#2332=ORIENTED_EDGE('',*,*,#3728,.F.);
#2333=ORIENTED_EDGE('',*,*,#3729,.F.);
#2334=ORIENTED_EDGE('',*,*,#3730,.T.);
#2335=ORIENTED_EDGE('',*,*,#3726,.T.);
#2336=ORIENTED_EDGE('',*,*,#3731,.T.);
#2337=ORIENTED_EDGE('',*,*,#3732,.F.);
#2338=ORIENTED_EDGE('',*,*,#3733,.F.);
#2339=ORIENTED_EDGE('',*,*,#3729,.T.);
#2340=ORIENTED_EDGE('',*,*,#3734,.F.);
#2341=ORIENTED_EDGE('',*,*,#3735,.F.);
#2342=ORIENTED_EDGE('',*,*,#3736,.T.);
#2343=ORIENTED_EDGE('',*,*,#3732,.T.);
#2344=ORIENTED_EDGE('',*,*,#3737,.F.);
#2345=ORIENTED_EDGE('',*,*,#3738,.F.);
#2346=ORIENTED_EDGE('',*,*,#3739,.T.);
#2347=ORIENTED_EDGE('',*,*,#3735,.T.);
#2348=ORIENTED_EDGE('',*,*,#3740,.F.);
#2349=ORIENTED_EDGE('',*,*,#3741,.F.);
#2350=ORIENTED_EDGE('',*,*,#3742,.T.);
#2351=ORIENTED_EDGE('',*,*,#3738,.T.);
#2352=ORIENTED_EDGE('',*,*,#3743,.F.);
#2353=ORIENTED_EDGE('',*,*,#3744,.F.);
#2354=ORIENTED_EDGE('',*,*,#3745,.T.);
#2355=ORIENTED_EDGE('',*,*,#3746,.T.);
#2356=ORIENTED_EDGE('',*,*,#3747,.T.);
#2357=ORIENTED_EDGE('',*,*,#3748,.F.);
#2358=ORIENTED_EDGE('',*,*,#3749,.F.);
#2359=ORIENTED_EDGE('',*,*,#3744,.T.);
#2360=ORIENTED_EDGE('',*,*,#3750,.F.);
#2361=ORIENTED_EDGE('',*,*,#3751,.F.);
#2362=ORIENTED_EDGE('',*,*,#3752,.T.);
#2363=ORIENTED_EDGE('',*,*,#3748,.T.);
#2364=ORIENTED_EDGE('',*,*,#3753,.T.);
#2365=ORIENTED_EDGE('',*,*,#3754,.F.);
#2366=ORIENTED_EDGE('',*,*,#3755,.F.);
#2367=ORIENTED_EDGE('',*,*,#3751,.T.);
#2368=ORIENTED_EDGE('',*,*,#3756,.F.);
#2369=ORIENTED_EDGE('',*,*,#3757,.F.);
#2370=ORIENTED_EDGE('',*,*,#3758,.T.);
#2371=ORIENTED_EDGE('',*,*,#3754,.T.);
#2372=ORIENTED_EDGE('',*,*,#3759,.F.);
#2373=ORIENTED_EDGE('',*,*,#3760,.F.);
#2374=ORIENTED_EDGE('',*,*,#3761,.T.);
#2375=ORIENTED_EDGE('',*,*,#3757,.T.);
#2376=ORIENTED_EDGE('',*,*,#3762,.F.);
#2377=ORIENTED_EDGE('',*,*,#3763,.F.);
#2378=ORIENTED_EDGE('',*,*,#3764,.T.);
#2379=ORIENTED_EDGE('',*,*,#3760,.T.);
#2380=ORIENTED_EDGE('',*,*,#3765,.F.);
#2381=ORIENTED_EDGE('',*,*,#3766,.F.);
#2382=ORIENTED_EDGE('',*,*,#3767,.T.);
#2383=ORIENTED_EDGE('',*,*,#3768,.T.);
#2384=ORIENTED_EDGE('',*,*,#3769,.T.);
#2385=ORIENTED_EDGE('',*,*,#3770,.F.);
#2386=ORIENTED_EDGE('',*,*,#3771,.F.);
#2387=ORIENTED_EDGE('',*,*,#3766,.T.);
#2388=ORIENTED_EDGE('',*,*,#3772,.T.);
#2389=ORIENTED_EDGE('',*,*,#3773,.F.);
#2390=ORIENTED_EDGE('',*,*,#3774,.F.);
#2391=ORIENTED_EDGE('',*,*,#3770,.T.);
#2392=ORIENTED_EDGE('',*,*,#3775,.F.);
#2393=ORIENTED_EDGE('',*,*,#3776,.F.);
#2394=ORIENTED_EDGE('',*,*,#3777,.T.);
#2395=ORIENTED_EDGE('',*,*,#3778,.T.);
#2396=ORIENTED_EDGE('',*,*,#3779,.T.);
#2397=ORIENTED_EDGE('',*,*,#3780,.F.);
#2398=ORIENTED_EDGE('',*,*,#3781,.F.);
#2399=ORIENTED_EDGE('',*,*,#3776,.T.);
#2400=ORIENTED_EDGE('',*,*,#3782,.T.);
#2401=ORIENTED_EDGE('',*,*,#3783,.F.);
#2402=ORIENTED_EDGE('',*,*,#3784,.F.);
#2403=ORIENTED_EDGE('',*,*,#3780,.T.);
#2404=ORIENTED_EDGE('',*,*,#3785,.F.);
#2405=ORIENTED_EDGE('',*,*,#3786,.F.);
#2406=ORIENTED_EDGE('',*,*,#3787,.T.);
#2407=ORIENTED_EDGE('',*,*,#3788,.T.);
#2408=ORIENTED_EDGE('',*,*,#3789,.T.);
#2409=ORIENTED_EDGE('',*,*,#3790,.F.);
#2410=ORIENTED_EDGE('',*,*,#3791,.F.);
#2411=ORIENTED_EDGE('',*,*,#3786,.T.);
#2412=ORIENTED_EDGE('',*,*,#3792,.T.);
#2413=ORIENTED_EDGE('',*,*,#3793,.F.);
#2414=ORIENTED_EDGE('',*,*,#3794,.F.);
#2415=ORIENTED_EDGE('',*,*,#3790,.T.);
#2416=ORIENTED_EDGE('',*,*,#3795,.F.);
#2417=ORIENTED_EDGE('',*,*,#3438,.F.);
#2418=ORIENTED_EDGE('',*,*,#3796,.T.);
#2419=ORIENTED_EDGE('',*,*,#3455,.T.);
#2420=ORIENTED_EDGE('',*,*,#3797,.F.);
#2421=ORIENTED_EDGE('',*,*,#3460,.F.);
#2422=ORIENTED_EDGE('',*,*,#3798,.T.);
#2423=ORIENTED_EDGE('',*,*,#3477,.T.);
#2424=ORIENTED_EDGE('',*,*,#3799,.F.);
#2425=ORIENTED_EDGE('',*,*,#3482,.F.);
#2426=ORIENTED_EDGE('',*,*,#3800,.T.);
#2427=ORIENTED_EDGE('',*,*,#3499,.T.);
#2428=ORIENTED_EDGE('',*,*,#3801,.F.);
#2429=ORIENTED_EDGE('',*,*,#3504,.F.);
#2430=ORIENTED_EDGE('',*,*,#3802,.T.);
#2431=ORIENTED_EDGE('',*,*,#3521,.T.);
#2432=ORIENTED_EDGE('',*,*,#3803,.F.);
#2433=ORIENTED_EDGE('',*,*,#3526,.F.);
#2434=ORIENTED_EDGE('',*,*,#3804,.T.);
#2435=ORIENTED_EDGE('',*,*,#3543,.T.);
#2436=ORIENTED_EDGE('',*,*,#3805,.F.);
#2437=ORIENTED_EDGE('',*,*,#3548,.F.);
#2438=ORIENTED_EDGE('',*,*,#3806,.T.);
#2439=ORIENTED_EDGE('',*,*,#3565,.T.);
#2440=ORIENTED_EDGE('',*,*,#3807,.F.);
#2441=ORIENTED_EDGE('',*,*,#3570,.F.);
#2442=ORIENTED_EDGE('',*,*,#3808,.T.);
#2443=ORIENTED_EDGE('',*,*,#3587,.T.);
#2444=ORIENTED_EDGE('',*,*,#3809,.F.);
#2445=ORIENTED_EDGE('',*,*,#3592,.F.);
#2446=ORIENTED_EDGE('',*,*,#3810,.T.);
#2447=ORIENTED_EDGE('',*,*,#3609,.T.);
#2448=ORIENTED_EDGE('',*,*,#3811,.F.);
#2449=ORIENTED_EDGE('',*,*,#3614,.F.);
#2450=ORIENTED_EDGE('',*,*,#3812,.T.);
#2451=ORIENTED_EDGE('',*,*,#3631,.T.);
#2452=ORIENTED_EDGE('',*,*,#3813,.F.);
#2453=ORIENTED_EDGE('',*,*,#3636,.F.);
#2454=ORIENTED_EDGE('',*,*,#3814,.T.);
#2455=ORIENTED_EDGE('',*,*,#3653,.T.);
#2456=ORIENTED_EDGE('',*,*,#3815,.F.);
#2457=ORIENTED_EDGE('',*,*,#3658,.F.);
#2458=ORIENTED_EDGE('',*,*,#3816,.T.);
#2459=ORIENTED_EDGE('',*,*,#3675,.T.);
#2460=ORIENTED_EDGE('',*,*,#3817,.F.);
#2461=ORIENTED_EDGE('',*,*,#3680,.F.);
#2462=ORIENTED_EDGE('',*,*,#3818,.T.);
#2463=ORIENTED_EDGE('',*,*,#3697,.T.);
#2464=ORIENTED_EDGE('',*,*,#3819,.F.);
#2465=ORIENTED_EDGE('',*,*,#3702,.F.);
#2466=ORIENTED_EDGE('',*,*,#3820,.T.);
#2467=ORIENTED_EDGE('',*,*,#3719,.T.);
#2468=ORIENTED_EDGE('',*,*,#3821,.F.);
#2469=ORIENTED_EDGE('',*,*,#3724,.F.);
#2470=ORIENTED_EDGE('',*,*,#3822,.T.);
#2471=ORIENTED_EDGE('',*,*,#3741,.T.);
#2472=ORIENTED_EDGE('',*,*,#3823,.F.);
#2473=ORIENTED_EDGE('',*,*,#3746,.F.);
#2474=ORIENTED_EDGE('',*,*,#3824,.T.);
#2475=ORIENTED_EDGE('',*,*,#3763,.T.);
#2476=ORIENTED_EDGE('',*,*,#3825,.F.);
#2477=ORIENTED_EDGE('',*,*,#3768,.F.);
#2478=ORIENTED_EDGE('',*,*,#3826,.T.);
#2479=ORIENTED_EDGE('',*,*,#3773,.T.);
#2480=ORIENTED_EDGE('',*,*,#3827,.F.);
#2481=ORIENTED_EDGE('',*,*,#3778,.F.);
#2482=ORIENTED_EDGE('',*,*,#3828,.T.);
#2483=ORIENTED_EDGE('',*,*,#3783,.T.);
#2484=ORIENTED_EDGE('',*,*,#3829,.F.);
#2485=ORIENTED_EDGE('',*,*,#3788,.F.);
#2486=ORIENTED_EDGE('',*,*,#3830,.T.);
#2487=ORIENTED_EDGE('',*,*,#3793,.T.);
#2488=ORIENTED_EDGE('',*,*,#3831,.T.);
#2489=ORIENTED_EDGE('',*,*,#3832,.F.);
#2490=ORIENTED_EDGE('',*,*,#3833,.T.);
#2491=ORIENTED_EDGE('',*,*,#3834,.F.);
#2492=ORIENTED_EDGE('',*,*,#3835,.T.);
#2493=ORIENTED_EDGE('',*,*,#3836,.F.);
#2494=ORIENTED_EDGE('',*,*,#3837,.T.);
#2495=ORIENTED_EDGE('',*,*,#3838,.F.);
#2496=ORIENTED_EDGE('',*,*,#3839,.F.);
#2497=ORIENTED_EDGE('',*,*,#3416,.F.);
#2498=ORIENTED_EDGE('',*,*,#3840,.T.);
#2499=ORIENTED_EDGE('',*,*,#3433,.T.);
#2500=ORIENTED_EDGE('',*,*,#3837,.F.);
#2501=ORIENTED_EDGE('',*,*,#3835,.F.);
#2502=ORIENTED_EDGE('',*,*,#3833,.F.);
#2503=ORIENTED_EDGE('',*,*,#3831,.F.);
#2504=ORIENTED_EDGE('',*,*,#3787,.F.);
#2505=ORIENTED_EDGE('',*,*,#3791,.T.);
#2506=ORIENTED_EDGE('',*,*,#3794,.T.);
#2507=ORIENTED_EDGE('',*,*,#3830,.F.);
#2508=ORIENTED_EDGE('',*,*,#3777,.F.);
#2509=ORIENTED_EDGE('',*,*,#3781,.T.);
#2510=ORIENTED_EDGE('',*,*,#3784,.T.);
#2511=ORIENTED_EDGE('',*,*,#3828,.F.);
#2512=ORIENTED_EDGE('',*,*,#3767,.F.);
#2513=ORIENTED_EDGE('',*,*,#3771,.T.);
#2514=ORIENTED_EDGE('',*,*,#3774,.T.);
#2515=ORIENTED_EDGE('',*,*,#3826,.F.);
#2516=ORIENTED_EDGE('',*,*,#3745,.F.);
#2517=ORIENTED_EDGE('',*,*,#3749,.T.);
#2518=ORIENTED_EDGE('',*,*,#3752,.F.);
#2519=ORIENTED_EDGE('',*,*,#3755,.T.);
#2520=ORIENTED_EDGE('',*,*,#3758,.F.);
#2521=ORIENTED_EDGE('',*,*,#3761,.F.);
#2522=ORIENTED_EDGE('',*,*,#3764,.F.);
#2523=ORIENTED_EDGE('',*,*,#3824,.F.);
#2524=ORIENTED_EDGE('',*,*,#3723,.F.);
#2525=ORIENTED_EDGE('',*,*,#3727,.T.);
#2526=ORIENTED_EDGE('',*,*,#3730,.F.);
#2527=ORIENTED_EDGE('',*,*,#3733,.T.);
#2528=ORIENTED_EDGE('',*,*,#3736,.F.);
#2529=ORIENTED_EDGE('',*,*,#3739,.F.);
#2530=ORIENTED_EDGE('',*,*,#3742,.F.);
#2531=ORIENTED_EDGE('',*,*,#3822,.F.);
#2532=ORIENTED_EDGE('',*,*,#3701,.F.);
#2533=ORIENTED_EDGE('',*,*,#3705,.T.);
#2534=ORIENTED_EDGE('',*,*,#3708,.F.);
#2535=ORIENTED_EDGE('',*,*,#3711,.T.);
#2536=ORIENTED_EDGE('',*,*,#3714,.F.);
#2537=ORIENTED_EDGE('',*,*,#3717,.F.);
#2538=ORIENTED_EDGE('',*,*,#3720,.F.);
#2539=ORIENTED_EDGE('',*,*,#3820,.F.);
#2540=ORIENTED_EDGE('',*,*,#3679,.F.);
#2541=ORIENTED_EDGE('',*,*,#3683,.T.);
#2542=ORIENTED_EDGE('',*,*,#3686,.F.);
#2543=ORIENTED_EDGE('',*,*,#3689,.T.);
#2544=ORIENTED_EDGE('',*,*,#3692,.F.);
#2545=ORIENTED_EDGE('',*,*,#3695,.F.);
#2546=ORIENTED_EDGE('',*,*,#3698,.F.);
#2547=ORIENTED_EDGE('',*,*,#3818,.F.);
#2548=ORIENTED_EDGE('',*,*,#3657,.F.);
#2549=ORIENTED_EDGE('',*,*,#3661,.T.);
#2550=ORIENTED_EDGE('',*,*,#3664,.F.);
#2551=ORIENTED_EDGE('',*,*,#3667,.T.);
#2552=ORIENTED_EDGE('',*,*,#3670,.F.);
#2553=ORIENTED_EDGE('',*,*,#3673,.F.);
#2554=ORIENTED_EDGE('',*,*,#3676,.F.);
#2555=ORIENTED_EDGE('',*,*,#3816,.F.);
#2556=ORIENTED_EDGE('',*,*,#3635,.F.);
#2557=ORIENTED_EDGE('',*,*,#3639,.T.);
#2558=ORIENTED_EDGE('',*,*,#3642,.F.);
#2559=ORIENTED_EDGE('',*,*,#3645,.T.);
#2560=ORIENTED_EDGE('',*,*,#3648,.F.);
#2561=ORIENTED_EDGE('',*,*,#3651,.F.);
#2562=ORIENTED_EDGE('',*,*,#3654,.F.);
#2563=ORIENTED_EDGE('',*,*,#3814,.F.);
#2564=ORIENTED_EDGE('',*,*,#3613,.F.);
#2565=ORIENTED_EDGE('',*,*,#3617,.T.);
#2566=ORIENTED_EDGE('',*,*,#3620,.F.);
#2567=ORIENTED_EDGE('',*,*,#3623,.T.);
#2568=ORIENTED_EDGE('',*,*,#3626,.F.);
#2569=ORIENTED_EDGE('',*,*,#3629,.F.);
#2570=ORIENTED_EDGE('',*,*,#3632,.F.);
#2571=ORIENTED_EDGE('',*,*,#3812,.F.);
#2572=ORIENTED_EDGE('',*,*,#3591,.F.);
#2573=ORIENTED_EDGE('',*,*,#3595,.T.);
#2574=ORIENTED_EDGE('',*,*,#3598,.F.);
#2575=ORIENTED_EDGE('',*,*,#3601,.T.);
#2576=ORIENTED_EDGE('',*,*,#3604,.F.);
#2577=ORIENTED_EDGE('',*,*,#3607,.F.);
#2578=ORIENTED_EDGE('',*,*,#3610,.F.);
#2579=ORIENTED_EDGE('',*,*,#3810,.F.);
#2580=ORIENTED_EDGE('',*,*,#3569,.F.);
#2581=ORIENTED_EDGE('',*,*,#3573,.T.);
#2582=ORIENTED_EDGE('',*,*,#3576,.F.);
#2583=ORIENTED_EDGE('',*,*,#3579,.T.);
#2584=ORIENTED_EDGE('',*,*,#3582,.F.);
#2585=ORIENTED_EDGE('',*,*,#3585,.F.);
#2586=ORIENTED_EDGE('',*,*,#3588,.F.);
#2587=ORIENTED_EDGE('',*,*,#3808,.F.);
#2588=ORIENTED_EDGE('',*,*,#3547,.F.);
#2589=ORIENTED_EDGE('',*,*,#3551,.T.);
#2590=ORIENTED_EDGE('',*,*,#3554,.F.);
#2591=ORIENTED_EDGE('',*,*,#3557,.T.);
#2592=ORIENTED_EDGE('',*,*,#3560,.F.);
#2593=ORIENTED_EDGE('',*,*,#3563,.F.);
#2594=ORIENTED_EDGE('',*,*,#3566,.F.);
#2595=ORIENTED_EDGE('',*,*,#3806,.F.);
#2596=ORIENTED_EDGE('',*,*,#3525,.F.);
#2597=ORIENTED_EDGE('',*,*,#3529,.T.);
#2598=ORIENTED_EDGE('',*,*,#3532,.F.);
#2599=ORIENTED_EDGE('',*,*,#3535,.T.);
#2600=ORIENTED_EDGE('',*,*,#3538,.F.);
#2601=ORIENTED_EDGE('',*,*,#3541,.F.);
#2602=ORIENTED_EDGE('',*,*,#3544,.F.);
#2603=ORIENTED_EDGE('',*,*,#3804,.F.);
#2604=ORIENTED_EDGE('',*,*,#3503,.F.);
#2605=ORIENTED_EDGE('',*,*,#3507,.T.);
#2606=ORIENTED_EDGE('',*,*,#3510,.F.);
#2607=ORIENTED_EDGE('',*,*,#3513,.T.);
#2608=ORIENTED_EDGE('',*,*,#3516,.F.);
#2609=ORIENTED_EDGE('',*,*,#3519,.F.);
#2610=ORIENTED_EDGE('',*,*,#3522,.F.);
#2611=ORIENTED_EDGE('',*,*,#3802,.F.);
#2612=ORIENTED_EDGE('',*,*,#3481,.F.);
#2613=ORIENTED_EDGE('',*,*,#3485,.T.);
#2614=ORIENTED_EDGE('',*,*,#3488,.F.);
#2615=ORIENTED_EDGE('',*,*,#3491,.T.);
#2616=ORIENTED_EDGE('',*,*,#3494,.F.);
#2617=ORIENTED_EDGE('',*,*,#3497,.F.);
#2618=ORIENTED_EDGE('',*,*,#3500,.F.);
#2619=ORIENTED_EDGE('',*,*,#3800,.F.);
#2620=ORIENTED_EDGE('',*,*,#3459,.F.);
#2621=ORIENTED_EDGE('',*,*,#3463,.T.);
#2622=ORIENTED_EDGE('',*,*,#3466,.F.);
#2623=ORIENTED_EDGE('',*,*,#3469,.T.);
#2624=ORIENTED_EDGE('',*,*,#3472,.F.);
#2625=ORIENTED_EDGE('',*,*,#3475,.F.);
#2626=ORIENTED_EDGE('',*,*,#3478,.F.);
#2627=ORIENTED_EDGE('',*,*,#3798,.F.);
#2628=ORIENTED_EDGE('',*,*,#3437,.F.);
#2629=ORIENTED_EDGE('',*,*,#3441,.T.);
#2630=ORIENTED_EDGE('',*,*,#3444,.F.);
#2631=ORIENTED_EDGE('',*,*,#3447,.T.);
#2632=ORIENTED_EDGE('',*,*,#3450,.F.);
#2633=ORIENTED_EDGE('',*,*,#3453,.F.);
#2634=ORIENTED_EDGE('',*,*,#3456,.F.);
#2635=ORIENTED_EDGE('',*,*,#3796,.F.);
#2636=ORIENTED_EDGE('',*,*,#3415,.F.);
#2637=ORIENTED_EDGE('',*,*,#3419,.T.);
#2638=ORIENTED_EDGE('',*,*,#3422,.F.);
#2639=ORIENTED_EDGE('',*,*,#3425,.T.);
#2640=ORIENTED_EDGE('',*,*,#3428,.F.);
#2641=ORIENTED_EDGE('',*,*,#3431,.F.);
#2642=ORIENTED_EDGE('',*,*,#3434,.F.);
#2643=ORIENTED_EDGE('',*,*,#3840,.F.);
#2644=ORIENTED_EDGE('',*,*,#3838,.T.);
#2645=ORIENTED_EDGE('',*,*,#3836,.T.);
#2646=ORIENTED_EDGE('',*,*,#3834,.T.);
#2647=ORIENTED_EDGE('',*,*,#3832,.T.);
#2648=ORIENTED_EDGE('',*,*,#3785,.T.);
#2649=ORIENTED_EDGE('',*,*,#3829,.T.);
#2650=ORIENTED_EDGE('',*,*,#3792,.F.);
#2651=ORIENTED_EDGE('',*,*,#3789,.F.);
#2652=ORIENTED_EDGE('',*,*,#3775,.T.);
#2653=ORIENTED_EDGE('',*,*,#3827,.T.);
#2654=ORIENTED_EDGE('',*,*,#3782,.F.);
#2655=ORIENTED_EDGE('',*,*,#3779,.F.);
#2656=ORIENTED_EDGE('',*,*,#3765,.T.);
#2657=ORIENTED_EDGE('',*,*,#3825,.T.);
#2658=ORIENTED_EDGE('',*,*,#3772,.F.);
#2659=ORIENTED_EDGE('',*,*,#3769,.F.);
#2660=ORIENTED_EDGE('',*,*,#3743,.T.);
#2661=ORIENTED_EDGE('',*,*,#3823,.T.);
#2662=ORIENTED_EDGE('',*,*,#3762,.T.);
#2663=ORIENTED_EDGE('',*,*,#3759,.T.);
#2664=ORIENTED_EDGE('',*,*,#3756,.T.);
#2665=ORIENTED_EDGE('',*,*,#3753,.F.);
#2666=ORIENTED_EDGE('',*,*,#3750,.T.);
#2667=ORIENTED_EDGE('',*,*,#3747,.F.);
#2668=ORIENTED_EDGE('',*,*,#3721,.T.);
#2669=ORIENTED_EDGE('',*,*,#3821,.T.);
#2670=ORIENTED_EDGE('',*,*,#3740,.T.);
#2671=ORIENTED_EDGE('',*,*,#3737,.T.);
#2672=ORIENTED_EDGE('',*,*,#3734,.T.);
#2673=ORIENTED_EDGE('',*,*,#3731,.F.);
#2674=ORIENTED_EDGE('',*,*,#3728,.T.);
#2675=ORIENTED_EDGE('',*,*,#3725,.F.);
#2676=ORIENTED_EDGE('',*,*,#3699,.T.);
#2677=ORIENTED_EDGE('',*,*,#3819,.T.);
#2678=ORIENTED_EDGE('',*,*,#3718,.T.);
#2679=ORIENTED_EDGE('',*,*,#3715,.T.);
#2680=ORIENTED_EDGE('',*,*,#3712,.T.);
#2681=ORIENTED_EDGE('',*,*,#3709,.F.);
#2682=ORIENTED_EDGE('',*,*,#3706,.T.);
#2683=ORIENTED_EDGE('',*,*,#3703,.F.);
#2684=ORIENTED_EDGE('',*,*,#3677,.T.);
#2685=ORIENTED_EDGE('',*,*,#3817,.T.);
#2686=ORIENTED_EDGE('',*,*,#3696,.T.);
#2687=ORIENTED_EDGE('',*,*,#3693,.T.);
#2688=ORIENTED_EDGE('',*,*,#3690,.T.);
#2689=ORIENTED_EDGE('',*,*,#3687,.F.);
#2690=ORIENTED_EDGE('',*,*,#3684,.T.);
#2691=ORIENTED_EDGE('',*,*,#3681,.F.);
#2692=ORIENTED_EDGE('',*,*,#3655,.T.);
#2693=ORIENTED_EDGE('',*,*,#3815,.T.);
#2694=ORIENTED_EDGE('',*,*,#3674,.T.);
#2695=ORIENTED_EDGE('',*,*,#3671,.T.);
#2696=ORIENTED_EDGE('',*,*,#3668,.T.);
#2697=ORIENTED_EDGE('',*,*,#3665,.F.);
#2698=ORIENTED_EDGE('',*,*,#3662,.T.);
#2699=ORIENTED_EDGE('',*,*,#3659,.F.);
#2700=ORIENTED_EDGE('',*,*,#3633,.T.);
#2701=ORIENTED_EDGE('',*,*,#3813,.T.);
#2702=ORIENTED_EDGE('',*,*,#3652,.T.);
#2703=ORIENTED_EDGE('',*,*,#3649,.T.);
#2704=ORIENTED_EDGE('',*,*,#3646,.T.);
#2705=ORIENTED_EDGE('',*,*,#3643,.F.);
#2706=ORIENTED_EDGE('',*,*,#3640,.T.);
#2707=ORIENTED_EDGE('',*,*,#3637,.F.);
#2708=ORIENTED_EDGE('',*,*,#3611,.T.);
#2709=ORIENTED_EDGE('',*,*,#3811,.T.);
#2710=ORIENTED_EDGE('',*,*,#3630,.T.);
#2711=ORIENTED_EDGE('',*,*,#3627,.T.);
#2712=ORIENTED_EDGE('',*,*,#3624,.T.);
#2713=ORIENTED_EDGE('',*,*,#3621,.F.);
#2714=ORIENTED_EDGE('',*,*,#3618,.T.);
#2715=ORIENTED_EDGE('',*,*,#3615,.F.);
#2716=ORIENTED_EDGE('',*,*,#3589,.T.);
#2717=ORIENTED_EDGE('',*,*,#3809,.T.);
#2718=ORIENTED_EDGE('',*,*,#3608,.T.);
#2719=ORIENTED_EDGE('',*,*,#3605,.T.);
#2720=ORIENTED_EDGE('',*,*,#3602,.T.);
#2721=ORIENTED_EDGE('',*,*,#3599,.F.);
#2722=ORIENTED_EDGE('',*,*,#3596,.T.);
#2723=ORIENTED_EDGE('',*,*,#3593,.F.);
#2724=ORIENTED_EDGE('',*,*,#3567,.T.);
#2725=ORIENTED_EDGE('',*,*,#3807,.T.);
#2726=ORIENTED_EDGE('',*,*,#3586,.T.);
#2727=ORIENTED_EDGE('',*,*,#3583,.T.);
#2728=ORIENTED_EDGE('',*,*,#3580,.T.);
#2729=ORIENTED_EDGE('',*,*,#3577,.F.);
#2730=ORIENTED_EDGE('',*,*,#3574,.T.);
#2731=ORIENTED_EDGE('',*,*,#3571,.F.);
#2732=ORIENTED_EDGE('',*,*,#3545,.T.);
#2733=ORIENTED_EDGE('',*,*,#3805,.T.);
#2734=ORIENTED_EDGE('',*,*,#3564,.T.);
#2735=ORIENTED_EDGE('',*,*,#3561,.T.);
#2736=ORIENTED_EDGE('',*,*,#3558,.T.);
#2737=ORIENTED_EDGE('',*,*,#3555,.F.);
#2738=ORIENTED_EDGE('',*,*,#3552,.T.);
#2739=ORIENTED_EDGE('',*,*,#3549,.F.);
#2740=ORIENTED_EDGE('',*,*,#3523,.T.);
#2741=ORIENTED_EDGE('',*,*,#3803,.T.);
#2742=ORIENTED_EDGE('',*,*,#3542,.T.);
#2743=ORIENTED_EDGE('',*,*,#3539,.T.);
#2744=ORIENTED_EDGE('',*,*,#3536,.T.);
#2745=ORIENTED_EDGE('',*,*,#3533,.F.);
#2746=ORIENTED_EDGE('',*,*,#3530,.T.);
#2747=ORIENTED_EDGE('',*,*,#3527,.F.);
#2748=ORIENTED_EDGE('',*,*,#3501,.T.);
#2749=ORIENTED_EDGE('',*,*,#3801,.T.);
#2750=ORIENTED_EDGE('',*,*,#3520,.T.);
#2751=ORIENTED_EDGE('',*,*,#3517,.T.);
#2752=ORIENTED_EDGE('',*,*,#3514,.T.);
#2753=ORIENTED_EDGE('',*,*,#3511,.F.);
#2754=ORIENTED_EDGE('',*,*,#3508,.T.);
#2755=ORIENTED_EDGE('',*,*,#3505,.F.);
#2756=ORIENTED_EDGE('',*,*,#3479,.T.);
#2757=ORIENTED_EDGE('',*,*,#3799,.T.);
#2758=ORIENTED_EDGE('',*,*,#3498,.T.);
#2759=ORIENTED_EDGE('',*,*,#3495,.T.);
#2760=ORIENTED_EDGE('',*,*,#3492,.T.);
#2761=ORIENTED_EDGE('',*,*,#3489,.F.);
#2762=ORIENTED_EDGE('',*,*,#3486,.T.);
#2763=ORIENTED_EDGE('',*,*,#3483,.F.);
#2764=ORIENTED_EDGE('',*,*,#3457,.T.);
#2765=ORIENTED_EDGE('',*,*,#3797,.T.);
#2766=ORIENTED_EDGE('',*,*,#3476,.T.);
#2767=ORIENTED_EDGE('',*,*,#3473,.T.);
#2768=ORIENTED_EDGE('',*,*,#3470,.T.);
#2769=ORIENTED_EDGE('',*,*,#3467,.F.);
#2770=ORIENTED_EDGE('',*,*,#3464,.T.);
#2771=ORIENTED_EDGE('',*,*,#3461,.F.);
#2772=ORIENTED_EDGE('',*,*,#3435,.T.);
#2773=ORIENTED_EDGE('',*,*,#3795,.T.);
#2774=ORIENTED_EDGE('',*,*,#3454,.T.);
#2775=ORIENTED_EDGE('',*,*,#3451,.T.);
#2776=ORIENTED_EDGE('',*,*,#3448,.T.);
#2777=ORIENTED_EDGE('',*,*,#3445,.F.);
#2778=ORIENTED_EDGE('',*,*,#3442,.T.);
#2779=ORIENTED_EDGE('',*,*,#3439,.F.);
#2780=ORIENTED_EDGE('',*,*,#3413,.T.);
#2781=ORIENTED_EDGE('',*,*,#3839,.T.);
#2782=ORIENTED_EDGE('',*,*,#3432,.T.);
#2783=ORIENTED_EDGE('',*,*,#3429,.T.);
#2784=ORIENTED_EDGE('',*,*,#3426,.T.);
#2785=ORIENTED_EDGE('',*,*,#3423,.F.);
#2786=ORIENTED_EDGE('',*,*,#3420,.T.);
#2787=ORIENTED_EDGE('',*,*,#3417,.F.);
#2788=EDGE_CURVE('',#3841,#3842,#4635,.F.);
#2789=EDGE_CURVE('',#3842,#3843,#4636,.T.);
#2790=EDGE_CURVE('',#3844,#3843,#4637,.F.);
#2791=EDGE_CURVE('',#3841,#3844,#4638,.F.);
#2792=EDGE_CURVE('',#3845,#3846,#4639,.F.);
#2793=EDGE_CURVE('',#3846,#3842,#4640,.T.);
#2794=EDGE_CURVE('',#3845,#3841,#4641,.F.);
#2795=EDGE_CURVE('',#3843,#3847,#4642,.T.);
#2796=EDGE_CURVE('',#3848,#3847,#4643,.F.);
#2797=EDGE_CURVE('',#3844,#3848,#4644,.T.);
#2798=EDGE_CURVE('',#3848,#3845,#4645,.T.);
#2799=EDGE_CURVE('',#3849,#3849,#278,.T.);
#2800=EDGE_CURVE('',#3850,#3850,#279,.T.);
#2801=EDGE_CURVE('',#3851,#3851,#280,.T.);
#2802=EDGE_CURVE('',#3852,#3852,#281,.T.);
#2803=EDGE_CURVE('',#3853,#3853,#282,.T.);
#2804=EDGE_CURVE('',#3854,#3854,#283,.T.);
#2805=EDGE_CURVE('',#3855,#3855,#284,.T.);
#2806=EDGE_CURVE('',#3856,#3856,#285,.T.);
#2807=EDGE_CURVE('',#3857,#3857,#286,.T.);
#2808=EDGE_CURVE('',#3858,#3858,#287,.T.);
#2809=EDGE_CURVE('',#3859,#3859,#288,.T.);
#2810=EDGE_CURVE('',#3860,#3860,#289,.T.);
#2811=EDGE_CURVE('',#3861,#3861,#290,.T.);
#2812=EDGE_CURVE('',#3862,#3862,#291,.T.);
#2813=EDGE_CURVE('',#3863,#3863,#292,.T.);
#2814=EDGE_CURVE('',#3864,#3864,#293,.T.);
#2815=EDGE_CURVE('',#3865,#3865,#294,.T.);
#2816=EDGE_CURVE('',#3866,#3866,#295,.T.);
#2817=EDGE_CURVE('',#3867,#3867,#296,.T.);
#2818=EDGE_CURVE('',#3868,#3868,#297,.T.);
#2819=EDGE_CURVE('',#3869,#3869,#298,.T.);
#2820=EDGE_CURVE('',#3870,#3870,#299,.T.);
#2821=EDGE_CURVE('',#3871,#3871,#300,.T.);
#2822=EDGE_CURVE('',#3872,#3872,#301,.T.);
#2823=EDGE_CURVE('',#3873,#3873,#302,.T.);
#2824=EDGE_CURVE('',#3874,#3874,#303,.T.);
#2825=EDGE_CURVE('',#3875,#3875,#304,.T.);
#2826=EDGE_CURVE('',#3876,#3876,#305,.T.);
#2827=EDGE_CURVE('',#3877,#3877,#306,.T.);
#2828=EDGE_CURVE('',#3878,#3878,#307,.T.);
#2829=EDGE_CURVE('',#3879,#3879,#308,.T.);
#2830=EDGE_CURVE('',#3880,#3880,#309,.T.);
#2831=EDGE_CURVE('',#3881,#3881,#310,.T.);
#2832=EDGE_CURVE('',#3882,#3882,#311,.T.);
#2833=EDGE_CURVE('',#3883,#3883,#312,.T.);
#2834=EDGE_CURVE('',#3884,#3884,#313,.T.);
#2835=EDGE_CURVE('',#3885,#3885,#314,.T.);
#2836=EDGE_CURVE('',#3886,#3886,#315,.T.);
#2837=EDGE_CURVE('',#3887,#3887,#316,.T.);
#2838=EDGE_CURVE('',#3888,#3888,#317,.T.);
#2839=EDGE_CURVE('',#3889,#3889,#318,.T.);
#2840=EDGE_CURVE('',#3890,#3890,#319,.T.);
#2841=EDGE_CURVE('',#3891,#3891,#320,.T.);
#2842=EDGE_CURVE('',#3892,#3892,#321,.T.);
#2843=EDGE_CURVE('',#3893,#3893,#322,.T.);
#2844=EDGE_CURVE('',#3894,#3894,#323,.T.);
#2845=EDGE_CURVE('',#3895,#3895,#324,.T.);
#2846=EDGE_CURVE('',#3896,#3896,#325,.T.);
#2847=EDGE_CURVE('',#3897,#3897,#326,.T.);
#2848=EDGE_CURVE('',#3898,#3898,#327,.T.);
#2849=EDGE_CURVE('',#3899,#3899,#328,.T.);
#2850=EDGE_CURVE('',#3900,#3900,#329,.T.);
#2851=EDGE_CURVE('',#3901,#3901,#330,.T.);
#2852=EDGE_CURVE('',#3902,#3902,#331,.T.);
#2853=EDGE_CURVE('',#3903,#3903,#332,.T.);
#2854=EDGE_CURVE('',#3904,#3904,#333,.T.);
#2855=EDGE_CURVE('',#3905,#3905,#334,.T.);
#2856=EDGE_CURVE('',#3906,#3906,#335,.T.);
#2857=EDGE_CURVE('',#3907,#3907,#336,.T.);
#2858=EDGE_CURVE('',#3908,#3908,#337,.T.);
#2859=EDGE_CURVE('',#3909,#3909,#338,.T.);
#2860=EDGE_CURVE('',#3910,#3910,#339,.T.);
#2861=EDGE_CURVE('',#3911,#3911,#340,.T.);
#2862=EDGE_CURVE('',#3912,#3912,#341,.T.);
#2863=EDGE_CURVE('',#3913,#3913,#342,.T.);
#2864=EDGE_CURVE('',#3914,#3914,#343,.T.);
#2865=EDGE_CURVE('',#3915,#3915,#344,.T.);
#2866=EDGE_CURVE('',#3916,#3916,#345,.T.);
#2867=EDGE_CURVE('',#3917,#3917,#346,.T.);
#2868=EDGE_CURVE('',#3918,#3918,#347,.T.);
#2869=EDGE_CURVE('',#3919,#3919,#348,.T.);
#2870=EDGE_CURVE('',#3920,#3920,#349,.T.);
#2871=EDGE_CURVE('',#3921,#3921,#350,.T.);
#2872=EDGE_CURVE('',#3922,#3922,#351,.T.);
#2873=EDGE_CURVE('',#3923,#3923,#352,.T.);
#2874=EDGE_CURVE('',#3924,#3924,#353,.T.);
#2875=EDGE_CURVE('',#3925,#3925,#354,.T.);
#2876=EDGE_CURVE('',#3926,#3926,#355,.T.);
#2877=EDGE_CURVE('',#3927,#3927,#356,.T.);
#2878=EDGE_CURVE('',#3928,#3928,#357,.T.);
#2879=EDGE_CURVE('',#3929,#3929,#358,.T.);
#2880=EDGE_CURVE('',#3930,#3930,#359,.T.);
#2881=EDGE_CURVE('',#3931,#3931,#360,.T.);
#2882=EDGE_CURVE('',#3932,#3932,#361,.T.);
#2883=EDGE_CURVE('',#3933,#3933,#362,.T.);
#2884=EDGE_CURVE('',#3934,#3934,#363,.T.);
#2885=EDGE_CURVE('',#3935,#3935,#364,.T.);
#2886=EDGE_CURVE('',#3936,#3936,#365,.T.);
#2887=EDGE_CURVE('',#3937,#3937,#366,.T.);
#2888=EDGE_CURVE('',#3938,#3938,#367,.T.);
#2889=EDGE_CURVE('',#3939,#3939,#368,.T.);
#2890=EDGE_CURVE('',#3940,#3940,#369,.T.);
#2891=EDGE_CURVE('',#3941,#3941,#370,.T.);
#2892=EDGE_CURVE('',#3942,#3942,#371,.T.);
#2893=EDGE_CURVE('',#3943,#3943,#372,.T.);
#2894=EDGE_CURVE('',#3944,#3944,#373,.T.);
#2895=EDGE_CURVE('',#3945,#3945,#374,.T.);
#2896=EDGE_CURVE('',#3946,#3946,#375,.T.);
#2897=EDGE_CURVE('',#3947,#3947,#376,.T.);
#2898=EDGE_CURVE('',#3948,#3948,#377,.T.);
#2899=EDGE_CURVE('',#3949,#3949,#378,.T.);
#2900=EDGE_CURVE('',#3950,#3950,#379,.T.);
#2901=EDGE_CURVE('',#3951,#3951,#380,.T.);
#2902=EDGE_CURVE('',#3952,#3952,#381,.T.);
#2903=EDGE_CURVE('',#3953,#3953,#382,.T.);
#2904=EDGE_CURVE('',#3954,#3954,#383,.T.);
#2905=EDGE_CURVE('',#3955,#3955,#384,.T.);
#2906=EDGE_CURVE('',#3956,#3956,#385,.T.);
#2907=EDGE_CURVE('',#3957,#3957,#386,.T.);
#2908=EDGE_CURVE('',#3958,#3958,#387,.T.);
#2909=EDGE_CURVE('',#3959,#3959,#388,.T.);
#2910=EDGE_CURVE('',#3960,#3960,#389,.T.);
#2911=EDGE_CURVE('',#3961,#3961,#390,.T.);
#2912=EDGE_CURVE('',#3962,#3962,#391,.T.);
#2913=EDGE_CURVE('',#3963,#3963,#392,.T.);
#2914=EDGE_CURVE('',#3964,#3964,#393,.T.);
#2915=EDGE_CURVE('',#3965,#3965,#394,.T.);
#2916=EDGE_CURVE('',#3966,#3966,#395,.T.);
#2917=EDGE_CURVE('',#3967,#3967,#396,.T.);
#2918=EDGE_CURVE('',#3968,#3968,#397,.T.);
#2919=EDGE_CURVE('',#3969,#3969,#398,.T.);
#2920=EDGE_CURVE('',#3970,#3970,#399,.T.);
#2921=EDGE_CURVE('',#3971,#3971,#400,.T.);
#2922=EDGE_CURVE('',#3972,#3972,#401,.T.);
#2923=EDGE_CURVE('',#3973,#3973,#402,.T.);
#2924=EDGE_CURVE('',#3974,#3974,#403,.T.);
#2925=EDGE_CURVE('',#3975,#3975,#404,.T.);
#2926=EDGE_CURVE('',#3976,#3976,#405,.T.);
#2927=EDGE_CURVE('',#3977,#3977,#406,.T.);
#2928=EDGE_CURVE('',#3978,#3978,#407,.T.);
#2929=EDGE_CURVE('',#3847,#3846,#4646,.T.);
#2930=EDGE_CURVE('',#3979,#3979,#408,.T.);
#2931=EDGE_CURVE('',#3980,#3980,#409,.T.);
#2932=EDGE_CURVE('',#3981,#3981,#410,.T.);
#2933=EDGE_CURVE('',#3982,#3982,#411,.T.);
#2934=EDGE_CURVE('',#3983,#3983,#412,.T.);
#2935=EDGE_CURVE('',#3984,#3984,#413,.T.);
#2936=EDGE_CURVE('',#3985,#3985,#414,.T.);
#2937=EDGE_CURVE('',#3986,#3986,#415,.T.);
#2938=EDGE_CURVE('',#3987,#3987,#416,.T.);
#2939=EDGE_CURVE('',#3988,#3988,#417,.T.);
#2940=EDGE_CURVE('',#3989,#3989,#418,.T.);
#2941=EDGE_CURVE('',#3990,#3990,#419,.T.);
#2942=EDGE_CURVE('',#3991,#3991,#420,.T.);
#2943=EDGE_CURVE('',#3992,#3992,#421,.T.);
#2944=EDGE_CURVE('',#3993,#3993,#422,.T.);
#2945=EDGE_CURVE('',#3994,#3994,#423,.T.);
#2946=EDGE_CURVE('',#3995,#3995,#424,.T.);
#2947=EDGE_CURVE('',#3996,#3996,#425,.T.);
#2948=EDGE_CURVE('',#3997,#3997,#426,.T.);
#2949=EDGE_CURVE('',#3998,#3998,#427,.T.);
#2950=EDGE_CURVE('',#3999,#3999,#428,.T.);
#2951=EDGE_CURVE('',#4000,#4000,#429,.T.);
#2952=EDGE_CURVE('',#4001,#4001,#430,.T.);
#2953=EDGE_CURVE('',#4002,#4002,#431,.T.);
#2954=EDGE_CURVE('',#4003,#4003,#432,.T.);
#2955=EDGE_CURVE('',#4004,#4004,#433,.T.);
#2956=EDGE_CURVE('',#4005,#4005,#434,.T.);
#2957=EDGE_CURVE('',#4006,#4006,#435,.T.);
#2958=EDGE_CURVE('',#4007,#4007,#436,.T.);
#2959=EDGE_CURVE('',#4008,#4008,#437,.T.);
#2960=EDGE_CURVE('',#4009,#4009,#438,.T.);
#2961=EDGE_CURVE('',#4010,#4010,#439,.T.);
#2962=EDGE_CURVE('',#4011,#4011,#440,.T.);
#2963=EDGE_CURVE('',#4012,#4012,#441,.T.);
#2964=EDGE_CURVE('',#4013,#4013,#442,.T.);
#2965=EDGE_CURVE('',#4014,#4014,#443,.T.);
#2966=EDGE_CURVE('',#4015,#4015,#444,.T.);
#2967=EDGE_CURVE('',#4016,#4016,#445,.T.);
#2968=EDGE_CURVE('',#4017,#4017,#446,.T.);
#2969=EDGE_CURVE('',#4018,#4018,#447,.T.);
#2970=EDGE_CURVE('',#4019,#4019,#448,.T.);
#2971=EDGE_CURVE('',#4020,#4020,#449,.T.);
#2972=EDGE_CURVE('',#4021,#4021,#450,.T.);
#2973=EDGE_CURVE('',#4022,#4022,#451,.T.);
#2974=EDGE_CURVE('',#4023,#4023,#452,.T.);
#2975=EDGE_CURVE('',#4024,#4024,#453,.T.);
#2976=EDGE_CURVE('',#4025,#4025,#454,.T.);
#2977=EDGE_CURVE('',#4026,#4026,#455,.T.);
#2978=EDGE_CURVE('',#4027,#4027,#456,.T.);
#2979=EDGE_CURVE('',#4028,#4028,#457,.T.);
#2980=EDGE_CURVE('',#4029,#4029,#458,.T.);
#2981=EDGE_CURVE('',#4030,#4030,#459,.T.);
#2982=EDGE_CURVE('',#4031,#4031,#460,.T.);
#2983=EDGE_CURVE('',#4032,#4032,#461,.T.);
#2984=EDGE_CURVE('',#4033,#4033,#462,.T.);
#2985=EDGE_CURVE('',#4034,#4034,#463,.T.);
#2986=EDGE_CURVE('',#4035,#4035,#464,.T.);
#2987=EDGE_CURVE('',#4036,#4036,#465,.T.);
#2988=EDGE_CURVE('',#4037,#4037,#466,.T.);
#2989=EDGE_CURVE('',#4038,#4038,#467,.T.);
#2990=EDGE_CURVE('',#4039,#4039,#468,.T.);
#2991=EDGE_CURVE('',#4040,#4040,#469,.T.);
#2992=EDGE_CURVE('',#4041,#4041,#470,.T.);
#2993=EDGE_CURVE('',#4042,#4042,#471,.T.);
#2994=EDGE_CURVE('',#4043,#4043,#472,.T.);
#2995=EDGE_CURVE('',#4044,#4044,#473,.T.);
#2996=EDGE_CURVE('',#4045,#4045,#474,.T.);
#2997=EDGE_CURVE('',#4046,#4046,#475,.T.);
#2998=EDGE_CURVE('',#4047,#4047,#476,.T.);
#2999=EDGE_CURVE('',#4048,#4048,#477,.T.);
#3000=EDGE_CURVE('',#4049,#4049,#478,.T.);
#3001=EDGE_CURVE('',#4050,#4050,#479,.T.);
#3002=EDGE_CURVE('',#4051,#4051,#480,.T.);
#3003=EDGE_CURVE('',#4052,#4052,#481,.T.);
#3004=EDGE_CURVE('',#4053,#4053,#482,.T.);
#3005=EDGE_CURVE('',#4054,#4054,#483,.T.);
#3006=EDGE_CURVE('',#4055,#4055,#484,.T.);
#3007=EDGE_CURVE('',#4056,#4056,#485,.T.);
#3008=EDGE_CURVE('',#4057,#4057,#486,.T.);
#3009=EDGE_CURVE('',#4058,#4058,#487,.T.);
#3010=EDGE_CURVE('',#4059,#4059,#488,.T.);
#3011=EDGE_CURVE('',#4060,#4060,#489,.T.);
#3012=EDGE_CURVE('',#4061,#4061,#490,.T.);
#3013=EDGE_CURVE('',#4062,#4062,#491,.T.);
#3014=EDGE_CURVE('',#4063,#4063,#492,.T.);
#3015=EDGE_CURVE('',#4064,#4064,#493,.T.);
#3016=EDGE_CURVE('',#4065,#4065,#494,.T.);
#3017=EDGE_CURVE('',#4066,#4066,#495,.T.);
#3018=EDGE_CURVE('',#4067,#4067,#496,.T.);
#3019=EDGE_CURVE('',#4068,#4068,#497,.T.);
#3020=EDGE_CURVE('',#4069,#4069,#498,.T.);
#3021=EDGE_CURVE('',#4070,#4070,#499,.T.);
#3022=EDGE_CURVE('',#4071,#4071,#500,.T.);
#3023=EDGE_CURVE('',#4072,#4072,#501,.T.);
#3024=EDGE_CURVE('',#4073,#4073,#502,.T.);
#3025=EDGE_CURVE('',#4074,#4074,#503,.T.);
#3026=EDGE_CURVE('',#4075,#4075,#504,.T.);
#3027=EDGE_CURVE('',#4076,#4076,#505,.T.);
#3028=EDGE_CURVE('',#4077,#4077,#506,.T.);
#3029=EDGE_CURVE('',#4078,#4078,#507,.T.);
#3030=EDGE_CURVE('',#4079,#4079,#508,.T.);
#3031=EDGE_CURVE('',#4080,#4080,#509,.T.);
#3032=EDGE_CURVE('',#4081,#4081,#510,.T.);
#3033=EDGE_CURVE('',#4082,#4082,#511,.T.);
#3034=EDGE_CURVE('',#4083,#4083,#512,.T.);
#3035=EDGE_CURVE('',#4084,#4084,#513,.T.);
#3036=EDGE_CURVE('',#4085,#4085,#514,.T.);
#3037=EDGE_CURVE('',#4086,#4086,#515,.T.);
#3038=EDGE_CURVE('',#4087,#4087,#516,.T.);
#3039=EDGE_CURVE('',#4088,#4088,#517,.T.);
#3040=EDGE_CURVE('',#4089,#4089,#518,.T.);
#3041=EDGE_CURVE('',#4090,#4090,#519,.T.);
#3042=EDGE_CURVE('',#4091,#4091,#520,.T.);
#3043=EDGE_CURVE('',#4092,#4092,#521,.T.);
#3044=EDGE_CURVE('',#4093,#4093,#522,.T.);
#3045=EDGE_CURVE('',#4094,#4094,#523,.T.);
#3046=EDGE_CURVE('',#4095,#4095,#524,.T.);
#3047=EDGE_CURVE('',#4096,#4096,#525,.T.);
#3048=EDGE_CURVE('',#4097,#4097,#526,.T.);
#3049=EDGE_CURVE('',#4098,#4098,#527,.T.);
#3050=EDGE_CURVE('',#4099,#4099,#528,.T.);
#3051=EDGE_CURVE('',#4100,#4100,#529,.T.);
#3052=EDGE_CURVE('',#4101,#4101,#530,.T.);
#3053=EDGE_CURVE('',#4102,#4102,#531,.T.);
#3054=EDGE_CURVE('',#4103,#4103,#532,.T.);
#3055=EDGE_CURVE('',#4104,#4104,#533,.T.);
#3056=EDGE_CURVE('',#4105,#4105,#534,.T.);
#3057=EDGE_CURVE('',#4106,#4106,#535,.T.);
#3058=EDGE_CURVE('',#4107,#4107,#536,.T.);
#3059=EDGE_CURVE('',#4108,#4108,#537,.T.);
#3060=EDGE_CURVE('',#4109,#4110,#30,.T.);
#3061=EDGE_CURVE('',#4110,#4111,#31,.T.);
#3062=EDGE_CURVE('',#4111,#4112,#32,.T.);
#3063=EDGE_CURVE('',#4112,#4113,#33,.T.);
#3064=EDGE_CURVE('',#4113,#4114,#4647,.T.);
#3065=EDGE_CURVE('',#4114,#4115,#4648,.T.);
#3066=EDGE_CURVE('',#4115,#4116,#4649,.T.);
#3067=EDGE_CURVE('',#4116,#4117,#4650,.T.);
#3068=EDGE_CURVE('',#4117,#4118,#4651,.T.);
#3069=EDGE_CURVE('',#4118,#4119,#4652,.T.);
#3070=EDGE_CURVE('',#4119,#4120,#4653,.T.);
#3071=EDGE_CURVE('',#4120,#4121,#4654,.T.);
#3072=EDGE_CURVE('',#4121,#4122,#4655,.T.);
#3073=EDGE_CURVE('',#4122,#4123,#4656,.T.);
#3074=EDGE_CURVE('',#4123,#4109,#4657,.T.);
#3075=EDGE_CURVE('',#4124,#4125,#4658,.T.);
#3076=EDGE_CURVE('',#4125,#4126,#4659,.T.);
#3077=EDGE_CURVE('',#4126,#4127,#4660,.T.);
#3078=EDGE_CURVE('',#4127,#4128,#4661,.T.);
#3079=EDGE_CURVE('',#4128,#4129,#4662,.T.);
#3080=EDGE_CURVE('',#4129,#4130,#4663,.T.);
#3081=EDGE_CURVE('',#4130,#4131,#4664,.T.);
#3082=EDGE_CURVE('',#4131,#4132,#4665,.T.);
#3083=EDGE_CURVE('',#4132,#4133,#4666,.T.);
#3084=EDGE_CURVE('',#4133,#4134,#4667,.T.);
#3085=EDGE_CURVE('',#4134,#4135,#4668,.T.);
#3086=EDGE_CURVE('',#4135,#4136,#4669,.T.);
#3087=EDGE_CURVE('',#4136,#4137,#4670,.T.);
#3088=EDGE_CURVE('',#4137,#4138,#4671,.T.);
#3089=EDGE_CURVE('',#4138,#4139,#4672,.T.);
#3090=EDGE_CURVE('',#4139,#4124,#4673,.T.);
#3091=EDGE_CURVE('',#4140,#4141,#4674,.T.);
#3092=EDGE_CURVE('',#4141,#4142,#4675,.T.);
#3093=EDGE_CURVE('',#4142,#4143,#4676,.T.);
#3094=EDGE_CURVE('',#4143,#4144,#4677,.T.);
#3095=EDGE_CURVE('',#4144,#4145,#4678,.T.);
#3096=EDGE_CURVE('',#4145,#4146,#4679,.T.);
#3097=EDGE_CURVE('',#4146,#4147,#4680,.T.);
#3098=EDGE_CURVE('',#4147,#4148,#4681,.T.);
#3099=EDGE_CURVE('',#4148,#4149,#4682,.T.);
#3100=EDGE_CURVE('',#4149,#4150,#4683,.T.);
#3101=EDGE_CURVE('',#4150,#4151,#4684,.T.);
#3102=EDGE_CURVE('',#4151,#4152,#4685,.T.);
#3103=EDGE_CURVE('',#4152,#4153,#4686,.T.);
#3104=EDGE_CURVE('',#4153,#4154,#4687,.T.);
#3105=EDGE_CURVE('',#4154,#4155,#4688,.T.);
#3106=EDGE_CURVE('',#4155,#4140,#4689,.T.);
#3107=EDGE_CURVE('',#4156,#4157,#4690,.T.);
#3108=EDGE_CURVE('',#4158,#4157,#4691,.T.);
#3109=EDGE_CURVE('',#4159,#4158,#4692,.T.);
#3110=EDGE_CURVE('',#4159,#4156,#4693,.T.);
#3111=EDGE_CURVE('',#4160,#4161,#4694,.T.);
#3112=EDGE_CURVE('',#4161,#4162,#4695,.T.);
#3113=EDGE_CURVE('',#4163,#4162,#4696,.T.);
#3114=EDGE_CURVE('',#4160,#4163,#4697,.T.);
#3115=EDGE_CURVE('',#4164,#4165,#4698,.T.);
#3116=EDGE_CURVE('',#4165,#4166,#4699,.T.);
#3117=EDGE_CURVE('',#4166,#4167,#4700,.T.);
#3118=EDGE_CURVE('',#4167,#4168,#4701,.T.);
#3119=EDGE_CURVE('',#4168,#4169,#4702,.T.);
#3120=EDGE_CURVE('',#4169,#4170,#4703,.T.);
#3121=EDGE_CURVE('',#4170,#4171,#4704,.T.);
#3122=EDGE_CURVE('',#4171,#4172,#4705,.T.);
#3123=EDGE_CURVE('',#4172,#4173,#4706,.T.);
#3124=EDGE_CURVE('',#4173,#4174,#4707,.T.);
#3125=EDGE_CURVE('',#4174,#4175,#4708,.T.);
#3126=EDGE_CURVE('',#4175,#4164,#4709,.T.);
#3127=EDGE_CURVE('',#4176,#4177,#34,.T.);
#3128=EDGE_CURVE('',#4177,#4178,#35,.T.);
#3129=EDGE_CURVE('',#4178,#4179,#4710,.T.);
#3130=EDGE_CURVE('',#4179,#4180,#36,.T.);
#3131=EDGE_CURVE('',#4180,#4181,#37,.T.);
#3132=EDGE_CURVE('',#4181,#4182,#4711,.T.);
#3133=EDGE_CURVE('',#4182,#4183,#4712,.T.);
#3134=EDGE_CURVE('',#4183,#4184,#4713,.T.);
#3135=EDGE_CURVE('',#4184,#4185,#4714,.T.);
#3136=EDGE_CURVE('',#4185,#4186,#4715,.T.);
#3137=EDGE_CURVE('',#4186,#4187,#4716,.T.);
#3138=EDGE_CURVE('',#4187,#4176,#4717,.T.);
#3139=EDGE_CURVE('',#4188,#4189,#38,.T.);
#3140=EDGE_CURVE('',#4189,#4190,#39,.T.);
#3141=EDGE_CURVE('',#4190,#4191,#40,.T.);
#3142=EDGE_CURVE('',#4191,#4192,#41,.T.);
#3143=EDGE_CURVE('',#4192,#4193,#42,.T.);
#3144=EDGE_CURVE('',#4193,#4194,#43,.T.);
#3145=EDGE_CURVE('',#4194,#4195,#4718,.T.);
#3146=EDGE_CURVE('',#4195,#4196,#44,.T.);
#3147=EDGE_CURVE('',#4196,#4197,#45,.T.);
#3148=EDGE_CURVE('',#4197,#4198,#4719,.T.);
#3149=EDGE_CURVE('',#4198,#4199,#4720,.T.);
#3150=EDGE_CURVE('',#4199,#4200,#4721,.T.);
#3151=EDGE_CURVE('',#4200,#4201,#46,.T.);
#3152=EDGE_CURVE('',#4201,#4202,#47,.T.);
#3153=EDGE_CURVE('',#4202,#4203,#4722,.T.);
#3154=EDGE_CURVE('',#4203,#4204,#48,.T.);
#3155=EDGE_CURVE('',#4204,#4205,#49,.T.);
#3156=EDGE_CURVE('',#4205,#4206,#4723,.T.);
#3157=EDGE_CURVE('',#4206,#4207,#4724,.T.);
#3158=EDGE_CURVE('',#4207,#4208,#4725,.T.);
#3159=EDGE_CURVE('',#4208,#4209,#4726,.T.);
#3160=EDGE_CURVE('',#4209,#4210,#4727,.T.);
#3161=EDGE_CURVE('',#4210,#4211,#4728,.T.);
#3162=EDGE_CURVE('',#4211,#4212,#4729,.T.);
#3163=EDGE_CURVE('',#4212,#4213,#4730,.T.);
#3164=EDGE_CURVE('',#4213,#4214,#4731,.T.);
#3165=EDGE_CURVE('',#4214,#4215,#4732,.T.);
#3166=EDGE_CURVE('',#4215,#4188,#4733,.T.);
#3167=EDGE_CURVE('',#4216,#4217,#4734,.T.);
#3168=EDGE_CURVE('',#4218,#4216,#4735,.T.);
#3169=EDGE_CURVE('',#4218,#4219,#4736,.T.);
#3170=EDGE_CURVE('',#4219,#4217,#4737,.T.);
#3171=EDGE_CURVE('',#4220,#4221,#4738,.T.);
#3172=EDGE_CURVE('',#4221,#4222,#4739,.T.);
#3173=EDGE_CURVE('',#4223,#4222,#4740,.T.);
#3174=EDGE_CURVE('',#4220,#4223,#4741,.T.);
#3175=EDGE_CURVE('',#4224,#4225,#4742,.T.);
#3176=EDGE_CURVE('',#4224,#4226,#4743,.T.);
#3177=EDGE_CURVE('',#4226,#4227,#4744,.T.);
#3178=EDGE_CURVE('',#4227,#4225,#4745,.T.);
#3179=EDGE_CURVE('',#4156,#4216,#4746,.T.);
#3180=EDGE_CURVE('',#4159,#4218,#4747,.T.);
#3181=EDGE_CURVE('',#4157,#4217,#4748,.T.);
#3182=EDGE_CURVE('',#4158,#4219,#4749,.T.);
#3183=EDGE_CURVE('',#4228,#4228,#538,.T.);
#3184=EDGE_CURVE('',#4229,#4229,#539,.T.);
#3185=EDGE_CURVE('',#4230,#4230,#540,.T.);
#3186=EDGE_CURVE('',#4231,#4231,#541,.T.);
#3187=EDGE_CURVE('',#4232,#4232,#542,.T.);
#3188=EDGE_CURVE('',#4233,#4233,#543,.T.);
#3189=EDGE_CURVE('',#4234,#4234,#544,.T.);
#3190=EDGE_CURVE('',#4235,#4235,#545,.T.);
#3191=EDGE_CURVE('',#4236,#4237,#4750,.T.);
#3192=EDGE_CURVE('',#4238,#4236,#4751,.T.);
#3193=EDGE_CURVE('',#4239,#4238,#4752,.T.);
#3194=EDGE_CURVE('',#4239,#4240,#4753,.T.);
#3195=EDGE_CURVE('',#4240,#4227,#4754,.T.);
#3196=EDGE_CURVE('',#4226,#4241,#4755,.T.);
#3197=EDGE_CURVE('',#4241,#4237,#4756,.T.);
#3198=EDGE_CURVE('',#4238,#4242,#4757,.T.);
#3199=EDGE_CURVE('',#4243,#4242,#4758,.T.);
#3200=EDGE_CURVE('',#4239,#4243,#4759,.T.);
#3201=EDGE_CURVE('',#4242,#4244,#4760,.T.);
#3202=EDGE_CURVE('',#4244,#4245,#4761,.T.);
#3203=EDGE_CURVE('',#4246,#4245,#4762,.T.);
#3204=EDGE_CURVE('',#4224,#4246,#4763,.T.);
#3205=EDGE_CURVE('',#4247,#4225,#4764,.T.);
#3206=EDGE_CURVE('',#4243,#4247,#4765,.T.);
#3207=EDGE_CURVE('',#4240,#4247,#4766,.T.);
#3208=EDGE_CURVE('',#4244,#4236,#4767,.T.);
#3209=EDGE_CURVE('',#4221,#4246,#4768,.T.);
#3210=EDGE_CURVE('',#4222,#4245,#4769,.T.);
#3211=EDGE_CURVE('',#4241,#4161,#4770,.T.);
#3212=EDGE_CURVE('',#4237,#4160,#4771,.T.);
#3213=EDGE_CURVE('',#4223,#4163,#4772,.T.);
#3214=EDGE_CURVE('',#4220,#4162,#4773,.T.);
#3215=EDGE_CURVE('',#4248,#4140,#4774,.T.);
#3216=EDGE_CURVE('',#4248,#4249,#4775,.T.);
#3217=EDGE_CURVE('',#4249,#4141,#4776,.T.);
#3218=EDGE_CURVE('',#4250,#4155,#4777,.T.);
#3219=EDGE_CURVE('',#4250,#4248,#4778,.T.);
#3220=EDGE_CURVE('',#4251,#4154,#4779,.T.);
#3221=EDGE_CURVE('',#4251,#4250,#4780,.T.);
#3222=EDGE_CURVE('',#4252,#4153,#4781,.T.);
#3223=EDGE_CURVE('',#4252,#4251,#4782,.T.);
#3224=EDGE_CURVE('',#4253,#4152,#4783,.T.);
#3225=EDGE_CURVE('',#4253,#4252,#4784,.T.);
#3226=EDGE_CURVE('',#4254,#4151,#4785,.T.);
#3227=EDGE_CURVE('',#4254,#4253,#4786,.T.);
#3228=EDGE_CURVE('',#4255,#4150,#4787,.T.);
#3229=EDGE_CURVE('',#4255,#4254,#4788,.T.);
#3230=EDGE_CURVE('',#4256,#4149,#4789,.T.);
#3231=EDGE_CURVE('',#4256,#4255,#4790,.T.);
#3232=EDGE_CURVE('',#4257,#4148,#4791,.T.);
#3233=EDGE_CURVE('',#4257,#4256,#4792,.T.);
#3234=EDGE_CURVE('',#4258,#4147,#4793,.T.);
#3235=EDGE_CURVE('',#4258,#4257,#4794,.T.);
#3236=EDGE_CURVE('',#4259,#4146,#4795,.T.);
#3237=EDGE_CURVE('',#4259,#4258,#4796,.T.);
#3238=EDGE_CURVE('',#4260,#4145,#4797,.T.);
#3239=EDGE_CURVE('',#4260,#4259,#4798,.T.);
#3240=EDGE_CURVE('',#4261,#4144,#4799,.T.);
#3241=EDGE_CURVE('',#4261,#4260,#4800,.T.);
#3242=EDGE_CURVE('',#4262,#4143,#4801,.T.);
#3243=EDGE_CURVE('',#4262,#4261,#4802,.T.);
#3244=EDGE_CURVE('',#4263,#4142,#4803,.T.);
#3245=EDGE_CURVE('',#4263,#4262,#4804,.T.);
#3246=EDGE_CURVE('',#4249,#4263,#4805,.T.);
#3247=EDGE_CURVE('',#4264,#4164,#4806,.T.);
#3248=EDGE_CURVE('',#4264,#4265,#4807,.T.);
#3249=EDGE_CURVE('',#4265,#4165,#4808,.T.);
#3250=EDGE_CURVE('',#4266,#4175,#4809,.T.);
#3251=EDGE_CURVE('',#4266,#4264,#4810,.T.);
#3252=EDGE_CURVE('',#4267,#4174,#4811,.T.);
#3253=EDGE_CURVE('',#4267,#4266,#4812,.T.);
#3254=EDGE_CURVE('',#4268,#4173,#4813,.T.);
#3255=EDGE_CURVE('',#4268,#4267,#4814,.T.);
#3256=EDGE_CURVE('',#4269,#4172,#4815,.T.);
#3257=EDGE_CURVE('',#4269,#4268,#4816,.T.);
#3258=EDGE_CURVE('',#4270,#4171,#4817,.T.);
#3259=EDGE_CURVE('',#4270,#4269,#4818,.T.);
#3260=EDGE_CURVE('',#4271,#4170,#4819,.T.);
#3261=EDGE_CURVE('',#4271,#4270,#4820,.T.);
#3262=EDGE_CURVE('',#4272,#4169,#4821,.T.);
#3263=EDGE_CURVE('',#4272,#4271,#4822,.T.);
#3264=EDGE_CURVE('',#4273,#4168,#4823,.T.);
#3265=EDGE_CURVE('',#4273,#4272,#4824,.T.);
#3266=EDGE_CURVE('',#4274,#4167,#4825,.T.);
#3267=EDGE_CURVE('',#4274,#4273,#4826,.T.);
#3268=EDGE_CURVE('',#4275,#4166,#4827,.T.);
#3269=EDGE_CURVE('',#4275,#4274,#4828,.T.);
#3270=EDGE_CURVE('',#4265,#4275,#4829,.T.);
#3271=EDGE_CURVE('',#4276,#4124,#4830,.T.);
#3272=EDGE_CURVE('',#4276,#4277,#4831,.T.);
#3273=EDGE_CURVE('',#4277,#4125,#4832,.T.);
#3274=EDGE_CURVE('',#4278,#4139,#4833,.T.);
#3275=EDGE_CURVE('',#4278,#4276,#4834,.T.);
#3276=EDGE_CURVE('',#4279,#4138,#4835,.T.);
#3277=EDGE_CURVE('',#4279,#4278,#4836,.T.);
#3278=EDGE_CURVE('',#4280,#4137,#4837,.T.);
#3279=EDGE_CURVE('',#4280,#4279,#4838,.T.);
#3280=EDGE_CURVE('',#4281,#4136,#4839,.T.);
#3281=EDGE_CURVE('',#4281,#4280,#4840,.T.);
#3282=EDGE_CURVE('',#4282,#4135,#4841,.T.);
#3283=EDGE_CURVE('',#4282,#4281,#4842,.T.);
#3284=EDGE_CURVE('',#4283,#4134,#4843,.T.);
#3285=EDGE_CURVE('',#4283,#4282,#4844,.T.);
#3286=EDGE_CURVE('',#4284,#4133,#4845,.T.);
#3287=EDGE_CURVE('',#4284,#4283,#4846,.T.);
#3288=EDGE_CURVE('',#4285,#4132,#4847,.T.);
#3289=EDGE_CURVE('',#4285,#4284,#4848,.T.);
#3290=EDGE_CURVE('',#4286,#4131,#4849,.T.);
#3291=EDGE_CURVE('',#4286,#4285,#4850,.T.);
#3292=EDGE_CURVE('',#4287,#4130,#4851,.T.);
#3293=EDGE_CURVE('',#4287,#4286,#4852,.T.);
#3294=EDGE_CURVE('',#4288,#4129,#4853,.T.);
#3295=EDGE_CURVE('',#4288,#4287,#4854,.T.);
#3296=EDGE_CURVE('',#4289,#4128,#4855,.T.);
#3297=EDGE_CURVE('',#4289,#4288,#4856,.T.);
#3298=EDGE_CURVE('',#4290,#4127,#4857,.T.);
#3299=EDGE_CURVE('',#4290,#4289,#4858,.T.);
#3300=EDGE_CURVE('',#4291,#4126,#4859,.T.);
#3301=EDGE_CURVE('',#4291,#4290,#4860,.T.);
#3302=EDGE_CURVE('',#4277,#4291,#4861,.T.);
#3303=EDGE_CURVE('',#4292,#4176,#4862,.T.);
#3304=EDGE_CURVE('',#4292,#4293,#50,.T.);
#3305=EDGE_CURVE('',#4293,#4177,#4863,.T.);
#3306=EDGE_CURVE('',#4294,#4187,#4864,.T.);
#3307=EDGE_CURVE('',#4294,#4292,#4865,.T.);
#3308=EDGE_CURVE('',#4295,#4186,#4866,.T.);
#3309=EDGE_CURVE('',#4295,#4294,#4867,.T.);
#3310=EDGE_CURVE('',#4296,#4185,#4868,.T.);
#3311=EDGE_CURVE('',#4296,#4295,#4869,.T.);
#3312=EDGE_CURVE('',#4297,#4184,#4870,.T.);
#3313=EDGE_CURVE('',#4297,#4296,#4871,.T.);
#3314=EDGE_CURVE('',#4298,#4183,#4872,.T.);
#3315=EDGE_CURVE('',#4298,#4297,#4873,.T.);
#3316=EDGE_CURVE('',#4299,#4182,#4874,.T.);
#3317=EDGE_CURVE('',#4299,#4298,#4875,.T.);
#3318=EDGE_CURVE('',#4300,#4181,#4876,.T.);
#3319=EDGE_CURVE('',#4300,#4299,#4877,.T.);
#3320=EDGE_CURVE('',#4301,#4180,#4878,.T.);
#3321=EDGE_CURVE('',#4301,#4300,#51,.T.);
#3322=EDGE_CURVE('',#4302,#4179,#4879,.T.);
#3323=EDGE_CURVE('',#4302,#4301,#52,.T.);
#3324=EDGE_CURVE('',#4303,#4178,#4880,.T.);
#3325=EDGE_CURVE('',#4303,#4302,#4881,.T.);
#3326=EDGE_CURVE('',#4293,#4303,#53,.T.);
#3327=EDGE_CURVE('',#4304,#4109,#4882,.T.);
#3328=EDGE_CURVE('',#4304,#4305,#54,.T.);
#3329=EDGE_CURVE('',#4305,#4110,#4883,.T.);
#3330=EDGE_CURVE('',#4306,#4123,#4884,.T.);
#3331=EDGE_CURVE('',#4306,#4304,#4885,.T.);
#3332=EDGE_CURVE('',#4307,#4122,#4886,.T.);
#3333=EDGE_CURVE('',#4307,#4306,#4887,.T.);
#3334=EDGE_CURVE('',#4308,#4121,#4888,.T.);
#3335=EDGE_CURVE('',#4308,#4307,#4889,.T.);
#3336=EDGE_CURVE('',#4309,#4120,#4890,.T.);
#3337=EDGE_CURVE('',#4309,#4308,#4891,.T.);
#3338=EDGE_CURVE('',#4310,#4119,#4892,.T.);
#3339=EDGE_CURVE('',#4310,#4309,#4893,.T.);
#3340=EDGE_CURVE('',#4311,#4118,#4894,.T.);
#3341=EDGE_CURVE('',#4311,#4310,#4895,.T.);
#3342=EDGE_CURVE('',#4312,#4117,#4896,.T.);
#3343=EDGE_CURVE('',#4312,#4311,#4897,.T.);
#3344=EDGE_CURVE('',#4313,#4116,#4898,.T.);
#3345=EDGE_CURVE('',#4313,#4312,#4899,.T.);
#3346=EDGE_CURVE('',#4314,#4115,#4900,.T.);
#3347=EDGE_CURVE('',#4314,#4313,#4901,.T.);
#3348=EDGE_CURVE('',#4315,#4114,#4902,.T.);
#3349=EDGE_CURVE('',#4315,#4314,#4903,.T.);
#3350=EDGE_CURVE('',#4316,#4113,#4904,.T.);
#3351=EDGE_CURVE('',#4316,#4315,#4905,.T.);
#3352=EDGE_CURVE('',#4317,#4112,#4906,.T.);
#3353=EDGE_CURVE('',#4317,#4316,#55,.T.);
#3354=EDGE_CURVE('',#4318,#4111,#4907,.T.);
#3355=EDGE_CURVE('',#4318,#4317,#56,.T.);
#3356=EDGE_CURVE('',#4305,#4318,#57,.T.);
#3357=EDGE_CURVE('',#4319,#4188,#4908,.T.);
#3358=EDGE_CURVE('',#4319,#4320,#58,.T.);
#3359=EDGE_CURVE('',#4320,#4189,#4909,.T.);
#3360=EDGE_CURVE('',#4321,#4215,#4910,.T.);
#3361=EDGE_CURVE('',#4321,#4319,#4911,.T.);
#3362=EDGE_CURVE('',#4322,#4214,#4912,.T.);
#3363=EDGE_CURVE('',#4322,#4321,#4913,.T.);
#3364=EDGE_CURVE('',#4323,#4213,#4914,.T.);
#3365=EDGE_CURVE('',#4323,#4322,#4915,.T.);
#3366=EDGE_CURVE('',#4324,#4212,#4916,.T.);
#3367=EDGE_CURVE('',#4324,#4323,#4917,.T.);
#3368=EDGE_CURVE('',#4325,#4211,#4918,.T.);
#3369=EDGE_CURVE('',#4325,#4324,#4919,.T.);
#3370=EDGE_CURVE('',#4326,#4210,#4920,.T.);
#3371=EDGE_CURVE('',#4326,#4325,#4921,.T.);
#3372=EDGE_CURVE('',#4327,#4209,#4922,.T.);
#3373=EDGE_CURVE('',#4327,#4326,#4923,.T.);
#3374=EDGE_CURVE('',#4328,#4208,#4924,.T.);
#3375=EDGE_CURVE('',#4328,#4327,#4925,.T.);
#3376=EDGE_CURVE('',#4329,#4207,#4926,.T.);
#3377=EDGE_CURVE('',#4329,#4328,#4927,.T.);
#3378=EDGE_CURVE('',#4330,#4206,#4928,.T.);
#3379=EDGE_CURVE('',#4330,#4329,#4929,.T.);
#3380=EDGE_CURVE('',#4331,#4205,#4930,.T.);
#3381=EDGE_CURVE('',#4331,#4330,#4931,.T.);
#3382=EDGE_CURVE('',#4332,#4204,#4932,.T.);
#3383=EDGE_CURVE('',#4332,#4331,#59,.T.);
#3384=EDGE_CURVE('',#4333,#4203,#4933,.T.);
#3385=EDGE_CURVE('',#4333,#4332,#60,.T.);
#3386=EDGE_CURVE('',#4334,#4202,#4934,.T.);
#3387=EDGE_CURVE('',#4334,#4333,#4935,.T.);
#3388=EDGE_CURVE('',#4335,#4201,#4936,.T.);
#3389=EDGE_CURVE('',#4335,#4334,#61,.T.);
#3390=EDGE_CURVE('',#4336,#4200,#4937,.T.);
#3391=EDGE_CURVE('',#4336,#4335,#62,.T.);
#3392=EDGE_CURVE('',#4337,#4199,#4938,.T.);
#3393=EDGE_CURVE('',#4337,#4336,#4939,.T.);
#3394=EDGE_CURVE('',#4338,#4198,#4940,.T.);
#3395=EDGE_CURVE('',#4338,#4337,#4941,.T.);
#3396=EDGE_CURVE('',#4339,#4197,#4942,.T.);
#3397=EDGE_CURVE('',#4339,#4338,#4943,.T.);
#3398=EDGE_CURVE('',#4340,#4196,#4944,.T.);
#3399=EDGE_CURVE('',#4340,#4339,#63,.T.);
#3400=EDGE_CURVE('',#4341,#4195,#4945,.T.);
#3401=EDGE_CURVE('',#4341,#4340,#64,.T.);
#3402=EDGE_CURVE('',#4342,#4194,#4946,.T.);
#3403=EDGE_CURVE('',#4342,#4341,#4947,.T.);
#3404=EDGE_CURVE('',#4343,#4193,#4948,.T.);
#3405=EDGE_CURVE('',#4343,#4342,#65,.T.);
#3406=EDGE_CURVE('',#4344,#4192,#4949,.T.);
#3407=EDGE_CURVE('',#4344,#4343,#66,.T.);
#3408=EDGE_CURVE('',#4345,#4191,#4950,.T.);
#3409=EDGE_CURVE('',#4345,#4344,#67,.T.);
#3410=EDGE_CURVE('',#4346,#4190,#4951,.T.);
#3411=EDGE_CURVE('',#4346,#4345,#68,.T.);
#3412=EDGE_CURVE('',#4320,#4346,#69,.T.);
#3413=EDGE_CURVE('',#4347,#4348,#546,.T.);
#3414=EDGE_CURVE('',#4349,#4347,#4952,.T.);
#3415=EDGE_CURVE('',#4349,#4350,#547,.T.);
#3416=EDGE_CURVE('',#4350,#4348,#4953,.T.);
#3417=EDGE_CURVE('',#4347,#4351,#4954,.T.);
#3418=EDGE_CURVE('',#4352,#4351,#4955,.T.);
#3419=EDGE_CURVE('',#4349,#4352,#4956,.T.);
#3420=EDGE_CURVE('',#4353,#4351,#548,.T.);
#3421=EDGE_CURVE('',#4354,#4353,#4957,.T.);
#3422=EDGE_CURVE('',#4354,#4352,#549,.T.);
#3423=EDGE_CURVE('',#4353,#4355,#4958,.T.);
#3424=EDGE_CURVE('',#4356,#4355,#4959,.T.);
#3425=EDGE_CURVE('',#4354,#4356,#4960,.T.);
#3426=EDGE_CURVE('',#4357,#4355,#550,.T.);
#3427=EDGE_CURVE('',#4358,#4357,#4961,.T.);
#3428=EDGE_CURVE('',#4358,#4356,#551,.T.);
#3429=EDGE_CURVE('',#4359,#4357,#4962,.T.);
#3430=EDGE_CURVE('',#4360,#4359,#4963,.T.);
#3431=EDGE_CURVE('',#4360,#4358,#4964,.T.);
#3432=EDGE_CURVE('',#4361,#4359,#552,.T.);
#3433=EDGE_CURVE('',#4362,#4361,#4965,.T.);
#3434=EDGE_CURVE('',#4362,#4360,#553,.T.);
#3435=EDGE_CURVE('',#4363,#4364,#554,.T.);
#3436=EDGE_CURVE('',#4365,#4363,#4966,.T.);
#3437=EDGE_CURVE('',#4365,#4366,#555,.T.);
#3438=EDGE_CURVE('',#4366,#4364,#4967,.T.);
#3439=EDGE_CURVE('',#4363,#4367,#4968,.T.);
#3440=EDGE_CURVE('',#4368,#4367,#4969,.T.);
#3441=EDGE_CURVE('',#4365,#4368,#4970,.T.);
#3442=EDGE_CURVE('',#4369,#4367,#556,.T.);
#3443=EDGE_CURVE('',#4370,#4369,#4971,.T.);
#3444=EDGE_CURVE('',#4370,#4368,#557,.T.);
#3445=EDGE_CURVE('',#4369,#4371,#4972,.T.);
#3446=EDGE_CURVE('',#4372,#4371,#4973,.T.);
#3447=EDGE_CURVE('',#4370,#4372,#4974,.T.);
#3448=EDGE_CURVE('',#4373,#4371,#558,.T.);
#3449=EDGE_CURVE('',#4374,#4373,#4975,.T.);
#3450=EDGE_CURVE('',#4374,#4372,#559,.T.);
#3451=EDGE_CURVE('',#4375,#4373,#4976,.T.);
#3452=EDGE_CURVE('',#4376,#4375,#4977,.T.);
#3453=EDGE_CURVE('',#4376,#4374,#4978,.T.);
#3454=EDGE_CURVE('',#4377,#4375,#560,.T.);
#3455=EDGE_CURVE('',#4378,#4377,#4979,.T.);
#3456=EDGE_CURVE('',#4378,#4376,#561,.T.);
#3457=EDGE_CURVE('',#4379,#4380,#562,.T.);
#3458=EDGE_CURVE('',#4381,#4379,#4980,.T.);
#3459=EDGE_CURVE('',#4381,#4382,#563,.T.);
#3460=EDGE_CURVE('',#4382,#4380,#4981,.T.);
#3461=EDGE_CURVE('',#4379,#4383,#4982,.T.);
#3462=EDGE_CURVE('',#4384,#4383,#4983,.T.);
#3463=EDGE_CURVE('',#4381,#4384,#4984,.T.);
#3464=EDGE_CURVE('',#4385,#4383,#564,.T.);
#3465=EDGE_CURVE('',#4386,#4385,#4985,.T.);
#3466=EDGE_CURVE('',#4386,#4384,#565,.T.);
#3467=EDGE_CURVE('',#4385,#4387,#4986,.T.);
#3468=EDGE_CURVE('',#4388,#4387,#4987,.T.);
#3469=EDGE_CURVE('',#4386,#4388,#4988,.T.);
#3470=EDGE_CURVE('',#4389,#4387,#566,.T.);
#3471=EDGE_CURVE('',#4390,#4389,#4989,.T.);
#3472=EDGE_CURVE('',#4390,#4388,#567,.T.);
#3473=EDGE_CURVE('',#4391,#4389,#4990,.T.);
#3474=EDGE_CURVE('',#4392,#4391,#4991,.T.);
#3475=EDGE_CURVE('',#4392,#4390,#4992,.T.);
#3476=EDGE_CURVE('',#4393,#4391,#568,.T.);
#3477=EDGE_CURVE('',#4394,#4393,#4993,.T.);
#3478=EDGE_CURVE('',#4394,#4392,#569,.T.);
#3479=EDGE_CURVE('',#4395,#4396,#570,.T.);
#3480=EDGE_CURVE('',#4397,#4395,#4994,.T.);
#3481=EDGE_CURVE('',#4397,#4398,#571,.T.);
#3482=EDGE_CURVE('',#4398,#4396,#4995,.T.);
#3483=EDGE_CURVE('',#4395,#4399,#4996,.T.);
#3484=EDGE_CURVE('',#4400,#4399,#4997,.T.);
#3485=EDGE_CURVE('',#4397,#4400,#4998,.T.);
#3486=EDGE_CURVE('',#4401,#4399,#572,.T.);
#3487=EDGE_CURVE('',#4402,#4401,#4999,.T.);
#3488=EDGE_CURVE('',#4402,#4400,#573,.T.);
#3489=EDGE_CURVE('',#4401,#4403,#5000,.T.);
#3490=EDGE_CURVE('',#4404,#4403,#5001,.T.);
#3491=EDGE_CURVE('',#4402,#4404,#5002,.T.);
#3492=EDGE_CURVE('',#4405,#4403,#574,.T.);
#3493=EDGE_CURVE('',#4406,#4405,#5003,.T.);
#3494=EDGE_CURVE('',#4406,#4404,#575,.T.);
#3495=EDGE_CURVE('',#4407,#4405,#5004,.T.);
#3496=EDGE_CURVE('',#4408,#4407,#5005,.T.);
#3497=EDGE_CURVE('',#4408,#4406,#5006,.T.);
#3498=EDGE_CURVE('',#4409,#4407,#576,.T.);
#3499=EDGE_CURVE('',#4410,#4409,#5007,.T.);
#3500=EDGE_CURVE('',#4410,#4408,#577,.T.);
#3501=EDGE_CURVE('',#4411,#4412,#578,.T.);
#3502=EDGE_CURVE('',#4413,#4411,#5008,.T.);
#3503=EDGE_CURVE('',#4413,#4414,#579,.T.);
#3504=EDGE_CURVE('',#4414,#4412,#5009,.T.);
#3505=EDGE_CURVE('',#4411,#4415,#5010,.T.);
#3506=EDGE_CURVE('',#4416,#4415,#5011,.T.);
#3507=EDGE_CURVE('',#4413,#4416,#5012,.T.);
#3508=EDGE_CURVE('',#4417,#4415,#580,.T.);
#3509=EDGE_CURVE('',#4418,#4417,#5013,.T.);
#3510=EDGE_CURVE('',#4418,#4416,#581,.T.);
#3511=EDGE_CURVE('',#4417,#4419,#5014,.T.);
#3512=EDGE_CURVE('',#4420,#4419,#5015,.T.);
#3513=EDGE_CURVE('',#4418,#4420,#5016,.T.);
#3514=EDGE_CURVE('',#4421,#4419,#582,.T.);
#3515=EDGE_CURVE('',#4422,#4421,#5017,.T.);
#3516=EDGE_CURVE('',#4422,#4420,#583,.T.);
#3517=EDGE_CURVE('',#4423,#4421,#5018,.T.);
#3518=EDGE_CURVE('',#4424,#4423,#5019,.T.);
#3519=EDGE_CURVE('',#4424,#4422,#5020,.T.);
#3520=EDGE_CURVE('',#4425,#4423,#584,.T.);
#3521=EDGE_CURVE('',#4426,#4425,#5021,.T.);
#3522=EDGE_CURVE('',#4426,#4424,#585,.T.);
#3523=EDGE_CURVE('',#4427,#4428,#586,.T.);
#3524=EDGE_CURVE('',#4429,#4427,#5022,.T.);
#3525=EDGE_CURVE('',#4429,#4430,#587,.T.);
#3526=EDGE_CURVE('',#4430,#4428,#5023,.T.);
#3527=EDGE_CURVE('',#4427,#4431,#5024,.T.);
#3528=EDGE_CURVE('',#4432,#4431,#5025,.T.);
#3529=EDGE_CURVE('',#4429,#4432,#5026,.T.);
#3530=EDGE_CURVE('',#4433,#4431,#588,.T.);
#3531=EDGE_CURVE('',#4434,#4433,#5027,.T.);
#3532=EDGE_CURVE('',#4434,#4432,#589,.T.);
#3533=EDGE_CURVE('',#4433,#4435,#5028,.T.);
#3534=EDGE_CURVE('',#4436,#4435,#5029,.T.);
#3535=EDGE_CURVE('',#4434,#4436,#5030,.T.);
#3536=EDGE_CURVE('',#4437,#4435,#590,.T.);
#3537=EDGE_CURVE('',#4438,#4437,#5031,.T.);
#3538=EDGE_CURVE('',#4438,#4436,#591,.T.);
#3539=EDGE_CURVE('',#4439,#4437,#5032,.T.);
#3540=EDGE_CURVE('',#4440,#4439,#5033,.T.);
#3541=EDGE_CURVE('',#4440,#4438,#5034,.T.);
#3542=EDGE_CURVE('',#4441,#4439,#592,.T.);
#3543=EDGE_CURVE('',#4442,#4441,#5035,.T.);
#3544=EDGE_CURVE('',#4442,#4440,#593,.T.);
#3545=EDGE_CURVE('',#4443,#4444,#594,.T.);
#3546=EDGE_CURVE('',#4445,#4443,#5036,.T.);
#3547=EDGE_CURVE('',#4445,#4446,#595,.T.);
#3548=EDGE_CURVE('',#4446,#4444,#5037,.T.);
#3549=EDGE_CURVE('',#4443,#4447,#5038,.T.);
#3550=EDGE_CURVE('',#4448,#4447,#5039,.T.);
#3551=EDGE_CURVE('',#4445,#4448,#5040,.T.);
#3552=EDGE_CURVE('',#4449,#4447,#596,.T.);
#3553=EDGE_CURVE('',#4450,#4449,#5041,.T.);
#3554=EDGE_CURVE('',#4450,#4448,#597,.T.);
#3555=EDGE_CURVE('',#4449,#4451,#5042,.T.);
#3556=EDGE_CURVE('',#4452,#4451,#5043,.T.);
#3557=EDGE_CURVE('',#4450,#4452,#5044,.T.);
#3558=EDGE_CURVE('',#4453,#4451,#598,.T.);
#3559=EDGE_CURVE('',#4454,#4453,#5045,.T.);
#3560=EDGE_CURVE('',#4454,#4452,#599,.T.);
#3561=EDGE_CURVE('',#4455,#4453,#5046,.T.);
#3562=EDGE_CURVE('',#4456,#4455,#5047,.T.);
#3563=EDGE_CURVE('',#4456,#4454,#5048,.T.);
#3564=EDGE_CURVE('',#4457,#4455,#600,.T.);
#3565=EDGE_CURVE('',#4458,#4457,#5049,.T.);
#3566=EDGE_CURVE('',#4458,#4456,#601,.T.);
#3567=EDGE_CURVE('',#4459,#4460,#602,.T.);
#3568=EDGE_CURVE('',#4461,#4459,#5050,.T.);
#3569=EDGE_CURVE('',#4461,#4462,#603,.T.);
#3570=EDGE_CURVE('',#4462,#4460,#5051,.T.);
#3571=EDGE_CURVE('',#4459,#4463,#5052,.T.);
#3572=EDGE_CURVE('',#4464,#4463,#5053,.T.);
#3573=EDGE_CURVE('',#4461,#4464,#5054,.T.);
#3574=EDGE_CURVE('',#4465,#4463,#604,.T.);
#3575=EDGE_CURVE('',#4466,#4465,#5055,.T.);
#3576=EDGE_CURVE('',#4466,#4464,#605,.T.);
#3577=EDGE_CURVE('',#4465,#4467,#5056,.T.);
#3578=EDGE_CURVE('',#4468,#4467,#5057,.T.);
#3579=EDGE_CURVE('',#4466,#4468,#5058,.T.);
#3580=EDGE_CURVE('',#4469,#4467,#606,.T.);
#3581=EDGE_CURVE('',#4470,#4469,#5059,.T.);
#3582=EDGE_CURVE('',#4470,#4468,#607,.T.);
#3583=EDGE_CURVE('',#4471,#4469,#5060,.T.);
#3584=EDGE_CURVE('',#4472,#4471,#5061,.T.);
#3585=EDGE_CURVE('',#4472,#4470,#5062,.T.);
#3586=EDGE_CURVE('',#4473,#4471,#608,.T.);
#3587=EDGE_CURVE('',#4474,#4473,#5063,.T.);
#3588=EDGE_CURVE('',#4474,#4472,#609,.T.);
#3589=EDGE_CURVE('',#4475,#4476,#610,.T.);
#3590=EDGE_CURVE('',#4477,#4475,#5064,.T.);
#3591=EDGE_CURVE('',#4477,#4478,#611,.T.);
#3592=EDGE_CURVE('',#4478,#4476,#5065,.T.);
#3593=EDGE_CURVE('',#4475,#4479,#5066,.T.);
#3594=EDGE_CURVE('',#4480,#4479,#5067,.T.);
#3595=EDGE_CURVE('',#4477,#4480,#5068,.T.);
#3596=EDGE_CURVE('',#4481,#4479,#612,.T.);
#3597=EDGE_CURVE('',#4482,#4481,#5069,.T.);
#3598=EDGE_CURVE('',#4482,#4480,#613,.T.);
#3599=EDGE_CURVE('',#4481,#4483,#5070,.T.);
#3600=EDGE_CURVE('',#4484,#4483,#5071,.T.);
#3601=EDGE_CURVE('',#4482,#4484,#5072,.T.);
#3602=EDGE_CURVE('',#4485,#4483,#614,.T.);
#3603=EDGE_CURVE('',#4486,#4485,#5073,.T.);
#3604=EDGE_CURVE('',#4486,#4484,#615,.T.);
#3605=EDGE_CURVE('',#4487,#4485,#5074,.T.);
#3606=EDGE_CURVE('',#4488,#4487,#5075,.T.);
#3607=EDGE_CURVE('',#4488,#4486,#5076,.T.);
#3608=EDGE_CURVE('',#4489,#4487,#616,.T.);
#3609=EDGE_CURVE('',#4490,#4489,#5077,.T.);
#3610=EDGE_CURVE('',#4490,#4488,#617,.T.);
#3611=EDGE_CURVE('',#4491,#4492,#618,.T.);
#3612=EDGE_CURVE('',#4493,#4491,#5078,.T.);
#3613=EDGE_CURVE('',#4493,#4494,#619,.T.);
#3614=EDGE_CURVE('',#4494,#4492,#5079,.T.);
#3615=EDGE_CURVE('',#4491,#4495,#5080,.T.);
#3616=EDGE_CURVE('',#4496,#4495,#5081,.T.);
#3617=EDGE_CURVE('',#4493,#4496,#5082,.T.);
#3618=EDGE_CURVE('',#4497,#4495,#620,.T.);
#3619=EDGE_CURVE('',#4498,#4497,#5083,.T.);
#3620=EDGE_CURVE('',#4498,#4496,#621,.T.);
#3621=EDGE_CURVE('',#4497,#4499,#5084,.T.);
#3622=EDGE_CURVE('',#4500,#4499,#5085,.T.);
#3623=EDGE_CURVE('',#4498,#4500,#5086,.T.);
#3624=EDGE_CURVE('',#4501,#4499,#622,.T.);
#3625=EDGE_CURVE('',#4502,#4501,#5087,.T.);
#3626=EDGE_CURVE('',#4502,#4500,#623,.T.);
#3627=EDGE_CURVE('',#4503,#4501,#5088,.T.);
#3628=EDGE_CURVE('',#4504,#4503,#5089,.T.);
#3629=EDGE_CURVE('',#4504,#4502,#5090,.T.);
#3630=EDGE_CURVE('',#4505,#4503,#624,.T.);
#3631=EDGE_CURVE('',#4506,#4505,#5091,.T.);
#3632=EDGE_CURVE('',#4506,#4504,#625,.T.);
#3633=EDGE_CURVE('',#4507,#4508,#626,.T.);
#3634=EDGE_CURVE('',#4509,#4507,#5092,.T.);
#3635=EDGE_CURVE('',#4509,#4510,#627,.T.);
#3636=EDGE_CURVE('',#4510,#4508,#5093,.T.);
#3637=EDGE_CURVE('',#4507,#4511,#5094,.T.);
#3638=EDGE_CURVE('',#4512,#4511,#5095,.T.);
#3639=EDGE_CURVE('',#4509,#4512,#5096,.T.);
#3640=EDGE_CURVE('',#4513,#4511,#628,.T.);
#3641=EDGE_CURVE('',#4514,#4513,#5097,.T.);
#3642=EDGE_CURVE('',#4514,#4512,#629,.T.);
#3643=EDGE_CURVE('',#4513,#4515,#5098,.T.);
#3644=EDGE_CURVE('',#4516,#4515,#5099,.T.);
#3645=EDGE_CURVE('',#4514,#4516,#5100,.T.);
#3646=EDGE_CURVE('',#4517,#4515,#630,.T.);
#3647=EDGE_CURVE('',#4518,#4517,#5101,.T.);
#3648=EDGE_CURVE('',#4518,#4516,#631,.T.);
#3649=EDGE_CURVE('',#4519,#4517,#5102,.T.);
#3650=EDGE_CURVE('',#4520,#4519,#5103,.T.);
#3651=EDGE_CURVE('',#4520,#4518,#5104,.T.);
#3652=EDGE_CURVE('',#4521,#4519,#632,.T.);
#3653=EDGE_CURVE('',#4522,#4521,#5105,.T.);
#3654=EDGE_CURVE('',#4522,#4520,#633,.T.);
#3655=EDGE_CURVE('',#4523,#4524,#634,.T.);
#3656=EDGE_CURVE('',#4525,#4523,#5106,.T.);
#3657=EDGE_CURVE('',#4525,#4526,#635,.T.);
#3658=EDGE_CURVE('',#4526,#4524,#5107,.T.);
#3659=EDGE_CURVE('',#4523,#4527,#5108,.T.);
#3660=EDGE_CURVE('',#4528,#4527,#5109,.T.);
#3661=EDGE_CURVE('',#4525,#4528,#5110,.T.);
#3662=EDGE_CURVE('',#4529,#4527,#636,.T.);
#3663=EDGE_CURVE('',#4530,#4529,#5111,.T.);
#3664=EDGE_CURVE('',#4530,#4528,#637,.T.);
#3665=EDGE_CURVE('',#4529,#4531,#5112,.T.);
#3666=EDGE_CURVE('',#4532,#4531,#5113,.T.);
#3667=EDGE_CURVE('',#4530,#4532,#5114,.T.);
#3668=EDGE_CURVE('',#4533,#4531,#638,.T.);
#3669=EDGE_CURVE('',#4534,#4533,#5115,.T.);
#3670=EDGE_CURVE('',#4534,#4532,#639,.T.);
#3671=EDGE_CURVE('',#4535,#4533,#5116,.T.);
#3672=EDGE_CURVE('',#4536,#4535,#5117,.T.);
#3673=EDGE_CURVE('',#4536,#4534,#5118,.T.);
#3674=EDGE_CURVE('',#4537,#4535,#640,.T.);
#3675=EDGE_CURVE('',#4538,#4537,#5119,.T.);
#3676=EDGE_CURVE('',#4538,#4536,#641,.T.);
#3677=EDGE_CURVE('',#4539,#4540,#642,.T.);
#3678=EDGE_CURVE('',#4541,#4539,#5120,.T.);
#3679=EDGE_CURVE('',#4541,#4542,#643,.T.);
#3680=EDGE_CURVE('',#4542,#4540,#5121,.T.);
#3681=EDGE_CURVE('',#4539,#4543,#5122,.T.);
#3682=EDGE_CURVE('',#4544,#4543,#5123,.T.);
#3683=EDGE_CURVE('',#4541,#4544,#5124,.T.);
#3684=EDGE_CURVE('',#4545,#4543,#644,.T.);
#3685=EDGE_CURVE('',#4546,#4545,#5125,.T.);
#3686=EDGE_CURVE('',#4546,#4544,#645,.T.);
#3687=EDGE_CURVE('',#4545,#4547,#5126,.T.);
#3688=EDGE_CURVE('',#4548,#4547,#5127,.T.);
#3689=EDGE_CURVE('',#4546,#4548,#5128,.T.);
#3690=EDGE_CURVE('',#4549,#4547,#646,.T.);
#3691=EDGE_CURVE('',#4550,#4549,#5129,.T.);
#3692=EDGE_CURVE('',#4550,#4548,#647,.T.);
#3693=EDGE_CURVE('',#4551,#4549,#5130,.T.);
#3694=EDGE_CURVE('',#4552,#4551,#5131,.T.);
#3695=EDGE_CURVE('',#4552,#4550,#5132,.T.);
#3696=EDGE_CURVE('',#4553,#4551,#648,.T.);
#3697=EDGE_CURVE('',#4554,#4553,#5133,.T.);
#3698=EDGE_CURVE('',#4554,#4552,#649,.T.);
#3699=EDGE_CURVE('',#4555,#4556,#650,.T.);
#3700=EDGE_CURVE('',#4557,#4555,#5134,.T.);
#3701=EDGE_CURVE('',#4557,#4558,#651,.T.);
#3702=EDGE_CURVE('',#4558,#4556,#5135,.T.);
#3703=EDGE_CURVE('',#4555,#4559,#5136,.T.);
#3704=EDGE_CURVE('',#4560,#4559,#5137,.T.);
#3705=EDGE_CURVE('',#4557,#4560,#5138,.T.);
#3706=EDGE_CURVE('',#4561,#4559,#652,.T.);
#3707=EDGE_CURVE('',#4562,#4561,#5139,.T.);
#3708=EDGE_CURVE('',#4562,#4560,#653,.T.);
#3709=EDGE_CURVE('',#4561,#4563,#5140,.T.);
#3710=EDGE_CURVE('',#4564,#4563,#5141,.T.);
#3711=EDGE_CURVE('',#4562,#4564,#5142,.T.);
#3712=EDGE_CURVE('',#4565,#4563,#654,.T.);
#3713=EDGE_CURVE('',#4566,#4565,#5143,.T.);
#3714=EDGE_CURVE('',#4566,#4564,#655,.T.);
#3715=EDGE_CURVE('',#4567,#4565,#5144,.T.);
#3716=EDGE_CURVE('',#4568,#4567,#5145,.T.);
#3717=EDGE_CURVE('',#4568,#4566,#5146,.T.);
#3718=EDGE_CURVE('',#4569,#4567,#656,.T.);
#3719=EDGE_CURVE('',#4570,#4569,#5147,.T.);
#3720=EDGE_CURVE('',#4570,#4568,#657,.T.);
#3721=EDGE_CURVE('',#4571,#4572,#658,.T.);
#3722=EDGE_CURVE('',#4573,#4571,#5148,.T.);
#3723=EDGE_CURVE('',#4573,#4574,#659,.T.);
#3724=EDGE_CURVE('',#4574,#4572,#5149,.T.);
#3725=EDGE_CURVE('',#4571,#4575,#5150,.T.);
#3726=EDGE_CURVE('',#4576,#4575,#5151,.T.);
#3727=EDGE_CURVE('',#4573,#4576,#5152,.T.);
#3728=EDGE_CURVE('',#4577,#4575,#660,.T.);
#3729=EDGE_CURVE('',#4578,#4577,#5153,.T.);
#3730=EDGE_CURVE('',#4578,#4576,#661,.T.);
#3731=EDGE_CURVE('',#4577,#4579,#5154,.T.);
#3732=EDGE_CURVE('',#4580,#4579,#5155,.T.);
#3733=EDGE_CURVE('',#4578,#4580,#5156,.T.);
#3734=EDGE_CURVE('',#4581,#4579,#662,.T.);
#3735=EDGE_CURVE('',#4582,#4581,#5157,.T.);
#3736=EDGE_CURVE('',#4582,#4580,#663,.T.);
#3737=EDGE_CURVE('',#4583,#4581,#5158,.T.);
#3738=EDGE_CURVE('',#4584,#4583,#5159,.T.);
#3739=EDGE_CURVE('',#4584,#4582,#5160,.T.);
#3740=EDGE_CURVE('',#4585,#4583,#664,.T.);
#3741=EDGE_CURVE('',#4586,#4585,#5161,.T.);
#3742=EDGE_CURVE('',#4586,#4584,#665,.T.);
#3743=EDGE_CURVE('',#4587,#4588,#666,.T.);
#3744=EDGE_CURVE('',#4589,#4587,#5162,.T.);
#3745=EDGE_CURVE('',#4589,#4590,#667,.T.);
#3746=EDGE_CURVE('',#4590,#4588,#5163,.T.);
#3747=EDGE_CURVE('',#4587,#4591,#5164,.T.);
#3748=EDGE_CURVE('',#4592,#4591,#5165,.T.);
#3749=EDGE_CURVE('',#4589,#4592,#5166,.T.);
#3750=EDGE_CURVE('',#4593,#4591,#668,.T.);
#3751=EDGE_CURVE('',#4594,#4593,#5167,.T.);
#3752=EDGE_CURVE('',#4594,#4592,#669,.T.);
#3753=EDGE_CURVE('',#4593,#4595,#5168,.T.);
#3754=EDGE_CURVE('',#4596,#4595,#5169,.T.);
#3755=EDGE_CURVE('',#4594,#4596,#5170,.T.);
#3756=EDGE_CURVE('',#4597,#4595,#670,.T.);
#3757=EDGE_CURVE('',#4598,#4597,#5171,.T.);
#3758=EDGE_CURVE('',#4598,#4596,#671,.T.);
#3759=EDGE_CURVE('',#4599,#4597,#5172,.T.);
#3760=EDGE_CURVE('',#4600,#4599,#5173,.T.);
#3761=EDGE_CURVE('',#4600,#4598,#5174,.T.);
#3762=EDGE_CURVE('',#4601,#4599,#672,.T.);
#3763=EDGE_CURVE('',#4602,#4601,#5175,.T.);
#3764=EDGE_CURVE('',#4602,#4600,#673,.T.);
#3765=EDGE_CURVE('',#4603,#4604,#5176,.T.);
#3766=EDGE_CURVE('',#4605,#4603,#5177,.T.);
#3767=EDGE_CURVE('',#4605,#4606,#5178,.T.);
#3768=EDGE_CURVE('',#4606,#4604,#5179,.T.);
#3769=EDGE_CURVE('',#4603,#4607,#5180,.T.);
#3770=EDGE_CURVE('',#4608,#4607,#5181,.T.);
#3771=EDGE_CURVE('',#4605,#4608,#5182,.T.);
#3772=EDGE_CURVE('',#4607,#4609,#5183,.T.);
#3773=EDGE_CURVE('',#4610,#4609,#5184,.T.);
#3774=EDGE_CURVE('',#4608,#4610,#5185,.T.);
#3775=EDGE_CURVE('',#4611,#4612,#5186,.T.);
#3776=EDGE_CURVE('',#4613,#4611,#5187,.T.);
#3777=EDGE_CURVE('',#4613,#4614,#5188,.T.);
#3778=EDGE_CURVE('',#4614,#4612,#5189,.T.);
#3779=EDGE_CURVE('',#4611,#4615,#5190,.T.);
#3780=EDGE_CURVE('',#4616,#4615,#5191,.T.);
#3781=EDGE_CURVE('',#4613,#4616,#5192,.T.);
#3782=EDGE_CURVE('',#4615,#4617,#5193,.T.);
#3783=EDGE_CURVE('',#4618,#4617,#5194,.T.);
#3784=EDGE_CURVE('',#4616,#4618,#5195,.T.);
#3785=EDGE_CURVE('',#4619,#4620,#5196,.T.);
#3786=EDGE_CURVE('',#4621,#4619,#5197,.T.);
#3787=EDGE_CURVE('',#4621,#4622,#5198,.T.);
#3788=EDGE_CURVE('',#4622,#4620,#5199,.T.);
#3789=EDGE_CURVE('',#4619,#4623,#5200,.T.);
#3790=EDGE_CURVE('',#4624,#4623,#5201,.T.);
#3791=EDGE_CURVE('',#4621,#4624,#5202,.T.);
#3792=EDGE_CURVE('',#4623,#4625,#5203,.T.);
#3793=EDGE_CURVE('',#4626,#4625,#5204,.T.);
#3794=EDGE_CURVE('',#4624,#4626,#5205,.T.);
#3795=EDGE_CURVE('',#4364,#4377,#5206,.T.);
#3796=EDGE_CURVE('',#4366,#4378,#5207,.T.);
#3797=EDGE_CURVE('',#4380,#4393,#5208,.T.);
#3798=EDGE_CURVE('',#4382,#4394,#5209,.T.);
#3799=EDGE_CURVE('',#4396,#4409,#5210,.T.);
#3800=EDGE_CURVE('',#4398,#4410,#5211,.T.);
#3801=EDGE_CURVE('',#4412,#4425,#5212,.T.);
#3802=EDGE_CURVE('',#4414,#4426,#5213,.T.);
#3803=EDGE_CURVE('',#4428,#4441,#5214,.T.);
#3804=EDGE_CURVE('',#4430,#4442,#5215,.T.);
#3805=EDGE_CURVE('',#4444,#4457,#5216,.T.);
#3806=EDGE_CURVE('',#4446,#4458,#5217,.T.);
#3807=EDGE_CURVE('',#4460,#4473,#5218,.T.);
#3808=EDGE_CURVE('',#4462,#4474,#5219,.T.);
#3809=EDGE_CURVE('',#4476,#4489,#5220,.T.);
#3810=EDGE_CURVE('',#4478,#4490,#5221,.T.);
#3811=EDGE_CURVE('',#4492,#4505,#5222,.T.);
#3812=EDGE_CURVE('',#4494,#4506,#5223,.T.);
#3813=EDGE_CURVE('',#4508,#4521,#5224,.T.);
#3814=EDGE_CURVE('',#4510,#4522,#5225,.T.);
#3815=EDGE_CURVE('',#4524,#4537,#5226,.T.);
#3816=EDGE_CURVE('',#4526,#4538,#5227,.T.);
#3817=EDGE_CURVE('',#4540,#4553,#5228,.T.);
#3818=EDGE_CURVE('',#4542,#4554,#5229,.T.);
#3819=EDGE_CURVE('',#4556,#4569,#5230,.T.);
#3820=EDGE_CURVE('',#4558,#4570,#5231,.T.);
#3821=EDGE_CURVE('',#4572,#4585,#5232,.T.);
#3822=EDGE_CURVE('',#4574,#4586,#5233,.T.);
#3823=EDGE_CURVE('',#4588,#4601,#5234,.T.);
#3824=EDGE_CURVE('',#4590,#4602,#5235,.T.);
#3825=EDGE_CURVE('',#4604,#4609,#5236,.T.);
#3826=EDGE_CURVE('',#4606,#4610,#5237,.T.);
#3827=EDGE_CURVE('',#4612,#4617,#5238,.T.);
#3828=EDGE_CURVE('',#4614,#4618,#5239,.T.);
#3829=EDGE_CURVE('',#4620,#4625,#5240,.T.);
#3830=EDGE_CURVE('',#4622,#4626,#5241,.T.);
#3831=EDGE_CURVE('',#4627,#4627,#674,.T.);
#3832=EDGE_CURVE('',#4628,#4628,#675,.T.);
#3833=EDGE_CURVE('',#4629,#4629,#676,.T.);
#3834=EDGE_CURVE('',#4630,#4630,#677,.T.);
#3835=EDGE_CURVE('',#4631,#4631,#678,.T.);
#3836=EDGE_CURVE('',#4632,#4632,#679,.T.);
#3837=EDGE_CURVE('',#4633,#4633,#680,.T.);
#3838=EDGE_CURVE('',#4634,#4634,#681,.T.);
#3839=EDGE_CURVE('',#4348,#4361,#5242,.T.);
#3840=EDGE_CURVE('',#4350,#4362,#5243,.T.);
#3841=VERTEX_POINT('',#11214);
#3842=VERTEX_POINT('',#11215);
#3843=VERTEX_POINT('',#11217);
#3844=VERTEX_POINT('',#11219);
#3845=VERTEX_POINT('',#11223);
#3846=VERTEX_POINT('',#11224);
#3847=VERTEX_POINT('',#11229);
#3848=VERTEX_POINT('',#11231);
#3849=VERTEX_POINT('',#11236);
#3850=VERTEX_POINT('',#11238);
#3851=VERTEX_POINT('',#11240);
#3852=VERTEX_POINT('',#11242);
#3853=VERTEX_POINT('',#11244);
#3854=VERTEX_POINT('',#11246);
#3855=VERTEX_POINT('',#11248);
#3856=VERTEX_POINT('',#11250);
#3857=VERTEX_POINT('',#11252);
#3858=VERTEX_POINT('',#11254);
#3859=VERTEX_POINT('',#11256);
#3860=VERTEX_POINT('',#11258);
#3861=VERTEX_POINT('',#11260);
#3862=VERTEX_POINT('',#11262);
#3863=VERTEX_POINT('',#11264);
#3864=VERTEX_POINT('',#11266);
#3865=VERTEX_POINT('',#11268);
#3866=VERTEX_POINT('',#11270);
#3867=VERTEX_POINT('',#11272);
#3868=VERTEX_POINT('',#11274);
#3869=VERTEX_POINT('',#11276);
#3870=VERTEX_POINT('',#11278);
#3871=VERTEX_POINT('',#11280);
#3872=VERTEX_POINT('',#11282);
#3873=VERTEX_POINT('',#11284);
#3874=VERTEX_POINT('',#11286);
#3875=VERTEX_POINT('',#11288);
#3876=VERTEX_POINT('',#11290);
#3877=VERTEX_POINT('',#11292);
#3878=VERTEX_POINT('',#11294);
#3879=VERTEX_POINT('',#11296);
#3880=VERTEX_POINT('',#11298);
#3881=VERTEX_POINT('',#11300);
#3882=VERTEX_POINT('',#11302);
#3883=VERTEX_POINT('',#11304);
#3884=VERTEX_POINT('',#11306);
#3885=VERTEX_POINT('',#11308);
#3886=VERTEX_POINT('',#11310);
#3887=VERTEX_POINT('',#11312);
#3888=VERTEX_POINT('',#11314);
#3889=VERTEX_POINT('',#11316);
#3890=VERTEX_POINT('',#11318);
#3891=VERTEX_POINT('',#11320);
#3892=VERTEX_POINT('',#11322);
#3893=VERTEX_POINT('',#11324);
#3894=VERTEX_POINT('',#11326);
#3895=VERTEX_POINT('',#11328);
#3896=VERTEX_POINT('',#11330);
#3897=VERTEX_POINT('',#11332);
#3898=VERTEX_POINT('',#11334);
#3899=VERTEX_POINT('',#11336);
#3900=VERTEX_POINT('',#11338);
#3901=VERTEX_POINT('',#11340);
#3902=VERTEX_POINT('',#11342);
#3903=VERTEX_POINT('',#11344);
#3904=VERTEX_POINT('',#11346);
#3905=VERTEX_POINT('',#11348);
#3906=VERTEX_POINT('',#11350);
#3907=VERTEX_POINT('',#11352);
#3908=VERTEX_POINT('',#11354);
#3909=VERTEX_POINT('',#11356);
#3910=VERTEX_POINT('',#11358);
#3911=VERTEX_POINT('',#11360);
#3912=VERTEX_POINT('',#11362);
#3913=VERTEX_POINT('',#11364);
#3914=VERTEX_POINT('',#11366);
#3915=VERTEX_POINT('',#11368);
#3916=VERTEX_POINT('',#11370);
#3917=VERTEX_POINT('',#11372);
#3918=VERTEX_POINT('',#11374);
#3919=VERTEX_POINT('',#11376);
#3920=VERTEX_POINT('',#11378);
#3921=VERTEX_POINT('',#11380);
#3922=VERTEX_POINT('',#11382);
#3923=VERTEX_POINT('',#11384);
#3924=VERTEX_POINT('',#11386);
#3925=VERTEX_POINT('',#11388);
#3926=VERTEX_POINT('',#11390);
#3927=VERTEX_POINT('',#11392);
#3928=VERTEX_POINT('',#11394);
#3929=VERTEX_POINT('',#11396);
#3930=VERTEX_POINT('',#11398);
#3931=VERTEX_POINT('',#11400);
#3932=VERTEX_POINT('',#11402);
#3933=VERTEX_POINT('',#11404);
#3934=VERTEX_POINT('',#11406);
#3935=VERTEX_POINT('',#11408);
#3936=VERTEX_POINT('',#11410);
#3937=VERTEX_POINT('',#11412);
#3938=VERTEX_POINT('',#11414);
#3939=VERTEX_POINT('',#11416);
#3940=VERTEX_POINT('',#11418);
#3941=VERTEX_POINT('',#11420);
#3942=VERTEX_POINT('',#11422);
#3943=VERTEX_POINT('',#11424);
#3944=VERTEX_POINT('',#11426);
#3945=VERTEX_POINT('',#11428);
#3946=VERTEX_POINT('',#11430);
#3947=VERTEX_POINT('',#11432);
#3948=VERTEX_POINT('',#11434);
#3949=VERTEX_POINT('',#11436);
#3950=VERTEX_POINT('',#11438);
#3951=VERTEX_POINT('',#11440);
#3952=VERTEX_POINT('',#11442);
#3953=VERTEX_POINT('',#11444);
#3954=VERTEX_POINT('',#11446);
#3955=VERTEX_POINT('',#11448);
#3956=VERTEX_POINT('',#11450);
#3957=VERTEX_POINT('',#11452);
#3958=VERTEX_POINT('',#11454);
#3959=VERTEX_POINT('',#11456);
#3960=VERTEX_POINT('',#11458);
#3961=VERTEX_POINT('',#11460);
#3962=VERTEX_POINT('',#11462);
#3963=VERTEX_POINT('',#11464);
#3964=VERTEX_POINT('',#11466);
#3965=VERTEX_POINT('',#11468);
#3966=VERTEX_POINT('',#11470);
#3967=VERTEX_POINT('',#11472);
#3968=VERTEX_POINT('',#11474);
#3969=VERTEX_POINT('',#11476);
#3970=VERTEX_POINT('',#11478);
#3971=VERTEX_POINT('',#11480);
#3972=VERTEX_POINT('',#11482);
#3973=VERTEX_POINT('',#11484);
#3974=VERTEX_POINT('',#11486);
#3975=VERTEX_POINT('',#11488);
#3976=VERTEX_POINT('',#11490);
#3977=VERTEX_POINT('',#11492);
#3978=VERTEX_POINT('',#11494);
#3979=VERTEX_POINT('',#11498);
#3980=VERTEX_POINT('',#11500);
#3981=VERTEX_POINT('',#11502);
#3982=VERTEX_POINT('',#11504);
#3983=VERTEX_POINT('',#11506);
#3984=VERTEX_POINT('',#11508);
#3985=VERTEX_POINT('',#11510);
#3986=VERTEX_POINT('',#11512);
#3987=VERTEX_POINT('',#11514);
#3988=VERTEX_POINT('',#11516);
#3989=VERTEX_POINT('',#11518);
#3990=VERTEX_POINT('',#11520);
#3991=VERTEX_POINT('',#11522);
#3992=VERTEX_POINT('',#11524);
#3993=VERTEX_POINT('',#11526);
#3994=VERTEX_POINT('',#11528);
#3995=VERTEX_POINT('',#11530);
#3996=VERTEX_POINT('',#11532);
#3997=VERTEX_POINT('',#11534);
#3998=VERTEX_POINT('',#11536);
#3999=VERTEX_POINT('',#11538);
#4000=VERTEX_POINT('',#11540);
#4001=VERTEX_POINT('',#11542);
#4002=VERTEX_POINT('',#11544);
#4003=VERTEX_POINT('',#11546);
#4004=VERTEX_POINT('',#11548);
#4005=VERTEX_POINT('',#11550);
#4006=VERTEX_POINT('',#11552);
#4007=VERTEX_POINT('',#11554);
#4008=VERTEX_POINT('',#11556);
#4009=VERTEX_POINT('',#11558);
#4010=VERTEX_POINT('',#11560);
#4011=VERTEX_POINT('',#11562);
#4012=VERTEX_POINT('',#11564);
#4013=VERTEX_POINT('',#11566);
#4014=VERTEX_POINT('',#11568);
#4015=VERTEX_POINT('',#11570);
#4016=VERTEX_POINT('',#11572);
#4017=VERTEX_POINT('',#11574);
#4018=VERTEX_POINT('',#11576);
#4019=VERTEX_POINT('',#11578);
#4020=VERTEX_POINT('',#11580);
#4021=VERTEX_POINT('',#11582);
#4022=VERTEX_POINT('',#11584);
#4023=VERTEX_POINT('',#11586);
#4024=VERTEX_POINT('',#11588);
#4025=VERTEX_POINT('',#11590);
#4026=VERTEX_POINT('',#11592);
#4027=VERTEX_POINT('',#11594);
#4028=VERTEX_POINT('',#11596);
#4029=VERTEX_POINT('',#11598);
#4030=VERTEX_POINT('',#11600);
#4031=VERTEX_POINT('',#11602);
#4032=VERTEX_POINT('',#11604);
#4033=VERTEX_POINT('',#11606);
#4034=VERTEX_POINT('',#11608);
#4035=VERTEX_POINT('',#11610);
#4036=VERTEX_POINT('',#11612);
#4037=VERTEX_POINT('',#11614);
#4038=VERTEX_POINT('',#11616);
#4039=VERTEX_POINT('',#11618);
#4040=VERTEX_POINT('',#11620);
#4041=VERTEX_POINT('',#11622);
#4042=VERTEX_POINT('',#11624);
#4043=VERTEX_POINT('',#11626);
#4044=VERTEX_POINT('',#11628);
#4045=VERTEX_POINT('',#11630);
#4046=VERTEX_POINT('',#11632);
#4047=VERTEX_POINT('',#11634);
#4048=VERTEX_POINT('',#11636);
#4049=VERTEX_POINT('',#11638);
#4050=VERTEX_POINT('',#11640);
#4051=VERTEX_POINT('',#11642);
#4052=VERTEX_POINT('',#11644);
#4053=VERTEX_POINT('',#11646);
#4054=VERTEX_POINT('',#11648);
#4055=VERTEX_POINT('',#11650);
#4056=VERTEX_POINT('',#11652);
#4057=VERTEX_POINT('',#11654);
#4058=VERTEX_POINT('',#11656);
#4059=VERTEX_POINT('',#11658);
#4060=VERTEX_POINT('',#11660);
#4061=VERTEX_POINT('',#11662);
#4062=VERTEX_POINT('',#11664);
#4063=VERTEX_POINT('',#11666);
#4064=VERTEX_POINT('',#11668);
#4065=VERTEX_POINT('',#11670);
#4066=VERTEX_POINT('',#11672);
#4067=VERTEX_POINT('',#11674);
#4068=VERTEX_POINT('',#11676);
#4069=VERTEX_POINT('',#11678);
#4070=VERTEX_POINT('',#11680);
#4071=VERTEX_POINT('',#11682);
#4072=VERTEX_POINT('',#11684);
#4073=VERTEX_POINT('',#11686);
#4074=VERTEX_POINT('',#11688);
#4075=VERTEX_POINT('',#11690);
#4076=VERTEX_POINT('',#11692);
#4077=VERTEX_POINT('',#11694);
#4078=VERTEX_POINT('',#11696);
#4079=VERTEX_POINT('',#11698);
#4080=VERTEX_POINT('',#11700);
#4081=VERTEX_POINT('',#11702);
#4082=VERTEX_POINT('',#11704);
#4083=VERTEX_POINT('',#11706);
#4084=VERTEX_POINT('',#11708);
#4085=VERTEX_POINT('',#11710);
#4086=VERTEX_POINT('',#11712);
#4087=VERTEX_POINT('',#11714);
#4088=VERTEX_POINT('',#11716);
#4089=VERTEX_POINT('',#11718);
#4090=VERTEX_POINT('',#11720);
#4091=VERTEX_POINT('',#11722);
#4092=VERTEX_POINT('',#11724);
#4093=VERTEX_POINT('',#11726);
#4094=VERTEX_POINT('',#11728);
#4095=VERTEX_POINT('',#11730);
#4096=VERTEX_POINT('',#11732);
#4097=VERTEX_POINT('',#11734);
#4098=VERTEX_POINT('',#11736);
#4099=VERTEX_POINT('',#11738);
#4100=VERTEX_POINT('',#11740);
#4101=VERTEX_POINT('',#11742);
#4102=VERTEX_POINT('',#11744);
#4103=VERTEX_POINT('',#11746);
#4104=VERTEX_POINT('',#11748);
#4105=VERTEX_POINT('',#11750);
#4106=VERTEX_POINT('',#11752);
#4107=VERTEX_POINT('',#11754);
#4108=VERTEX_POINT('',#11756);
#4109=VERTEX_POINT('',#11893);
#4110=VERTEX_POINT('',#11894);
#4111=VERTEX_POINT('',#11898);
#4112=VERTEX_POINT('',#11902);
#4113=VERTEX_POINT('',#11906);
#4114=VERTEX_POINT('',#11908);
#4115=VERTEX_POINT('',#11910);
#4116=VERTEX_POINT('',#11912);
#4117=VERTEX_POINT('',#11914);
#4118=VERTEX_POINT('',#11916);
#4119=VERTEX_POINT('',#11918);
#4120=VERTEX_POINT('',#11920);
#4121=VERTEX_POINT('',#11922);
#4122=VERTEX_POINT('',#11924);
#4123=VERTEX_POINT('',#11926);
#4124=VERTEX_POINT('',#11929);
#4125=VERTEX_POINT('',#11930);
#4126=VERTEX_POINT('',#11932);
#4127=VERTEX_POINT('',#11934);
#4128=VERTEX_POINT('',#11936);
#4129=VERTEX_POINT('',#11938);
#4130=VERTEX_POINT('',#11940);
#4131=VERTEX_POINT('',#11942);
#4132=VERTEX_POINT('',#11944);
#4133=VERTEX_POINT('',#11946);
#4134=VERTEX_POINT('',#11948);
#4135=VERTEX_POINT('',#11950);
#4136=VERTEX_POINT('',#11952);
#4137=VERTEX_POINT('',#11954);
#4138=VERTEX_POINT('',#11956);
#4139=VERTEX_POINT('',#11958);
#4140=VERTEX_POINT('',#11961);
#4141=VERTEX_POINT('',#11962);
#4142=VERTEX_POINT('',#11964);
#4143=VERTEX_POINT('',#11966);
#4144=VERTEX_POINT('',#11968);
#4145=VERTEX_POINT('',#11970);
#4146=VERTEX_POINT('',#11972);
#4147=VERTEX_POINT('',#11974);
#4148=VERTEX_POINT('',#11976);
#4149=VERTEX_POINT('',#11978);
#4150=VERTEX_POINT('',#11980);
#4151=VERTEX_POINT('',#11982);
#4152=VERTEX_POINT('',#11984);
#4153=VERTEX_POINT('',#11986);
#4154=VERTEX_POINT('',#11988);
#4155=VERTEX_POINT('',#11990);
#4156=VERTEX_POINT('',#11993);
#4157=VERTEX_POINT('',#11994);
#4158=VERTEX_POINT('',#11996);
#4159=VERTEX_POINT('',#11998);
#4160=VERTEX_POINT('',#12001);
#4161=VERTEX_POINT('',#12002);
#4162=VERTEX_POINT('',#12004);
#4163=VERTEX_POINT('',#12006);
#4164=VERTEX_POINT('',#12009);
#4165=VERTEX_POINT('',#12010);
#4166=VERTEX_POINT('',#12012);
#4167=VERTEX_POINT('',#12014);
#4168=VERTEX_POINT('',#12016);
#4169=VERTEX_POINT('',#12018);
#4170=VERTEX_POINT('',#12020);
#4171=VERTEX_POINT('',#12022);
#4172=VERTEX_POINT('',#12024);
#4173=VERTEX_POINT('',#12026);
#4174=VERTEX_POINT('',#12028);
#4175=VERTEX_POINT('',#12030);
#4176=VERTEX_POINT('',#12035);
#4177=VERTEX_POINT('',#12036);
#4178=VERTEX_POINT('',#12040);
#4179=VERTEX_POINT('',#12042);
#4180=VERTEX_POINT('',#12046);
#4181=VERTEX_POINT('',#12050);
#4182=VERTEX_POINT('',#12052);
#4183=VERTEX_POINT('',#12054);
#4184=VERTEX_POINT('',#12056);
#4185=VERTEX_POINT('',#12058);
#4186=VERTEX_POINT('',#12060);
#4187=VERTEX_POINT('',#12062);
#4188=VERTEX_POINT('',#12067);
#4189=VERTEX_POINT('',#12068);
#4190=VERTEX_POINT('',#12072);
#4191=VERTEX_POINT('',#12076);
#4192=VERTEX_POINT('',#12080);
#4193=VERTEX_POINT('',#12084);
#4194=VERTEX_POINT('',#12088);
#4195=VERTEX_POINT('',#12090);
#4196=VERTEX_POINT('',#12094);
#4197=VERTEX_POINT('',#12098);
#4198=VERTEX_POINT('',#12100);
#4199=VERTEX_POINT('',#12102);
#4200=VERTEX_POINT('',#12104);
#4201=VERTEX_POINT('',#12108);
#4202=VERTEX_POINT('',#12112);
#4203=VERTEX_POINT('',#12114);
#4204=VERTEX_POINT('',#12118);
#4205=VERTEX_POINT('',#12122);
#4206=VERTEX_POINT('',#12124);
#4207=VERTEX_POINT('',#12126);
#4208=VERTEX_POINT('',#12128);
#4209=VERTEX_POINT('',#12130);
#4210=VERTEX_POINT('',#12132);
#4211=VERTEX_POINT('',#12134);
#4212=VERTEX_POINT('',#12136);
#4213=VERTEX_POINT('',#12138);
#4214=VERTEX_POINT('',#12140);
#4215=VERTEX_POINT('',#12142);
#4216=VERTEX_POINT('',#12146);
#4217=VERTEX_POINT('',#12147);
#4218=VERTEX_POINT('',#12149);
#4219=VERTEX_POINT('',#12151);
#4220=VERTEX_POINT('',#12154);
#4221=VERTEX_POINT('',#12155);
#4222=VERTEX_POINT('',#12157);
#4223=VERTEX_POINT('',#12159);
#4224=VERTEX_POINT('',#12163);
#4225=VERTEX_POINT('',#12164);
#4226=VERTEX_POINT('',#12166);
#4227=VERTEX_POINT('',#12168);
#4228=VERTEX_POINT('',#12178);
#4229=VERTEX_POINT('',#12180);
#4230=VERTEX_POINT('',#12183);
#4231=VERTEX_POINT('',#12185);
#4232=VERTEX_POINT('',#12188);
#4233=VERTEX_POINT('',#12190);
#4234=VERTEX_POINT('',#12193);
#4235=VERTEX_POINT('',#12195);
#4236=VERTEX_POINT('',#12199);
#4237=VERTEX_POINT('',#12200);
#4238=VERTEX_POINT('',#12202);
#4239=VERTEX_POINT('',#12204);
#4240=VERTEX_POINT('',#12206);
#4241=VERTEX_POINT('',#12209);
#4242=VERTEX_POINT('',#12213);
#4243=VERTEX_POINT('',#12215);
#4244=VERTEX_POINT('',#12219);
#4245=VERTEX_POINT('',#12221);
#4246=VERTEX_POINT('',#12223);
#4247=VERTEX_POINT('',#12226);
#4248=VERTEX_POINT('',#12246);
#4249=VERTEX_POINT('',#12248);
#4250=VERTEX_POINT('',#12252);
#4251=VERTEX_POINT('',#12256);
#4252=VERTEX_POINT('',#12260);
#4253=VERTEX_POINT('',#12264);
#4254=VERTEX_POINT('',#12268);
#4255=VERTEX_POINT('',#12272);
#4256=VERTEX_POINT('',#12276);
#4257=VERTEX_POINT('',#12280);
#4258=VERTEX_POINT('',#12284);
#4259=VERTEX_POINT('',#12288);
#4260=VERTEX_POINT('',#12292);
#4261=VERTEX_POINT('',#12296);
#4262=VERTEX_POINT('',#12300);
#4263=VERTEX_POINT('',#12304);
#4264=VERTEX_POINT('',#12311);
#4265=VERTEX_POINT('',#12313);
#4266=VERTEX_POINT('',#12317);
#4267=VERTEX_POINT('',#12321);
#4268=VERTEX_POINT('',#12325);
#4269=VERTEX_POINT('',#12329);
#4270=VERTEX_POINT('',#12333);
#4271=VERTEX_POINT('',#12337);
#4272=VERTEX_POINT('',#12341);
#4273=VERTEX_POINT('',#12345);
#4274=VERTEX_POINT('',#12349);
#4275=VERTEX_POINT('',#12353);
#4276=VERTEX_POINT('',#12360);
#4277=VERTEX_POINT('',#12362);
#4278=VERTEX_POINT('',#12366);
#4279=VERTEX_POINT('',#12370);
#4280=VERTEX_POINT('',#12374);
#4281=VERTEX_POINT('',#12378);
#4282=VERTEX_POINT('',#12382);
#4283=VERTEX_POINT('',#12386);
#4284=VERTEX_POINT('',#12390);
#4285=VERTEX_POINT('',#12394);
#4286=VERTEX_POINT('',#12398);
#4287=VERTEX_POINT('',#12402);
#4288=VERTEX_POINT('',#12406);
#4289=VERTEX_POINT('',#12410);
#4290=VERTEX_POINT('',#12414);
#4291=VERTEX_POINT('',#12418);
#4292=VERTEX_POINT('',#12432);
#4293=VERTEX_POINT('',#12436);
#4294=VERTEX_POINT('',#12440);
#4295=VERTEX_POINT('',#12444);
#4296=VERTEX_POINT('',#12448);
#4297=VERTEX_POINT('',#12452);
#4298=VERTEX_POINT('',#12456);
#4299=VERTEX_POINT('',#12460);
#4300=VERTEX_POINT('',#12464);
#4301=VERTEX_POINT('',#12475);
#4302=VERTEX_POINT('',#12488);
#4303=VERTEX_POINT('',#12494);
#4304=VERTEX_POINT('',#12517);
#4305=VERTEX_POINT('',#12521);
#4306=VERTEX_POINT('',#12525);
#4307=VERTEX_POINT('',#12529);
#4308=VERTEX_POINT('',#12533);
#4309=VERTEX_POINT('',#12537);
#4310=VERTEX_POINT('',#12541);
#4311=VERTEX_POINT('',#12545);
#4312=VERTEX_POINT('',#12549);
#4313=VERTEX_POINT('',#12553);
#4314=VERTEX_POINT('',#12557);
#4315=VERTEX_POINT('',#12561);
#4316=VERTEX_POINT('',#12565);
#4317=VERTEX_POINT('',#12576);
#4318=VERTEX_POINT('',#12589);
#4319=VERTEX_POINT('',#12614);
#4320=VERTEX_POINT('',#12618);
#4321=VERTEX_POINT('',#12622);
#4322=VERTEX_POINT('',#12626);
#4323=VERTEX_POINT('',#12630);
#4324=VERTEX_POINT('',#12634);
#4325=VERTEX_POINT('',#12638);
#4326=VERTEX_POINT('',#12642);
#4327=VERTEX_POINT('',#12646);
#4328=VERTEX_POINT('',#12650);
#4329=VERTEX_POINT('',#12654);
#4330=VERTEX_POINT('',#12658);
#4331=VERTEX_POINT('',#12662);
#4332=VERTEX_POINT('',#12673);
#4333=VERTEX_POINT('',#12686);
#4334=VERTEX_POINT('',#12692);
#4335=VERTEX_POINT('',#12703);
#4336=VERTEX_POINT('',#12716);
#4337=VERTEX_POINT('',#12722);
#4338=VERTEX_POINT('',#12726);
#4339=VERTEX_POINT('',#12730);
#4340=VERTEX_POINT('',#12741);
#4341=VERTEX_POINT('',#12754);
#4342=VERTEX_POINT('',#12760);
#4343=VERTEX_POINT('',#12771);
#4344=VERTEX_POINT('',#12784);
#4345=VERTEX_POINT('',#12797);
#4346=VERTEX_POINT('',#12810);
#4347=VERTEX_POINT('',#12829);
#4348=VERTEX_POINT('',#12830);
#4349=VERTEX_POINT('',#12832);
#4350=VERTEX_POINT('',#12834);
#4351=VERTEX_POINT('',#12838);
#4352=VERTEX_POINT('',#12840);
#4353=VERTEX_POINT('',#12844);
#4354=VERTEX_POINT('',#12846);
#4355=VERTEX_POINT('',#12850);
#4356=VERTEX_POINT('',#12852);
#4357=VERTEX_POINT('',#12856);
#4358=VERTEX_POINT('',#12858);
#4359=VERTEX_POINT('',#12862);
#4360=VERTEX_POINT('',#12864);
#4361=VERTEX_POINT('',#12868);
#4362=VERTEX_POINT('',#12870);
#4363=VERTEX_POINT('',#12874);
#4364=VERTEX_POINT('',#12875);
#4365=VERTEX_POINT('',#12877);
#4366=VERTEX_POINT('',#12879);
#4367=VERTEX_POINT('',#12883);
#4368=VERTEX_POINT('',#12885);
#4369=VERTEX_POINT('',#12889);
#4370=VERTEX_POINT('',#12891);
#4371=VERTEX_POINT('',#12895);
#4372=VERTEX_POINT('',#12897);
#4373=VERTEX_POINT('',#12901);
#4374=VERTEX_POINT('',#12903);
#4375=VERTEX_POINT('',#12907);
#4376=VERTEX_POINT('',#12909);
#4377=VERTEX_POINT('',#12913);
#4378=VERTEX_POINT('',#12915);
#4379=VERTEX_POINT('',#12919);
#4380=VERTEX_POINT('',#12920);
#4381=VERTEX_POINT('',#12922);
#4382=VERTEX_POINT('',#12924);
#4383=VERTEX_POINT('',#12928);
#4384=VERTEX_POINT('',#12930);
#4385=VERTEX_POINT('',#12934);
#4386=VERTEX_POINT('',#12936);
#4387=VERTEX_POINT('',#12940);
#4388=VERTEX_POINT('',#12942);
#4389=VERTEX_POINT('',#12946);
#4390=VERTEX_POINT('',#12948);
#4391=VERTEX_POINT('',#12952);
#4392=VERTEX_POINT('',#12954);
#4393=VERTEX_POINT('',#12958);
#4394=VERTEX_POINT('',#12960);
#4395=VERTEX_POINT('',#12964);
#4396=VERTEX_POINT('',#12965);
#4397=VERTEX_POINT('',#12967);
#4398=VERTEX_POINT('',#12969);
#4399=VERTEX_POINT('',#12973);
#4400=VERTEX_POINT('',#12975);
#4401=VERTEX_POINT('',#12979);
#4402=VERTEX_POINT('',#12981);
#4403=VERTEX_POINT('',#12985);
#4404=VERTEX_POINT('',#12987);
#4405=VERTEX_POINT('',#12991);
#4406=VERTEX_POINT('',#12993);
#4407=VERTEX_POINT('',#12997);
#4408=VERTEX_POINT('',#12999);
#4409=VERTEX_POINT('',#13003);
#4410=VERTEX_POINT('',#13005);
#4411=VERTEX_POINT('',#13009);
#4412=VERTEX_POINT('',#13010);
#4413=VERTEX_POINT('',#13012);
#4414=VERTEX_POINT('',#13014);
#4415=VERTEX_POINT('',#13018);
#4416=VERTEX_POINT('',#13020);
#4417=VERTEX_POINT('',#13024);
#4418=VERTEX_POINT('',#13026);
#4419=VERTEX_POINT('',#13030);
#4420=VERTEX_POINT('',#13032);
#4421=VERTEX_POINT('',#13036);
#4422=VERTEX_POINT('',#13038);
#4423=VERTEX_POINT('',#13042);
#4424=VERTEX_POINT('',#13044);
#4425=VERTEX_POINT('',#13048);
#4426=VERTEX_POINT('',#13050);
#4427=VERTEX_POINT('',#13054);
#4428=VERTEX_POINT('',#13055);
#4429=VERTEX_POINT('',#13057);
#4430=VERTEX_POINT('',#13059);
#4431=VERTEX_POINT('',#13063);
#4432=VERTEX_POINT('',#13065);
#4433=VERTEX_POINT('',#13069);
#4434=VERTEX_POINT('',#13071);
#4435=VERTEX_POINT('',#13075);
#4436=VERTEX_POINT('',#13077);
#4437=VERTEX_POINT('',#13081);
#4438=VERTEX_POINT('',#13083);
#4439=VERTEX_POINT('',#13087);
#4440=VERTEX_POINT('',#13089);
#4441=VERTEX_POINT('',#13093);
#4442=VERTEX_POINT('',#13095);
#4443=VERTEX_POINT('',#13099);
#4444=VERTEX_POINT('',#13100);
#4445=VERTEX_POINT('',#13102);
#4446=VERTEX_POINT('',#13104);
#4447=VERTEX_POINT('',#13108);
#4448=VERTEX_POINT('',#13110);
#4449=VERTEX_POINT('',#13114);
#4450=VERTEX_POINT('',#13116);
#4451=VERTEX_POINT('',#13120);
#4452=VERTEX_POINT('',#13122);
#4453=VERTEX_POINT('',#13126);
#4454=VERTEX_POINT('',#13128);
#4455=VERTEX_POINT('',#13132);
#4456=VERTEX_POINT('',#13134);
#4457=VERTEX_POINT('',#13138);
#4458=VERTEX_POINT('',#13140);
#4459=VERTEX_POINT('',#13144);
#4460=VERTEX_POINT('',#13145);
#4461=VERTEX_POINT('',#13147);
#4462=VERTEX_POINT('',#13149);
#4463=VERTEX_POINT('',#13153);
#4464=VERTEX_POINT('',#13155);
#4465=VERTEX_POINT('',#13159);
#4466=VERTEX_POINT('',#13161);
#4467=VERTEX_POINT('',#13165);
#4468=VERTEX_POINT('',#13167);
#4469=VERTEX_POINT('',#13171);
#4470=VERTEX_POINT('',#13173);
#4471=VERTEX_POINT('',#13177);
#4472=VERTEX_POINT('',#13179);
#4473=VERTEX_POINT('',#13183);
#4474=VERTEX_POINT('',#13185);
#4475=VERTEX_POINT('',#13189);
#4476=VERTEX_POINT('',#13190);
#4477=VERTEX_POINT('',#13192);
#4478=VERTEX_POINT('',#13194);
#4479=VERTEX_POINT('',#13198);
#4480=VERTEX_POINT('',#13200);
#4481=VERTEX_POINT('',#13204);
#4482=VERTEX_POINT('',#13206);
#4483=VERTEX_POINT('',#13210);
#4484=VERTEX_POINT('',#13212);
#4485=VERTEX_POINT('',#13216);
#4486=VERTEX_POINT('',#13218);
#4487=VERTEX_POINT('',#13222);
#4488=VERTEX_POINT('',#13224);
#4489=VERTEX_POINT('',#13228);
#4490=VERTEX_POINT('',#13230);
#4491=VERTEX_POINT('',#13234);
#4492=VERTEX_POINT('',#13235);
#4493=VERTEX_POINT('',#13237);
#4494=VERTEX_POINT('',#13239);
#4495=VERTEX_POINT('',#13243);
#4496=VERTEX_POINT('',#13245);
#4497=VERTEX_POINT('',#13249);
#4498=VERTEX_POINT('',#13251);
#4499=VERTEX_POINT('',#13255);
#4500=VERTEX_POINT('',#13257);
#4501=VERTEX_POINT('',#13261);
#4502=VERTEX_POINT('',#13263);
#4503=VERTEX_POINT('',#13267);
#4504=VERTEX_POINT('',#13269);
#4505=VERTEX_POINT('',#13273);
#4506=VERTEX_POINT('',#13275);
#4507=VERTEX_POINT('',#13279);
#4508=VERTEX_POINT('',#13280);
#4509=VERTEX_POINT('',#13282);
#4510=VERTEX_POINT('',#13284);
#4511=VERTEX_POINT('',#13288);
#4512=VERTEX_POINT('',#13290);
#4513=VERTEX_POINT('',#13294);
#4514=VERTEX_POINT('',#13296);
#4515=VERTEX_POINT('',#13300);
#4516=VERTEX_POINT('',#13302);
#4517=VERTEX_POINT('',#13306);
#4518=VERTEX_POINT('',#13308);
#4519=VERTEX_POINT('',#13312);
#4520=VERTEX_POINT('',#13314);
#4521=VERTEX_POINT('',#13318);
#4522=VERTEX_POINT('',#13320);
#4523=VERTEX_POINT('',#13324);
#4524=VERTEX_POINT('',#13325);
#4525=VERTEX_POINT('',#13327);
#4526=VERTEX_POINT('',#13329);
#4527=VERTEX_POINT('',#13333);
#4528=VERTEX_POINT('',#13335);
#4529=VERTEX_POINT('',#13339);
#4530=VERTEX_POINT('',#13341);
#4531=VERTEX_POINT('',#13345);
#4532=VERTEX_POINT('',#13347);
#4533=VERTEX_POINT('',#13351);
#4534=VERTEX_POINT('',#13353);
#4535=VERTEX_POINT('',#13357);
#4536=VERTEX_POINT('',#13359);
#4537=VERTEX_POINT('',#13363);
#4538=VERTEX_POINT('',#13365);
#4539=VERTEX_POINT('',#13369);
#4540=VERTEX_POINT('',#13370);
#4541=VERTEX_POINT('',#13372);
#4542=VERTEX_POINT('',#13374);
#4543=VERTEX_POINT('',#13378);
#4544=VERTEX_POINT('',#13380);
#4545=VERTEX_POINT('',#13384);
#4546=VERTEX_POINT('',#13386);
#4547=VERTEX_POINT('',#13390);
#4548=VERTEX_POINT('',#13392);
#4549=VERTEX_POINT('',#13396);
#4550=VERTEX_POINT('',#13398);
#4551=VERTEX_POINT('',#13402);
#4552=VERTEX_POINT('',#13404);
#4553=VERTEX_POINT('',#13408);
#4554=VERTEX_POINT('',#13410);
#4555=VERTEX_POINT('',#13414);
#4556=VERTEX_POINT('',#13415);
#4557=VERTEX_POINT('',#13417);
#4558=VERTEX_POINT('',#13419);
#4559=VERTEX_POINT('',#13423);
#4560=VERTEX_POINT('',#13425);
#4561=VERTEX_POINT('',#13429);
#4562=VERTEX_POINT('',#13431);
#4563=VERTEX_POINT('',#13435);
#4564=VERTEX_POINT('',#13437);
#4565=VERTEX_POINT('',#13441);
#4566=VERTEX_POINT('',#13443);
#4567=VERTEX_POINT('',#13447);
#4568=VERTEX_POINT('',#13449);
#4569=VERTEX_POINT('',#13453);
#4570=VERTEX_POINT('',#13455);
#4571=VERTEX_POINT('',#13459);
#4572=VERTEX_POINT('',#13460);
#4573=VERTEX_POINT('',#13462);
#4574=VERTEX_POINT('',#13464);
#4575=VERTEX_POINT('',#13468);
#4576=VERTEX_POINT('',#13470);
#4577=VERTEX_POINT('',#13474);
#4578=VERTEX_POINT('',#13476);
#4579=VERTEX_POINT('',#13480);
#4580=VERTEX_POINT('',#13482);
#4581=VERTEX_POINT('',#13486);
#4582=VERTEX_POINT('',#13488);
#4583=VERTEX_POINT('',#13492);
#4584=VERTEX_POINT('',#13494);
#4585=VERTEX_POINT('',#13498);
#4586=VERTEX_POINT('',#13500);
#4587=VERTEX_POINT('',#13504);
#4588=VERTEX_POINT('',#13505);
#4589=VERTEX_POINT('',#13507);
#4590=VERTEX_POINT('',#13509);
#4591=VERTEX_POINT('',#13513);
#4592=VERTEX_POINT('',#13515);
#4593=VERTEX_POINT('',#13519);
#4594=VERTEX_POINT('',#13521);
#4595=VERTEX_POINT('',#13525);
#4596=VERTEX_POINT('',#13527);
#4597=VERTEX_POINT('',#13531);
#4598=VERTEX_POINT('',#13533);
#4599=VERTEX_POINT('',#13537);
#4600=VERTEX_POINT('',#13539);
#4601=VERTEX_POINT('',#13543);
#4602=VERTEX_POINT('',#13545);
#4603=VERTEX_POINT('',#13549);
#4604=VERTEX_POINT('',#13550);
#4605=VERTEX_POINT('',#13552);
#4606=VERTEX_POINT('',#13554);
#4607=VERTEX_POINT('',#13558);
#4608=VERTEX_POINT('',#13560);
#4609=VERTEX_POINT('',#13564);
#4610=VERTEX_POINT('',#13566);
#4611=VERTEX_POINT('',#13570);
#4612=VERTEX_POINT('',#13571);
#4613=VERTEX_POINT('',#13573);
#4614=VERTEX_POINT('',#13575);
#4615=VERTEX_POINT('',#13579);
#4616=VERTEX_POINT('',#13581);
#4617=VERTEX_POINT('',#13585);
#4618=VERTEX_POINT('',#13587);
#4619=VERTEX_POINT('',#13591);
#4620=VERTEX_POINT('',#13592);
#4621=VERTEX_POINT('',#13594);
#4622=VERTEX_POINT('',#13596);
#4623=VERTEX_POINT('',#13600);
#4624=VERTEX_POINT('',#13602);
#4625=VERTEX_POINT('',#13606);
#4626=VERTEX_POINT('',#13608);
#4627=VERTEX_POINT('',#13666);
#4628=VERTEX_POINT('',#13668);
#4629=VERTEX_POINT('',#13671);
#4630=VERTEX_POINT('',#13673);
#4631=VERTEX_POINT('',#13676);
#4632=VERTEX_POINT('',#13678);
#4633=VERTEX_POINT('',#13681);
#4634=VERTEX_POINT('',#13683);
#4635=LINE('',#11213,#5244);
#4636=LINE('',#11216,#5245);
#4637=LINE('',#11218,#5246);
#4638=LINE('',#11220,#5247);
#4639=LINE('',#11222,#5248);
#4640=LINE('',#11225,#5249);
#4641=LINE('',#11226,#5250);
#4642=LINE('',#11228,#5251);
#4643=LINE('',#11230,#5252);
#4644=LINE('',#11232,#5253);
#4645=LINE('',#11234,#5254);
#4646=LINE('',#11496,#5255);
#4647=LINE('',#11907,#5256);
#4648=LINE('',#11909,#5257);
#4649=LINE('',#11911,#5258);
#4650=LINE('',#11913,#5259);
#4651=LINE('',#11915,#5260);
#4652=LINE('',#11917,#5261);
#4653=LINE('',#11919,#5262);
#4654=LINE('',#11921,#5263);
#4655=LINE('',#11923,#5264);
#4656=LINE('',#11925,#5265);
#4657=LINE('',#11927,#5266);
#4658=LINE('',#11928,#5267);
#4659=LINE('',#11931,#5268);
#4660=LINE('',#11933,#5269);
#4661=LINE('',#11935,#5270);
#4662=LINE('',#11937,#5271);
#4663=LINE('',#11939,#5272);
#4664=LINE('',#11941,#5273);
#4665=LINE('',#11943,#5274);
#4666=LINE('',#11945,#5275);
#4667=LINE('',#11947,#5276);
#4668=LINE('',#11949,#5277);
#4669=LINE('',#11951,#5278);
#4670=LINE('',#11953,#5279);
#4671=LINE('',#11955,#5280);
#4672=LINE('',#11957,#5281);
#4673=LINE('',#11959,#5282);
#4674=LINE('',#11960,#5283);
#4675=LINE('',#11963,#5284);
#4676=LINE('',#11965,#5285);
#4677=LINE('',#11967,#5286);
#4678=LINE('',#11969,#5287);
#4679=LINE('',#11971,#5288);
#4680=LINE('',#11973,#5289);
#4681=LINE('',#11975,#5290);
#4682=LINE('',#11977,#5291);
#4683=LINE('',#11979,#5292);
#4684=LINE('',#11981,#5293);
#4685=LINE('',#11983,#5294);
#4686=LINE('',#11985,#5295);
#4687=LINE('',#11987,#5296);
#4688=LINE('',#11989,#5297);
#4689=LINE('',#11991,#5298);
#4690=LINE('',#11992,#5299);
#4691=LINE('',#11995,#5300);
#4692=LINE('',#11997,#5301);
#4693=LINE('',#11999,#5302);
#4694=LINE('',#12000,#5303);
#4695=LINE('',#12003,#5304);
#4696=LINE('',#12005,#5305);
#4697=LINE('',#12007,#5306);
#4698=LINE('',#12008,#5307);
#4699=LINE('',#12011,#5308);
#4700=LINE('',#12013,#5309);
#4701=LINE('',#12015,#5310);
#4702=LINE('',#12017,#5311);
#4703=LINE('',#12019,#5312);
#4704=LINE('',#12021,#5313);
#4705=LINE('',#12023,#5314);
#4706=LINE('',#12025,#5315);
#4707=LINE('',#12027,#5316);
#4708=LINE('',#12029,#5317);
#4709=LINE('',#12031,#5318);
#4710=LINE('',#12041,#5319);
#4711=LINE('',#12051,#5320);
#4712=LINE('',#12053,#5321);
#4713=LINE('',#12055,#5322);
#4714=LINE('',#12057,#5323);
#4715=LINE('',#12059,#5324);
#4716=LINE('',#12061,#5325);
#4717=LINE('',#12063,#5326);
#4718=LINE('',#12089,#5327);
#4719=LINE('',#12099,#5328);
#4720=LINE('',#12101,#5329);
#4721=LINE('',#12103,#5330);
#4722=LINE('',#12113,#5331);
#4723=LINE('',#12123,#5332);
#4724=LINE('',#12125,#5333);
#4725=LINE('',#12127,#5334);
#4726=LINE('',#12129,#5335);
#4727=LINE('',#12131,#5336);
#4728=LINE('',#12133,#5337);
#4729=LINE('',#12135,#5338);
#4730=LINE('',#12137,#5339);
#4731=LINE('',#12139,#5340);
#4732=LINE('',#12141,#5341);
#4733=LINE('',#12143,#5342);
#4734=LINE('',#12145,#5343);
#4735=LINE('',#12148,#5344);
#4736=LINE('',#12150,#5345);
#4737=LINE('',#12152,#5346);
#4738=LINE('',#12153,#5347);
#4739=LINE('',#12156,#5348);
#4740=LINE('',#12158,#5349);
#4741=LINE('',#12160,#5350);
#4742=LINE('',#12162,#5351);
#4743=LINE('',#12165,#5352);
#4744=LINE('',#12167,#5353);
#4745=LINE('',#12169,#5354);
#4746=LINE('',#12171,#5355);
#4747=LINE('',#12172,#5356);
#4748=LINE('',#12174,#5357);
#4749=LINE('',#12175,#5358);
#4750=LINE('',#12198,#5359);
#4751=LINE('',#12201,#5360);
#4752=LINE('',#12203,#5361);
#4753=LINE('',#12205,#5362);
#4754=LINE('',#12207,#5363);
#4755=LINE('',#12208,#5364);
#4756=LINE('',#12210,#5365);
#4757=LINE('',#12212,#5366);
#4758=LINE('',#12214,#5367);
#4759=LINE('',#12216,#5368);
#4760=LINE('',#12218,#5369);
#4761=LINE('',#12220,#5370);
#4762=LINE('',#12222,#5371);
#4763=LINE('',#12224,#5372);
#4764=LINE('',#12225,#5373);
#4765=LINE('',#12227,#5374);
#4766=LINE('',#12229,#5375);
#4767=LINE('',#12232,#5376);
#4768=LINE('',#12234,#5377);
#4769=LINE('',#12235,#5378);
#4770=LINE('',#12237,#5379);
#4771=LINE('',#12238,#5380);
#4772=LINE('',#12240,#5381);
#4773=LINE('',#12242,#5382);
#4774=LINE('',#12245,#5383);
#4775=LINE('',#12247,#5384);
#4776=LINE('',#12249,#5385);
#4777=LINE('',#12251,#5386);
#4778=LINE('',#12253,#5387);
#4779=LINE('',#12255,#5388);
#4780=LINE('',#12257,#5389);
#4781=LINE('',#12259,#5390);
#4782=LINE('',#12261,#5391);
#4783=LINE('',#12263,#5392);
#4784=LINE('',#12265,#5393);
#4785=LINE('',#12267,#5394);
#4786=LINE('',#12269,#5395);
#4787=LINE('',#12271,#5396);
#4788=LINE('',#12273,#5397);
#4789=LINE('',#12275,#5398);
#4790=LINE('',#12277,#5399);
#4791=LINE('',#12279,#5400);
#4792=LINE('',#12281,#5401);
#4793=LINE('',#12283,#5402);
#4794=LINE('',#12285,#5403);
#4795=LINE('',#12287,#5404);
#4796=LINE('',#12289,#5405);
#4797=LINE('',#12291,#5406);
#4798=LINE('',#12293,#5407);
#4799=LINE('',#12295,#5408);
#4800=LINE('',#12297,#5409);
#4801=LINE('',#12299,#5410);
#4802=LINE('',#12301,#5411);
#4803=LINE('',#12303,#5412);
#4804=LINE('',#12305,#5413);
#4805=LINE('',#12307,#5414);
#4806=LINE('',#12310,#5415);
#4807=LINE('',#12312,#5416);
#4808=LINE('',#12314,#5417);
#4809=LINE('',#12316,#5418);
#4810=LINE('',#12318,#5419);
#4811=LINE('',#12320,#5420);
#4812=LINE('',#12322,#5421);
#4813=LINE('',#12324,#5422);
#4814=LINE('',#12326,#5423);
#4815=LINE('',#12328,#5424);
#4816=LINE('',#12330,#5425);
#4817=LINE('',#12332,#5426);
#4818=LINE('',#12334,#5427);
#4819=LINE('',#12336,#5428);
#4820=LINE('',#12338,#5429);
#4821=LINE('',#12340,#5430);
#4822=LINE('',#12342,#5431);
#4823=LINE('',#12344,#5432);
#4824=LINE('',#12346,#5433);
#4825=LINE('',#12348,#5434);
#4826=LINE('',#12350,#5435);
#4827=LINE('',#12352,#5436);
#4828=LINE('',#12354,#5437);
#4829=LINE('',#12356,#5438);
#4830=LINE('',#12359,#5439);
#4831=LINE('',#12361,#5440);
#4832=LINE('',#12363,#5441);
#4833=LINE('',#12365,#5442);
#4834=LINE('',#12367,#5443);
#4835=LINE('',#12369,#5444);
#4836=LINE('',#12371,#5445);
#4837=LINE('',#12373,#5446);
#4838=LINE('',#12375,#5447);
#4839=LINE('',#12377,#5448);
#4840=LINE('',#12379,#5449);
#4841=LINE('',#12381,#5450);
#4842=LINE('',#12383,#5451);
#4843=LINE('',#12385,#5452);
#4844=LINE('',#12387,#5453);
#4845=LINE('',#12389,#5454);
#4846=LINE('',#12391,#5455);
#4847=LINE('',#12393,#5456);
#4848=LINE('',#12395,#5457);
#4849=LINE('',#12397,#5458);
#4850=LINE('',#12399,#5459);
#4851=LINE('',#12401,#5460);
#4852=LINE('',#12403,#5461);
#4853=LINE('',#12405,#5462);
#4854=LINE('',#12407,#5463);
#4855=LINE('',#12409,#5464);
#4856=LINE('',#12411,#5465);
#4857=LINE('',#12413,#5466);
#4858=LINE('',#12415,#5467);
#4859=LINE('',#12417,#5468);
#4860=LINE('',#12419,#5469);
#4861=LINE('',#12421,#5470);
#4862=LINE('',#12431,#5471);
#4863=LINE('',#12437,#5472);
#4864=LINE('',#12439,#5473);
#4865=LINE('',#12441,#5474);
#4866=LINE('',#12443,#5475);
#4867=LINE('',#12445,#5476);
#4868=LINE('',#12447,#5477);
#4869=LINE('',#12449,#5478);
#4870=LINE('',#12451,#5479);
#4871=LINE('',#12453,#5480);
#4872=LINE('',#12455,#5481);
#4873=LINE('',#12457,#5482);
#4874=LINE('',#12459,#5483);
#4875=LINE('',#12461,#5484);
#4876=LINE('',#12463,#5485);
#4877=LINE('',#12465,#5486);
#4878=LINE('',#12474,#5487);
#4879=LINE('',#12487,#5488);
#4880=LINE('',#12493,#5489);
#4881=LINE('',#12495,#5490);
#4882=LINE('',#12516,#5491);
#4883=LINE('',#12522,#5492);
#4884=LINE('',#12524,#5493);
#4885=LINE('',#12526,#5494);
#4886=LINE('',#12528,#5495);
#4887=LINE('',#12530,#5496);
#4888=LINE('',#12532,#5497);
#4889=LINE('',#12534,#5498);
#4890=LINE('',#12536,#5499);
#4891=LINE('',#12538,#5500);
#4892=LINE('',#12540,#5501);
#4893=LINE('',#12542,#5502);
#4894=LINE('',#12544,#5503);
#4895=LINE('',#12546,#5504);
#4896=LINE('',#12548,#5505);
#4897=LINE('',#12550,#5506);
#4898=LINE('',#12552,#5507);
#4899=LINE('',#12554,#5508);
#4900=LINE('',#12556,#5509);
#4901=LINE('',#12558,#5510);
#4902=LINE('',#12560,#5511);
#4903=LINE('',#12562,#5512);
#4904=LINE('',#12564,#5513);
#4905=LINE('',#12566,#5514);
#4906=LINE('',#12575,#5515);
#4907=LINE('',#12588,#5516);
#4908=LINE('',#12613,#5517);
#4909=LINE('',#12619,#5518);
#4910=LINE('',#12621,#5519);
#4911=LINE('',#12623,#5520);
#4912=LINE('',#12625,#5521);
#4913=LINE('',#12627,#5522);
#4914=LINE('',#12629,#5523);
#4915=LINE('',#12631,#5524);
#4916=LINE('',#12633,#5525);
#4917=LINE('',#12635,#5526);
#4918=LINE('',#12637,#5527);
#4919=LINE('',#12639,#5528);
#4920=LINE('',#12641,#5529);
#4921=LINE('',#12643,#5530);
#4922=LINE('',#12645,#5531);
#4923=LINE('',#12647,#5532);
#4924=LINE('',#12649,#5533);
#4925=LINE('',#12651,#5534);
#4926=LINE('',#12653,#5535);
#4927=LINE('',#12655,#5536);
#4928=LINE('',#12657,#5537);
#4929=LINE('',#12659,#5538);
#4930=LINE('',#12661,#5539);
#4931=LINE('',#12663,#5540);
#4932=LINE('',#12672,#5541);
#4933=LINE('',#12685,#5542);
#4934=LINE('',#12691,#5543);
#4935=LINE('',#12693,#5544);
#4936=LINE('',#12702,#5545);
#4937=LINE('',#12715,#5546);
#4938=LINE('',#12721,#5547);
#4939=LINE('',#12723,#5548);
#4940=LINE('',#12725,#5549);
#4941=LINE('',#12727,#5550);
#4942=LINE('',#12729,#5551);
#4943=LINE('',#12731,#5552);
#4944=LINE('',#12740,#5553);
#4945=LINE('',#12753,#5554);
#4946=LINE('',#12759,#5555);
#4947=LINE('',#12761,#5556);
#4948=LINE('',#12770,#5557);
#4949=LINE('',#12783,#5558);
#4950=LINE('',#12796,#5559);
#4951=LINE('',#12809,#5560);
#4952=LINE('',#12831,#5561);
#4953=LINE('',#12835,#5562);
#4954=LINE('',#12837,#5563);
#4955=LINE('',#12839,#5564);
#4956=LINE('',#12841,#5565);
#4957=LINE('',#12845,#5566);
#4958=LINE('',#12849,#5567);
#4959=LINE('',#12851,#5568);
#4960=LINE('',#12853,#5569);
#4961=LINE('',#12857,#5570);
#4962=LINE('',#12861,#5571);
#4963=LINE('',#12863,#5572);
#4964=LINE('',#12865,#5573);
#4965=LINE('',#12869,#5574);
#4966=LINE('',#12876,#5575);
#4967=LINE('',#12880,#5576);
#4968=LINE('',#12882,#5577);
#4969=LINE('',#12884,#5578);
#4970=LINE('',#12886,#5579);
#4971=LINE('',#12890,#5580);
#4972=LINE('',#12894,#5581);
#4973=LINE('',#12896,#5582);
#4974=LINE('',#12898,#5583);
#4975=LINE('',#12902,#5584);
#4976=LINE('',#12906,#5585);
#4977=LINE('',#12908,#5586);
#4978=LINE('',#12910,#5587);
#4979=LINE('',#12914,#5588);
#4980=LINE('',#12921,#5589);
#4981=LINE('',#12925,#5590);
#4982=LINE('',#12927,#5591);
#4983=LINE('',#12929,#5592);
#4984=LINE('',#12931,#5593);
#4985=LINE('',#12935,#5594);
#4986=LINE('',#12939,#5595);
#4987=LINE('',#12941,#5596);
#4988=LINE('',#12943,#5597);
#4989=LINE('',#12947,#5598);
#4990=LINE('',#12951,#5599);
#4991=LINE('',#12953,#5600);
#4992=LINE('',#12955,#5601);
#4993=LINE('',#12959,#5602);
#4994=LINE('',#12966,#5603);
#4995=LINE('',#12970,#5604);
#4996=LINE('',#12972,#5605);
#4997=LINE('',#12974,#5606);
#4998=LINE('',#12976,#5607);
#4999=LINE('',#12980,#5608);
#5000=LINE('',#12984,#5609);
#5001=LINE('',#12986,#5610);
#5002=LINE('',#12988,#5611);
#5003=LINE('',#12992,#5612);
#5004=LINE('',#12996,#5613);
#5005=LINE('',#12998,#5614);
#5006=LINE('',#13000,#5615);
#5007=LINE('',#13004,#5616);
#5008=LINE('',#13011,#5617);
#5009=LINE('',#13015,#5618);
#5010=LINE('',#13017,#5619);
#5011=LINE('',#13019,#5620);
#5012=LINE('',#13021,#5621);
#5013=LINE('',#13025,#5622);
#5014=LINE('',#13029,#5623);
#5015=LINE('',#13031,#5624);
#5016=LINE('',#13033,#5625);
#5017=LINE('',#13037,#5626);
#5018=LINE('',#13041,#5627);
#5019=LINE('',#13043,#5628);
#5020=LINE('',#13045,#5629);
#5021=LINE('',#13049,#5630);
#5022=LINE('',#13056,#5631);
#5023=LINE('',#13060,#5632);
#5024=LINE('',#13062,#5633);
#5025=LINE('',#13064,#5634);
#5026=LINE('',#13066,#5635);
#5027=LINE('',#13070,#5636);
#5028=LINE('',#13074,#5637);
#5029=LINE('',#13076,#5638);
#5030=LINE('',#13078,#5639);
#5031=LINE('',#13082,#5640);
#5032=LINE('',#13086,#5641);
#5033=LINE('',#13088,#5642);
#5034=LINE('',#13090,#5643);
#5035=LINE('',#13094,#5644);
#5036=LINE('',#13101,#5645);
#5037=LINE('',#13105,#5646);
#5038=LINE('',#13107,#5647);
#5039=LINE('',#13109,#5648);
#5040=LINE('',#13111,#5649);
#5041=LINE('',#13115,#5650);
#5042=LINE('',#13119,#5651);
#5043=LINE('',#13121,#5652);
#5044=LINE('',#13123,#5653);
#5045=LINE('',#13127,#5654);
#5046=LINE('',#13131,#5655);
#5047=LINE('',#13133,#5656);
#5048=LINE('',#13135,#5657);
#5049=LINE('',#13139,#5658);
#5050=LINE('',#13146,#5659);
#5051=LINE('',#13150,#5660);
#5052=LINE('',#13152,#5661);
#5053=LINE('',#13154,#5662);
#5054=LINE('',#13156,#5663);
#5055=LINE('',#13160,#5664);
#5056=LINE('',#13164,#5665);
#5057=LINE('',#13166,#5666);
#5058=LINE('',#13168,#5667);
#5059=LINE('',#13172,#5668);
#5060=LINE('',#13176,#5669);
#5061=LINE('',#13178,#5670);
#5062=LINE('',#13180,#5671);
#5063=LINE('',#13184,#5672);
#5064=LINE('',#13191,#5673);
#5065=LINE('',#13195,#5674);
#5066=LINE('',#13197,#5675);
#5067=LINE('',#13199,#5676);
#5068=LINE('',#13201,#5677);
#5069=LINE('',#13205,#5678);
#5070=LINE('',#13209,#5679);
#5071=LINE('',#13211,#5680);
#5072=LINE('',#13213,#5681);
#5073=LINE('',#13217,#5682);
#5074=LINE('',#13221,#5683);
#5075=LINE('',#13223,#5684);
#5076=LINE('',#13225,#5685);
#5077=LINE('',#13229,#5686);
#5078=LINE('',#13236,#5687);
#5079=LINE('',#13240,#5688);
#5080=LINE('',#13242,#5689);
#5081=LINE('',#13244,#5690);
#5082=LINE('',#13246,#5691);
#5083=LINE('',#13250,#5692);
#5084=LINE('',#13254,#5693);
#5085=LINE('',#13256,#5694);
#5086=LINE('',#13258,#5695);
#5087=LINE('',#13262,#5696);
#5088=LINE('',#13266,#5697);
#5089=LINE('',#13268,#5698);
#5090=LINE('',#13270,#5699);
#5091=LINE('',#13274,#5700);
#5092=LINE('',#13281,#5701);
#5093=LINE('',#13285,#5702);
#5094=LINE('',#13287,#5703);
#5095=LINE('',#13289,#5704);
#5096=LINE('',#13291,#5705);
#5097=LINE('',#13295,#5706);
#5098=LINE('',#13299,#5707);
#5099=LINE('',#13301,#5708);
#5100=LINE('',#13303,#5709);
#5101=LINE('',#13307,#5710);
#5102=LINE('',#13311,#5711);
#5103=LINE('',#13313,#5712);
#5104=LINE('',#13315,#5713);
#5105=LINE('',#13319,#5714);
#5106=LINE('',#13326,#5715);
#5107=LINE('',#13330,#5716);
#5108=LINE('',#13332,#5717);
#5109=LINE('',#13334,#5718);
#5110=LINE('',#13336,#5719);
#5111=LINE('',#13340,#5720);
#5112=LINE('',#13344,#5721);
#5113=LINE('',#13346,#5722);
#5114=LINE('',#13348,#5723);
#5115=LINE('',#13352,#5724);
#5116=LINE('',#13356,#5725);
#5117=LINE('',#13358,#5726);
#5118=LINE('',#13360,#5727);
#5119=LINE('',#13364,#5728);
#5120=LINE('',#13371,#5729);
#5121=LINE('',#13375,#5730);
#5122=LINE('',#13377,#5731);
#5123=LINE('',#13379,#5732);
#5124=LINE('',#13381,#5733);
#5125=LINE('',#13385,#5734);
#5126=LINE('',#13389,#5735);
#5127=LINE('',#13391,#5736);
#5128=LINE('',#13393,#5737);
#5129=LINE('',#13397,#5738);
#5130=LINE('',#13401,#5739);
#5131=LINE('',#13403,#5740);
#5132=LINE('',#13405,#5741);
#5133=LINE('',#13409,#5742);
#5134=LINE('',#13416,#5743);
#5135=LINE('',#13420,#5744);
#5136=LINE('',#13422,#5745);
#5137=LINE('',#13424,#5746);
#5138=LINE('',#13426,#5747);
#5139=LINE('',#13430,#5748);
#5140=LINE('',#13434,#5749);
#5141=LINE('',#13436,#5750);
#5142=LINE('',#13438,#5751);
#5143=LINE('',#13442,#5752);
#5144=LINE('',#13446,#5753);
#5145=LINE('',#13448,#5754);
#5146=LINE('',#13450,#5755);
#5147=LINE('',#13454,#5756);
#5148=LINE('',#13461,#5757);
#5149=LINE('',#13465,#5758);
#5150=LINE('',#13467,#5759);
#5151=LINE('',#13469,#5760);
#5152=LINE('',#13471,#5761);
#5153=LINE('',#13475,#5762);
#5154=LINE('',#13479,#5763);
#5155=LINE('',#13481,#5764);
#5156=LINE('',#13483,#5765);
#5157=LINE('',#13487,#5766);
#5158=LINE('',#13491,#5767);
#5159=LINE('',#13493,#5768);
#5160=LINE('',#13495,#5769);
#5161=LINE('',#13499,#5770);
#5162=LINE('',#13506,#5771);
#5163=LINE('',#13510,#5772);
#5164=LINE('',#13512,#5773);
#5165=LINE('',#13514,#5774);
#5166=LINE('',#13516,#5775);
#5167=LINE('',#13520,#5776);
#5168=LINE('',#13524,#5777);
#5169=LINE('',#13526,#5778);
#5170=LINE('',#13528,#5779);
#5171=LINE('',#13532,#5780);
#5172=LINE('',#13536,#5781);
#5173=LINE('',#13538,#5782);
#5174=LINE('',#13540,#5783);
#5175=LINE('',#13544,#5784);
#5176=LINE('',#13548,#5785);
#5177=LINE('',#13551,#5786);
#5178=LINE('',#13553,#5787);
#5179=LINE('',#13555,#5788);
#5180=LINE('',#13557,#5789);
#5181=LINE('',#13559,#5790);
#5182=LINE('',#13561,#5791);
#5183=LINE('',#13563,#5792);
#5184=LINE('',#13565,#5793);
#5185=LINE('',#13567,#5794);
#5186=LINE('',#13569,#5795);
#5187=LINE('',#13572,#5796);
#5188=LINE('',#13574,#5797);
#5189=LINE('',#13576,#5798);
#5190=LINE('',#13578,#5799);
#5191=LINE('',#13580,#5800);
#5192=LINE('',#13582,#5801);
#5193=LINE('',#13584,#5802);
#5194=LINE('',#13586,#5803);
#5195=LINE('',#13588,#5804);
#5196=LINE('',#13590,#5805);
#5197=LINE('',#13593,#5806);
#5198=LINE('',#13595,#5807);
#5199=LINE('',#13597,#5808);
#5200=LINE('',#13599,#5809);
#5201=LINE('',#13601,#5810);
#5202=LINE('',#13603,#5811);
#5203=LINE('',#13605,#5812);
#5204=LINE('',#13607,#5813);
#5205=LINE('',#13609,#5814);
#5206=LINE('',#13611,#5815);
#5207=LINE('',#13612,#5816);
#5208=LINE('',#13614,#5817);
#5209=LINE('',#13615,#5818);
#5210=LINE('',#13617,#5819);
#5211=LINE('',#13618,#5820);
#5212=LINE('',#13620,#5821);
#5213=LINE('',#13621,#5822);
#5214=LINE('',#13623,#5823);
#5215=LINE('',#13624,#5824);
#5216=LINE('',#13626,#5825);
#5217=LINE('',#13627,#5826);
#5218=LINE('',#13629,#5827);
#5219=LINE('',#13630,#5828);
#5220=LINE('',#13632,#5829);
#5221=LINE('',#13633,#5830);
#5222=LINE('',#13635,#5831);
#5223=LINE('',#13636,#5832);
#5224=LINE('',#13638,#5833);
#5225=LINE('',#13639,#5834);
#5226=LINE('',#13641,#5835);
#5227=LINE('',#13642,#5836);
#5228=LINE('',#13644,#5837);
#5229=LINE('',#13645,#5838);
#5230=LINE('',#13647,#5839);
#5231=LINE('',#13648,#5840);
#5232=LINE('',#13650,#5841);
#5233=LINE('',#13651,#5842);
#5234=LINE('',#13653,#5843);
#5235=LINE('',#13654,#5844);
#5236=LINE('',#13656,#5845);
#5237=LINE('',#13657,#5846);
#5238=LINE('',#13659,#5847);
#5239=LINE('',#13660,#5848);
#5240=LINE('',#13662,#5849);
#5241=LINE('',#13663,#5850);
#5242=LINE('',#13685,#5851);
#5243=LINE('',#13686,#5852);
#5244=VECTOR('',#9016,1.);
#5245=VECTOR('',#9017,1.);
#5246=VECTOR('',#9018,1.);
#5247=VECTOR('',#9019,1.);
#5248=VECTOR('',#9022,1.);
#5249=VECTOR('',#9023,1.);
#5250=VECTOR('',#9024,1.);
#5251=VECTOR('',#9027,1.);
#5252=VECTOR('',#9028,1.);
#5253=VECTOR('',#9029,1.);
#5254=VECTOR('',#9032,1.);
#5255=VECTOR('',#9295,1.);
#5256=VECTOR('',#9822,1.);
#5257=VECTOR('',#9823,1.);
#5258=VECTOR('',#9824,1.);
#5259=VECTOR('',#9825,1.);
#5260=VECTOR('',#9826,1.);
#5261=VECTOR('',#9827,1.);
#5262=VECTOR('',#9828,1.);
#5263=VECTOR('',#9829,1.);
#5264=VECTOR('',#9830,1.);
#5265=VECTOR('',#9831,1.);
#5266=VECTOR('',#9832,1.);
#5267=VECTOR('',#9833,1.);
#5268=VECTOR('',#9834,1.);
#5269=VECTOR('',#9835,1.);
#5270=VECTOR('',#9836,1.);
#5271=VECTOR('',#9837,1.);
#5272=VECTOR('',#9838,1.);
#5273=VECTOR('',#9839,1.);
#5274=VECTOR('',#9840,1.);
#5275=VECTOR('',#9841,1.);
#5276=VECTOR('',#9842,1.);
#5277=VECTOR('',#9843,1.);
#5278=VECTOR('',#9844,1.);
#5279=VECTOR('',#9845,1.);
#5280=VECTOR('',#9846,1.);
#5281=VECTOR('',#9847,1.);
#5282=VECTOR('',#9848,1.);
#5283=VECTOR('',#9849,1.);
#5284=VECTOR('',#9850,1.);
#5285=VECTOR('',#9851,1.);
#5286=VECTOR('',#9852,1.);
#5287=VECTOR('',#9853,1.);
#5288=VECTOR('',#9854,1.);
#5289=VECTOR('',#9855,1.);
#5290=VECTOR('',#9856,1.);
#5291=VECTOR('',#9857,1.);
#5292=VECTOR('',#9858,1.);
#5293=VECTOR('',#9859,1.);
#5294=VECTOR('',#9860,1.);
#5295=VECTOR('',#9861,1.);
#5296=VECTOR('',#9862,1.);
#5297=VECTOR('',#9863,1.);
#5298=VECTOR('',#9864,1.);
#5299=VECTOR('',#9865,1.);
#5300=VECTOR('',#9866,1.);
#5301=VECTOR('',#9867,1.);
#5302=VECTOR('',#9868,1.);
#5303=VECTOR('',#9869,1.);
#5304=VECTOR('',#9870,1.);
#5305=VECTOR('',#9871,1.);
#5306=VECTOR('',#9872,1.);
#5307=VECTOR('',#9873,1.);
#5308=VECTOR('',#9874,1.);
#5309=VECTOR('',#9875,1.);
#5310=VECTOR('',#9876,1.);
#5311=VECTOR('',#9877,1.);
#5312=VECTOR('',#9878,1.);
#5313=VECTOR('',#9879,1.);
#5314=VECTOR('',#9880,1.);
#5315=VECTOR('',#9881,1.);
#5316=VECTOR('',#9882,1.);
#5317=VECTOR('',#9883,1.);
#5318=VECTOR('',#9884,1.);
#5319=VECTOR('',#9885,1.);
#5320=VECTOR('',#9886,1.);
#5321=VECTOR('',#9887,1.);
#5322=VECTOR('',#9888,1.);
#5323=VECTOR('',#9889,1.);
#5324=VECTOR('',#9890,1.);
#5325=VECTOR('',#9891,1.);
#5326=VECTOR('',#9892,1.);
#5327=VECTOR('',#9893,1.);
#5328=VECTOR('',#9894,1.);
#5329=VECTOR('',#9895,1.);
#5330=VECTOR('',#9896,1.);
#5331=VECTOR('',#9897,1.);
#5332=VECTOR('',#9898,1.);
#5333=VECTOR('',#9899,1.);
#5334=VECTOR('',#9900,1.);
#5335=VECTOR('',#9901,1.);
#5336=VECTOR('',#9902,1.);
#5337=VECTOR('',#9903,1.);
#5338=VECTOR('',#9904,1.);
#5339=VECTOR('',#9905,1.);
#5340=VECTOR('',#9906,1.);
#5341=VECTOR('',#9907,1.);
#5342=VECTOR('',#9908,1.);
#5343=VECTOR('',#9911,1.);
#5344=VECTOR('',#9912,1.);
#5345=VECTOR('',#9913,1.);
#5346=VECTOR('',#9914,1.);
#5347=VECTOR('',#9915,1.);
#5348=VECTOR('',#9916,1.);
#5349=VECTOR('',#9917,1.);
#5350=VECTOR('',#9918,1.);
#5351=VECTOR('',#9921,1.);
#5352=VECTOR('',#9922,1.);
#5353=VECTOR('',#9923,1.);
#5354=VECTOR('',#9924,1.);
#5355=VECTOR('',#9927,1.);
#5356=VECTOR('',#9928,1.);
#5357=VECTOR('',#9931,1.);
#5358=VECTOR('',#9932,1.);
#5359=VECTOR('',#9961,1.);
#5360=VECTOR('',#9962,1.);
#5361=VECTOR('',#9963,1.);
#5362=VECTOR('',#9964,1.);
#5363=VECTOR('',#9965,1.);
#5364=VECTOR('',#9966,1.);
#5365=VECTOR('',#9967,1.);
#5366=VECTOR('',#9970,1.);
#5367=VECTOR('',#9971,1.);
#5368=VECTOR('',#9972,1.);
#5369=VECTOR('',#9975,1.);
#5370=VECTOR('',#9976,1.);
#5371=VECTOR('',#9977,1.);
#5372=VECTOR('',#9978,1.);
#5373=VECTOR('',#9979,1.);
#5374=VECTOR('',#9980,1.);
#5375=VECTOR('',#9983,1.);
#5376=VECTOR('',#9988,1.);
#5377=VECTOR('',#9991,1.);
#5378=VECTOR('',#9992,1.);
#5379=VECTOR('',#9995,1.);
#5380=VECTOR('',#9996,1.);
#5381=VECTOR('',#9999,1.);
#5382=VECTOR('',#10002,1.);
#5383=VECTOR('',#10007,1.);
#5384=VECTOR('',#10008,1.);
#5385=VECTOR('',#10009,1.);
#5386=VECTOR('',#10012,1.);
#5387=VECTOR('',#10013,1.);
#5388=VECTOR('',#10016,1.);
#5389=VECTOR('',#10017,1.);
#5390=VECTOR('',#10020,1.);
#5391=VECTOR('',#10021,1.);
#5392=VECTOR('',#10024,1.);
#5393=VECTOR('',#10025,1.);
#5394=VECTOR('',#10028,1.);
#5395=VECTOR('',#10029,1.);
#5396=VECTOR('',#10032,1.);
#5397=VECTOR('',#10033,1.);
#5398=VECTOR('',#10036,1.);
#5399=VECTOR('',#10037,1.);
#5400=VECTOR('',#10040,1.);
#5401=VECTOR('',#10041,1.);
#5402=VECTOR('',#10044,1.);
#5403=VECTOR('',#10045,1.);
#5404=VECTOR('',#10048,1.);
#5405=VECTOR('',#10049,1.);
#5406=VECTOR('',#10052,1.);
#5407=VECTOR('',#10053,1.);
#5408=VECTOR('',#10056,1.);
#5409=VECTOR('',#10057,1.);
#5410=VECTOR('',#10060,1.);
#5411=VECTOR('',#10061,1.);
#5412=VECTOR('',#10064,1.);
#5413=VECTOR('',#10065,1.);
#5414=VECTOR('',#10068,1.);
#5415=VECTOR('',#10073,1.);
#5416=VECTOR('',#10074,1.);
#5417=VECTOR('',#10075,1.);
#5418=VECTOR('',#10078,1.);
#5419=VECTOR('',#10079,1.);
#5420=VECTOR('',#10082,1.);
#5421=VECTOR('',#10083,1.);
#5422=VECTOR('',#10086,1.);
#5423=VECTOR('',#10087,1.);
#5424=VECTOR('',#10090,1.);
#5425=VECTOR('',#10091,1.);
#5426=VECTOR('',#10094,1.);
#5427=VECTOR('',#10095,1.);
#5428=VECTOR('',#10098,1.);
#5429=VECTOR('',#10099,1.);
#5430=VECTOR('',#10102,1.);
#5431=VECTOR('',#10103,1.);
#5432=VECTOR('',#10106,1.);
#5433=VECTOR('',#10107,1.);
#5434=VECTOR('',#10110,1.);
#5435=VECTOR('',#10111,1.);
#5436=VECTOR('',#10114,1.);
#5437=VECTOR('',#10115,1.);
#5438=VECTOR('',#10118,1.);
#5439=VECTOR('',#10123,1.);
#5440=VECTOR('',#10124,1.);
#5441=VECTOR('',#10125,1.);
#5442=VECTOR('',#10128,1.);
#5443=VECTOR('',#10129,1.);
#5444=VECTOR('',#10132,1.);
#5445=VECTOR('',#10133,1.);
#5446=VECTOR('',#10136,1.);
#5447=VECTOR('',#10137,1.);
#5448=VECTOR('',#10140,1.);
#5449=VECTOR('',#10141,1.);
#5450=VECTOR('',#10144,1.);
#5451=VECTOR('',#10145,1.);
#5452=VECTOR('',#10148,1.);
#5453=VECTOR('',#10149,1.);
#5454=VECTOR('',#10152,1.);
#5455=VECTOR('',#10153,1.);
#5456=VECTOR('',#10156,1.);
#5457=VECTOR('',#10157,1.);
#5458=VECTOR('',#10160,1.);
#5459=VECTOR('',#10161,1.);
#5460=VECTOR('',#10164,1.);
#5461=VECTOR('',#10165,1.);
#5462=VECTOR('',#10168,1.);
#5463=VECTOR('',#10169,1.);
#5464=VECTOR('',#10172,1.);
#5465=VECTOR('',#10173,1.);
#5466=VECTOR('',#10176,1.);
#5467=VECTOR('',#10177,1.);
#5468=VECTOR('',#10180,1.);
#5469=VECTOR('',#10181,1.);
#5470=VECTOR('',#10184,1.);
#5471=VECTOR('',#10187,1.);
#5472=VECTOR('',#10188,1.);
#5473=VECTOR('',#10191,1.);
#5474=VECTOR('',#10192,1.);
#5475=VECTOR('',#10195,1.);
#5476=VECTOR('',#10196,1.);
#5477=VECTOR('',#10199,1.);
#5478=VECTOR('',#10200,1.);
#5479=VECTOR('',#10203,1.);
#5480=VECTOR('',#10204,1.);
#5481=VECTOR('',#10207,1.);
#5482=VECTOR('',#10208,1.);
#5483=VECTOR('',#10211,1.);
#5484=VECTOR('',#10212,1.);
#5485=VECTOR('',#10215,1.);
#5486=VECTOR('',#10216,1.);
#5487=VECTOR('',#10217,1.);
#5488=VECTOR('',#10218,1.);
#5489=VECTOR('',#10221,1.);
#5490=VECTOR('',#10222,1.);
#5491=VECTOR('',#10225,1.);
#5492=VECTOR('',#10226,1.);
#5493=VECTOR('',#10229,1.);
#5494=VECTOR('',#10230,1.);
#5495=VECTOR('',#10233,1.);
#5496=VECTOR('',#10234,1.);
#5497=VECTOR('',#10237,1.);
#5498=VECTOR('',#10238,1.);
#5499=VECTOR('',#10241,1.);
#5500=VECTOR('',#10242,1.);
#5501=VECTOR('',#10245,1.);
#5502=VECTOR('',#10246,1.);
#5503=VECTOR('',#10249,1.);
#5504=VECTOR('',#10250,1.);
#5505=VECTOR('',#10253,1.);
#5506=VECTOR('',#10254,1.);
#5507=VECTOR('',#10257,1.);
#5508=VECTOR('',#10258,1.);
#5509=VECTOR('',#10261,1.);
#5510=VECTOR('',#10262,1.);
#5511=VECTOR('',#10265,1.);
#5512=VECTOR('',#10266,1.);
#5513=VECTOR('',#10269,1.);
#5514=VECTOR('',#10270,1.);
#5515=VECTOR('',#10271,1.);
#5516=VECTOR('',#10272,1.);
#5517=VECTOR('',#10275,1.);
#5518=VECTOR('',#10276,1.);
#5519=VECTOR('',#10279,1.);
#5520=VECTOR('',#10280,1.);
#5521=VECTOR('',#10283,1.);
#5522=VECTOR('',#10284,1.);
#5523=VECTOR('',#10287,1.);
#5524=VECTOR('',#10288,1.);
#5525=VECTOR('',#10291,1.);
#5526=VECTOR('',#10292,1.);
#5527=VECTOR('',#10295,1.);
#5528=VECTOR('',#10296,1.);
#5529=VECTOR('',#10299,1.);
#5530=VECTOR('',#10300,1.);
#5531=VECTOR('',#10303,1.);
#5532=VECTOR('',#10304,1.);
#5533=VECTOR('',#10307,1.);
#5534=VECTOR('',#10308,1.);
#5535=VECTOR('',#10311,1.);
#5536=VECTOR('',#10312,1.);
#5537=VECTOR('',#10315,1.);
#5538=VECTOR('',#10316,1.);
#5539=VECTOR('',#10319,1.);
#5540=VECTOR('',#10320,1.);
#5541=VECTOR('',#10321,1.);
#5542=VECTOR('',#10322,1.);
#5543=VECTOR('',#10325,1.);
#5544=VECTOR('',#10326,1.);
#5545=VECTOR('',#10327,1.);
#5546=VECTOR('',#10328,1.);
#5547=VECTOR('',#10331,1.);
#5548=VECTOR('',#10332,1.);
#5549=VECTOR('',#10335,1.);
#5550=VECTOR('',#10336,1.);
#5551=VECTOR('',#10339,1.);
#5552=VECTOR('',#10340,1.);
#5553=VECTOR('',#10341,1.);
#5554=VECTOR('',#10342,1.);
#5555=VECTOR('',#10345,1.);
#5556=VECTOR('',#10346,1.);
#5557=VECTOR('',#10347,1.);
#5558=VECTOR('',#10348,1.);
#5559=VECTOR('',#10349,1.);
#5560=VECTOR('',#10350,1.);
#5561=VECTOR('',#10359,1.);
#5562=VECTOR('',#10362,1.);
#5563=VECTOR('',#10365,1.);
#5564=VECTOR('',#10366,1.);
#5565=VECTOR('',#10367,1.);
#5566=VECTOR('',#10372,1.);
#5567=VECTOR('',#10377,1.);
#5568=VECTOR('',#10378,1.);
#5569=VECTOR('',#10379,1.);
#5570=VECTOR('',#10384,1.);
#5571=VECTOR('',#10389,1.);
#5572=VECTOR('',#10390,1.);
#5573=VECTOR('',#10391,1.);
#5574=VECTOR('',#10396,1.);
#5575=VECTOR('',#10403,1.);
#5576=VECTOR('',#10406,1.);
#5577=VECTOR('',#10409,1.);
#5578=VECTOR('',#10410,1.);
#5579=VECTOR('',#10411,1.);
#5580=VECTOR('',#10416,1.);
#5581=VECTOR('',#10421,1.);
#5582=VECTOR('',#10422,1.);
#5583=VECTOR('',#10423,1.);
#5584=VECTOR('',#10428,1.);
#5585=VECTOR('',#10433,1.);
#5586=VECTOR('',#10434,1.);
#5587=VECTOR('',#10435,1.);
#5588=VECTOR('',#10440,1.);
#5589=VECTOR('',#10447,1.);
#5590=VECTOR('',#10450,1.);
#5591=VECTOR('',#10453,1.);
#5592=VECTOR('',#10454,1.);
#5593=VECTOR('',#10455,1.);
#5594=VECTOR('',#10460,1.);
#5595=VECTOR('',#10465,1.);
#5596=VECTOR('',#10466,1.);
#5597=VECTOR('',#10467,1.);
#5598=VECTOR('',#10472,1.);
#5599=VECTOR('',#10477,1.);
#5600=VECTOR('',#10478,1.);
#5601=VECTOR('',#10479,1.);
#5602=VECTOR('',#10484,1.);
#5603=VECTOR('',#10491,1.);
#5604=VECTOR('',#10494,1.);
#5605=VECTOR('',#10497,1.);
#5606=VECTOR('',#10498,1.);
#5607=VECTOR('',#10499,1.);
#5608=VECTOR('',#10504,1.);
#5609=VECTOR('',#10509,1.);
#5610=VECTOR('',#10510,1.);
#5611=VECTOR('',#10511,1.);
#5612=VECTOR('',#10516,1.);
#5613=VECTOR('',#10521,1.);
#5614=VECTOR('',#10522,1.);
#5615=VECTOR('',#10523,1.);
#5616=VECTOR('',#10528,1.);
#5617=VECTOR('',#10535,1.);
#5618=VECTOR('',#10538,1.);
#5619=VECTOR('',#10541,1.);
#5620=VECTOR('',#10542,1.);
#5621=VECTOR('',#10543,1.);
#5622=VECTOR('',#10548,1.);
#5623=VECTOR('',#10553,1.);
#5624=VECTOR('',#10554,1.);
#5625=VECTOR('',#10555,1.);
#5626=VECTOR('',#10560,1.);
#5627=VECTOR('',#10565,1.);
#5628=VECTOR('',#10566,1.);
#5629=VECTOR('',#10567,1.);
#5630=VECTOR('',#10572,1.);
#5631=VECTOR('',#10579,1.);
#5632=VECTOR('',#10582,1.);
#5633=VECTOR('',#10585,1.);
#5634=VECTOR('',#10586,1.);
#5635=VECTOR('',#10587,1.);
#5636=VECTOR('',#10592,1.);
#5637=VECTOR('',#10597,1.);
#5638=VECTOR('',#10598,1.);
#5639=VECTOR('',#10599,1.);
#5640=VECTOR('',#10604,1.);
#5641=VECTOR('',#10609,1.);
#5642=VECTOR('',#10610,1.);
#5643=VECTOR('',#10611,1.);
#5644=VECTOR('',#10616,1.);
#5645=VECTOR('',#10623,1.);
#5646=VECTOR('',#10626,1.);
#5647=VECTOR('',#10629,1.);
#5648=VECTOR('',#10630,1.);
#5649=VECTOR('',#10631,1.);
#5650=VECTOR('',#10636,1.);
#5651=VECTOR('',#10641,1.);
#5652=VECTOR('',#10642,1.);
#5653=VECTOR('',#10643,1.);
#5654=VECTOR('',#10648,1.);
#5655=VECTOR('',#10653,1.);
#5656=VECTOR('',#10654,1.);
#5657=VECTOR('',#10655,1.);
#5658=VECTOR('',#10660,1.);
#5659=VECTOR('',#10667,1.);
#5660=VECTOR('',#10670,1.);
#5661=VECTOR('',#10673,1.);
#5662=VECTOR('',#10674,1.);
#5663=VECTOR('',#10675,1.);
#5664=VECTOR('',#10680,1.);
#5665=VECTOR('',#10685,1.);
#5666=VECTOR('',#10686,1.);
#5667=VECTOR('',#10687,1.);
#5668=VECTOR('',#10692,1.);
#5669=VECTOR('',#10697,1.);
#5670=VECTOR('',#10698,1.);
#5671=VECTOR('',#10699,1.);
#5672=VECTOR('',#10704,1.);
#5673=VECTOR('',#10711,1.);
#5674=VECTOR('',#10714,1.);
#5675=VECTOR('',#10717,1.);
#5676=VECTOR('',#10718,1.);
#5677=VECTOR('',#10719,1.);
#5678=VECTOR('',#10724,1.);
#5679=VECTOR('',#10729,1.);
#5680=VECTOR('',#10730,1.);
#5681=VECTOR('',#10731,1.);
#5682=VECTOR('',#10736,1.);
#5683=VECTOR('',#10741,1.);
#5684=VECTOR('',#10742,1.);
#5685=VECTOR('',#10743,1.);
#5686=VECTOR('',#10748,1.);
#5687=VECTOR('',#10755,1.);
#5688=VECTOR('',#10758,1.);
#5689=VECTOR('',#10761,1.);
#5690=VECTOR('',#10762,1.);
#5691=VECTOR('',#10763,1.);
#5692=VECTOR('',#10768,1.);
#5693=VECTOR('',#10773,1.);
#5694=VECTOR('',#10774,1.);
#5695=VECTOR('',#10775,1.);
#5696=VECTOR('',#10780,1.);
#5697=VECTOR('',#10785,1.);
#5698=VECTOR('',#10786,1.);
#5699=VECTOR('',#10787,1.);
#5700=VECTOR('',#10792,1.);
#5701=VECTOR('',#10799,1.);
#5702=VECTOR('',#10802,1.);
#5703=VECTOR('',#10805,1.);
#5704=VECTOR('',#10806,1.);
#5705=VECTOR('',#10807,1.);
#5706=VECTOR('',#10812,1.);
#5707=VECTOR('',#10817,1.);
#5708=VECTOR('',#10818,1.);
#5709=VECTOR('',#10819,1.);
#5710=VECTOR('',#10824,1.);
#5711=VECTOR('',#10829,1.);
#5712=VECTOR('',#10830,1.);
#5713=VECTOR('',#10831,1.);
#5714=VECTOR('',#10836,1.);
#5715=VECTOR('',#10843,1.);
#5716=VECTOR('',#10846,1.);
#5717=VECTOR('',#10849,1.);
#5718=VECTOR('',#10850,1.);
#5719=VECTOR('',#10851,1.);
#5720=VECTOR('',#10856,1.);
#5721=VECTOR('',#10861,1.);
#5722=VECTOR('',#10862,1.);
#5723=VECTOR('',#10863,1.);
#5724=VECTOR('',#10868,1.);
#5725=VECTOR('',#10873,1.);
#5726=VECTOR('',#10874,1.);
#5727=VECTOR('',#10875,1.);
#5728=VECTOR('',#10880,1.);
#5729=VECTOR('',#10887,1.);
#5730=VECTOR('',#10890,1.);
#5731=VECTOR('',#10893,1.);
#5732=VECTOR('',#10894,1.);
#5733=VECTOR('',#10895,1.);
#5734=VECTOR('',#10900,1.);
#5735=VECTOR('',#10905,1.);
#5736=VECTOR('',#10906,1.);
#5737=VECTOR('',#10907,1.);
#5738=VECTOR('',#10912,1.);
#5739=VECTOR('',#10917,1.);
#5740=VECTOR('',#10918,1.);
#5741=VECTOR('',#10919,1.);
#5742=VECTOR('',#10924,1.);
#5743=VECTOR('',#10931,1.);
#5744=VECTOR('',#10934,1.);
#5745=VECTOR('',#10937,1.);
#5746=VECTOR('',#10938,1.);
#5747=VECTOR('',#10939,1.);
#5748=VECTOR('',#10944,1.);
#5749=VECTOR('',#10949,1.);
#5750=VECTOR('',#10950,1.);
#5751=VECTOR('',#10951,1.);
#5752=VECTOR('',#10956,1.);
#5753=VECTOR('',#10961,1.);
#5754=VECTOR('',#10962,1.);
#5755=VECTOR('',#10963,1.);
#5756=VECTOR('',#10968,1.);
#5757=VECTOR('',#10975,1.);
#5758=VECTOR('',#10978,1.);
#5759=VECTOR('',#10981,1.);
#5760=VECTOR('',#10982,1.);
#5761=VECTOR('',#10983,1.);
#5762=VECTOR('',#10988,1.);
#5763=VECTOR('',#10993,1.);
#5764=VECTOR('',#10994,1.);
#5765=VECTOR('',#10995,1.);
#5766=VECTOR('',#11000,1.);
#5767=VECTOR('',#11005,1.);
#5768=VECTOR('',#11006,1.);
#5769=VECTOR('',#11007,1.);
#5770=VECTOR('',#11012,1.);
#5771=VECTOR('',#11019,1.);
#5772=VECTOR('',#11022,1.);
#5773=VECTOR('',#11025,1.);
#5774=VECTOR('',#11026,1.);
#5775=VECTOR('',#11027,1.);
#5776=VECTOR('',#11032,1.);
#5777=VECTOR('',#11037,1.);
#5778=VECTOR('',#11038,1.);
#5779=VECTOR('',#11039,1.);
#5780=VECTOR('',#11044,1.);
#5781=VECTOR('',#11049,1.);
#5782=VECTOR('',#11050,1.);
#5783=VECTOR('',#11051,1.);
#5784=VECTOR('',#11056,1.);
#5785=VECTOR('',#11061,1.);
#5786=VECTOR('',#11062,1.);
#5787=VECTOR('',#11063,1.);
#5788=VECTOR('',#11064,1.);
#5789=VECTOR('',#11067,1.);
#5790=VECTOR('',#11068,1.);
#5791=VECTOR('',#11069,1.);
#5792=VECTOR('',#11072,1.);
#5793=VECTOR('',#11073,1.);
#5794=VECTOR('',#11074,1.);
#5795=VECTOR('',#11077,1.);
#5796=VECTOR('',#11078,1.);
#5797=VECTOR('',#11079,1.);
#5798=VECTOR('',#11080,1.);
#5799=VECTOR('',#11083,1.);
#5800=VECTOR('',#11084,1.);
#5801=VECTOR('',#11085,1.);
#5802=VECTOR('',#11088,1.);
#5803=VECTOR('',#11089,1.);
#5804=VECTOR('',#11090,1.);
#5805=VECTOR('',#11093,1.);
#5806=VECTOR('',#11094,1.);
#5807=VECTOR('',#11095,1.);
#5808=VECTOR('',#11096,1.);
#5809=VECTOR('',#11099,1.);
#5810=VECTOR('',#11100,1.);
#5811=VECTOR('',#11101,1.);
#5812=VECTOR('',#11104,1.);
#5813=VECTOR('',#11105,1.);
#5814=VECTOR('',#11106,1.);
#5815=VECTOR('',#11109,1.);
#5816=VECTOR('',#11110,1.);
#5817=VECTOR('',#11113,1.);
#5818=VECTOR('',#11114,1.);
#5819=VECTOR('',#11117,1.);
#5820=VECTOR('',#11118,1.);
#5821=VECTOR('',#11121,1.);
#5822=VECTOR('',#11122,1.);
#5823=VECTOR('',#11125,1.);
#5824=VECTOR('',#11126,1.);
#5825=VECTOR('',#11129,1.);
#5826=VECTOR('',#11130,1.);
#5827=VECTOR('',#11133,1.);
#5828=VECTOR('',#11134,1.);
#5829=VECTOR('',#11137,1.);
#5830=VECTOR('',#11138,1.);
#5831=VECTOR('',#11141,1.);
#5832=VECTOR('',#11142,1.);
#5833=VECTOR('',#11145,1.);
#5834=VECTOR('',#11146,1.);
#5835=VECTOR('',#11149,1.);
#5836=VECTOR('',#11150,1.);
#5837=VECTOR('',#11153,1.);
#5838=VECTOR('',#11154,1.);
#5839=VECTOR('',#11157,1.);
#5840=VECTOR('',#11158,1.);
#5841=VECTOR('',#11161,1.);
#5842=VECTOR('',#11162,1.);
#5843=VECTOR('',#11165,1.);
#5844=VECTOR('',#11166,1.);
#5845=VECTOR('',#11169,1.);
#5846=VECTOR('',#11170,1.);
#5847=VECTOR('',#11173,1.);
#5848=VECTOR('',#11174,1.);
#5849=VECTOR('',#11177,1.);
#5850=VECTOR('',#11178,1.);
#5851=VECTOR('',#11205,1.);
#5852=VECTOR('',#11206,1.);
#5853=EDGE_LOOP('',(#682,#683,#684,#685));
#5854=EDGE_LOOP('',(#686,#687,#688,#689));
#5855=EDGE_LOOP('',(#690,#691,#692,#693));
#5856=EDGE_LOOP('',(#694,#695,#696,#697));
#5857=EDGE_LOOP('',(#698));
#5858=EDGE_LOOP('',(#699));
#5859=EDGE_LOOP('',(#700));
#5860=EDGE_LOOP('',(#701));
#5861=EDGE_LOOP('',(#702));
#5862=EDGE_LOOP('',(#703));
#5863=EDGE_LOOP('',(#704));
#5864=EDGE_LOOP('',(#705));
#5865=EDGE_LOOP('',(#706));
#5866=EDGE_LOOP('',(#707));
#5867=EDGE_LOOP('',(#708));
#5868=EDGE_LOOP('',(#709));
#5869=EDGE_LOOP('',(#710));
#5870=EDGE_LOOP('',(#711));
#5871=EDGE_LOOP('',(#712));
#5872=EDGE_LOOP('',(#713));
#5873=EDGE_LOOP('',(#714));
#5874=EDGE_LOOP('',(#715));
#5875=EDGE_LOOP('',(#716));
#5876=EDGE_LOOP('',(#717));
#5877=EDGE_LOOP('',(#718));
#5878=EDGE_LOOP('',(#719));
#5879=EDGE_LOOP('',(#720));
#5880=EDGE_LOOP('',(#721));
#5881=EDGE_LOOP('',(#722));
#5882=EDGE_LOOP('',(#723));
#5883=EDGE_LOOP('',(#724));
#5884=EDGE_LOOP('',(#725));
#5885=EDGE_LOOP('',(#726));
#5886=EDGE_LOOP('',(#727));
#5887=EDGE_LOOP('',(#728));
#5888=EDGE_LOOP('',(#729));
#5889=EDGE_LOOP('',(#730));
#5890=EDGE_LOOP('',(#731));
#5891=EDGE_LOOP('',(#732));
#5892=EDGE_LOOP('',(#733));
#5893=EDGE_LOOP('',(#734));
#5894=EDGE_LOOP('',(#735));
#5895=EDGE_LOOP('',(#736));
#5896=EDGE_LOOP('',(#737));
#5897=EDGE_LOOP('',(#738));
#5898=EDGE_LOOP('',(#739));
#5899=EDGE_LOOP('',(#740));
#5900=EDGE_LOOP('',(#741));
#5901=EDGE_LOOP('',(#742));
#5902=EDGE_LOOP('',(#743));
#5903=EDGE_LOOP('',(#744));
#5904=EDGE_LOOP('',(#745));
#5905=EDGE_LOOP('',(#746));
#5906=EDGE_LOOP('',(#747));
#5907=EDGE_LOOP('',(#748));
#5908=EDGE_LOOP('',(#749));
#5909=EDGE_LOOP('',(#750));
#5910=EDGE_LOOP('',(#751));
#5911=EDGE_LOOP('',(#752));
#5912=EDGE_LOOP('',(#753));
#5913=EDGE_LOOP('',(#754));
#5914=EDGE_LOOP('',(#755));
#5915=EDGE_LOOP('',(#756));
#5916=EDGE_LOOP('',(#757));
#5917=EDGE_LOOP('',(#758));
#5918=EDGE_LOOP('',(#759));
#5919=EDGE_LOOP('',(#760));
#5920=EDGE_LOOP('',(#761));
#5921=EDGE_LOOP('',(#762));
#5922=EDGE_LOOP('',(#763));
#5923=EDGE_LOOP('',(#764));
#5924=EDGE_LOOP('',(#765));
#5925=EDGE_LOOP('',(#766));
#5926=EDGE_LOOP('',(#767));
#5927=EDGE_LOOP('',(#768));
#5928=EDGE_LOOP('',(#769));
#5929=EDGE_LOOP('',(#770));
#5930=EDGE_LOOP('',(#771));
#5931=EDGE_LOOP('',(#772));
#5932=EDGE_LOOP('',(#773));
#5933=EDGE_LOOP('',(#774));
#5934=EDGE_LOOP('',(#775));
#5935=EDGE_LOOP('',(#776));
#5936=EDGE_LOOP('',(#777));
#5937=EDGE_LOOP('',(#778));
#5938=EDGE_LOOP('',(#779));
#5939=EDGE_LOOP('',(#780));
#5940=EDGE_LOOP('',(#781));
#5941=EDGE_LOOP('',(#782));
#5942=EDGE_LOOP('',(#783));
#5943=EDGE_LOOP('',(#784));
#5944=EDGE_LOOP('',(#785));
#5945=EDGE_LOOP('',(#786));
#5946=EDGE_LOOP('',(#787));
#5947=EDGE_LOOP('',(#788));
#5948=EDGE_LOOP('',(#789));
#5949=EDGE_LOOP('',(#790));
#5950=EDGE_LOOP('',(#791));
#5951=EDGE_LOOP('',(#792));
#5952=EDGE_LOOP('',(#793));
#5953=EDGE_LOOP('',(#794));
#5954=EDGE_LOOP('',(#795));
#5955=EDGE_LOOP('',(#796));
#5956=EDGE_LOOP('',(#797));
#5957=EDGE_LOOP('',(#798));
#5958=EDGE_LOOP('',(#799));
#5959=EDGE_LOOP('',(#800));
#5960=EDGE_LOOP('',(#801));
#5961=EDGE_LOOP('',(#802));
#5962=EDGE_LOOP('',(#803));
#5963=EDGE_LOOP('',(#804));
#5964=EDGE_LOOP('',(#805));
#5965=EDGE_LOOP('',(#806));
#5966=EDGE_LOOP('',(#807));
#5967=EDGE_LOOP('',(#808));
#5968=EDGE_LOOP('',(#809));
#5969=EDGE_LOOP('',(#810));
#5970=EDGE_LOOP('',(#811));
#5971=EDGE_LOOP('',(#812));
#5972=EDGE_LOOP('',(#813));
#5973=EDGE_LOOP('',(#814));
#5974=EDGE_LOOP('',(#815));
#5975=EDGE_LOOP('',(#816));
#5976=EDGE_LOOP('',(#817));
#5977=EDGE_LOOP('',(#818));
#5978=EDGE_LOOP('',(#819));
#5979=EDGE_LOOP('',(#820));
#5980=EDGE_LOOP('',(#821));
#5981=EDGE_LOOP('',(#822));
#5982=EDGE_LOOP('',(#823));
#5983=EDGE_LOOP('',(#824));
#5984=EDGE_LOOP('',(#825));
#5985=EDGE_LOOP('',(#826));
#5986=EDGE_LOOP('',(#827));
#5987=EDGE_LOOP('',(#828,#829,#830,#831));
#5988=EDGE_LOOP('',(#832));
#5989=EDGE_LOOP('',(#833));
#5990=EDGE_LOOP('',(#834));
#5991=EDGE_LOOP('',(#835));
#5992=EDGE_LOOP('',(#836));
#5993=EDGE_LOOP('',(#837));
#5994=EDGE_LOOP('',(#838));
#5995=EDGE_LOOP('',(#839));
#5996=EDGE_LOOP('',(#840));
#5997=EDGE_LOOP('',(#841));
#5998=EDGE_LOOP('',(#842));
#5999=EDGE_LOOP('',(#843));
#6000=EDGE_LOOP('',(#844));
#6001=EDGE_LOOP('',(#845));
#6002=EDGE_LOOP('',(#846));
#6003=EDGE_LOOP('',(#847));
#6004=EDGE_LOOP('',(#848));
#6005=EDGE_LOOP('',(#849));
#6006=EDGE_LOOP('',(#850));
#6007=EDGE_LOOP('',(#851));
#6008=EDGE_LOOP('',(#852));
#6009=EDGE_LOOP('',(#853));
#6010=EDGE_LOOP('',(#854));
#6011=EDGE_LOOP('',(#855));
#6012=EDGE_LOOP('',(#856));
#6013=EDGE_LOOP('',(#857));
#6014=EDGE_LOOP('',(#858));
#6015=EDGE_LOOP('',(#859));
#6016=EDGE_LOOP('',(#860));
#6017=EDGE_LOOP('',(#861));
#6018=EDGE_LOOP('',(#862));
#6019=EDGE_LOOP('',(#863));
#6020=EDGE_LOOP('',(#864));
#6021=EDGE_LOOP('',(#865));
#6022=EDGE_LOOP('',(#866));
#6023=EDGE_LOOP('',(#867));
#6024=EDGE_LOOP('',(#868));
#6025=EDGE_LOOP('',(#869));
#6026=EDGE_LOOP('',(#870));
#6027=EDGE_LOOP('',(#871));
#6028=EDGE_LOOP('',(#872));
#6029=EDGE_LOOP('',(#873));
#6030=EDGE_LOOP('',(#874));
#6031=EDGE_LOOP('',(#875));
#6032=EDGE_LOOP('',(#876));
#6033=EDGE_LOOP('',(#877));
#6034=EDGE_LOOP('',(#878));
#6035=EDGE_LOOP('',(#879));
#6036=EDGE_LOOP('',(#880));
#6037=EDGE_LOOP('',(#881));
#6038=EDGE_LOOP('',(#882));
#6039=EDGE_LOOP('',(#883));
#6040=EDGE_LOOP('',(#884));
#6041=EDGE_LOOP('',(#885));
#6042=EDGE_LOOP('',(#886));
#6043=EDGE_LOOP('',(#887));
#6044=EDGE_LOOP('',(#888));
#6045=EDGE_LOOP('',(#889));
#6046=EDGE_LOOP('',(#890));
#6047=EDGE_LOOP('',(#891));
#6048=EDGE_LOOP('',(#892));
#6049=EDGE_LOOP('',(#893));
#6050=EDGE_LOOP('',(#894));
#6051=EDGE_LOOP('',(#895));
#6052=EDGE_LOOP('',(#896));
#6053=EDGE_LOOP('',(#897));
#6054=EDGE_LOOP('',(#898));
#6055=EDGE_LOOP('',(#899));
#6056=EDGE_LOOP('',(#900));
#6057=EDGE_LOOP('',(#901));
#6058=EDGE_LOOP('',(#902));
#6059=EDGE_LOOP('',(#903));
#6060=EDGE_LOOP('',(#904));
#6061=EDGE_LOOP('',(#905));
#6062=EDGE_LOOP('',(#906));
#6063=EDGE_LOOP('',(#907));
#6064=EDGE_LOOP('',(#908));
#6065=EDGE_LOOP('',(#909));
#6066=EDGE_LOOP('',(#910));
#6067=EDGE_LOOP('',(#911));
#6068=EDGE_LOOP('',(#912));
#6069=EDGE_LOOP('',(#913));
#6070=EDGE_LOOP('',(#914));
#6071=EDGE_LOOP('',(#915));
#6072=EDGE_LOOP('',(#916));
#6073=EDGE_LOOP('',(#917));
#6074=EDGE_LOOP('',(#918));
#6075=EDGE_LOOP('',(#919));
#6076=EDGE_LOOP('',(#920));
#6077=EDGE_LOOP('',(#921));
#6078=EDGE_LOOP('',(#922));
#6079=EDGE_LOOP('',(#923));
#6080=EDGE_LOOP('',(#924));
#6081=EDGE_LOOP('',(#925));
#6082=EDGE_LOOP('',(#926));
#6083=EDGE_LOOP('',(#927));
#6084=EDGE_LOOP('',(#928));
#6085=EDGE_LOOP('',(#929));
#6086=EDGE_LOOP('',(#930));
#6087=EDGE_LOOP('',(#931));
#6088=EDGE_LOOP('',(#932));
#6089=EDGE_LOOP('',(#933));
#6090=EDGE_LOOP('',(#934));
#6091=EDGE_LOOP('',(#935));
#6092=EDGE_LOOP('',(#936));
#6093=EDGE_LOOP('',(#937));
#6094=EDGE_LOOP('',(#938));
#6095=EDGE_LOOP('',(#939));
#6096=EDGE_LOOP('',(#940));
#6097=EDGE_LOOP('',(#941));
#6098=EDGE_LOOP('',(#942));
#6099=EDGE_LOOP('',(#943));
#6100=EDGE_LOOP('',(#944));
#6101=EDGE_LOOP('',(#945));
#6102=EDGE_LOOP('',(#946));
#6103=EDGE_LOOP('',(#947));
#6104=EDGE_LOOP('',(#948));
#6105=EDGE_LOOP('',(#949));
#6106=EDGE_LOOP('',(#950));
#6107=EDGE_LOOP('',(#951));
#6108=EDGE_LOOP('',(#952));
#6109=EDGE_LOOP('',(#953));
#6110=EDGE_LOOP('',(#954));
#6111=EDGE_LOOP('',(#955));
#6112=EDGE_LOOP('',(#956));
#6113=EDGE_LOOP('',(#957));
#6114=EDGE_LOOP('',(#958));
#6115=EDGE_LOOP('',(#959));
#6116=EDGE_LOOP('',(#960));
#6117=EDGE_LOOP('',(#961));
#6118=EDGE_LOOP('',(#962,#963,#964,#965));
#6119=EDGE_LOOP('',(#966));
#6120=EDGE_LOOP('',(#967));
#6121=EDGE_LOOP('',(#968));
#6122=EDGE_LOOP('',(#969));
#6123=EDGE_LOOP('',(#970));
#6124=EDGE_LOOP('',(#971));
#6125=EDGE_LOOP('',(#972));
#6126=EDGE_LOOP('',(#973));
#6127=EDGE_LOOP('',(#974));
#6128=EDGE_LOOP('',(#975));
#6129=EDGE_LOOP('',(#976));
#6130=EDGE_LOOP('',(#977));
#6131=EDGE_LOOP('',(#978));
#6132=EDGE_LOOP('',(#979));
#6133=EDGE_LOOP('',(#980));
#6134=EDGE_LOOP('',(#981));
#6135=EDGE_LOOP('',(#982));
#6136=EDGE_LOOP('',(#983));
#6137=EDGE_LOOP('',(#984));
#6138=EDGE_LOOP('',(#985));
#6139=EDGE_LOOP('',(#986));
#6140=EDGE_LOOP('',(#987));
#6141=EDGE_LOOP('',(#988));
#6142=EDGE_LOOP('',(#989));
#6143=EDGE_LOOP('',(#990));
#6144=EDGE_LOOP('',(#991));
#6145=EDGE_LOOP('',(#992));
#6146=EDGE_LOOP('',(#993));
#6147=EDGE_LOOP('',(#994));
#6148=EDGE_LOOP('',(#995));
#6149=EDGE_LOOP('',(#996));
#6150=EDGE_LOOP('',(#997));
#6151=EDGE_LOOP('',(#998));
#6152=EDGE_LOOP('',(#999));
#6153=EDGE_LOOP('',(#1000));
#6154=EDGE_LOOP('',(#1001));
#6155=EDGE_LOOP('',(#1002));
#6156=EDGE_LOOP('',(#1003));
#6157=EDGE_LOOP('',(#1004));
#6158=EDGE_LOOP('',(#1005));
#6159=EDGE_LOOP('',(#1006));
#6160=EDGE_LOOP('',(#1007));
#6161=EDGE_LOOP('',(#1008));
#6162=EDGE_LOOP('',(#1009));
#6163=EDGE_LOOP('',(#1010));
#6164=EDGE_LOOP('',(#1011));
#6165=EDGE_LOOP('',(#1012));
#6166=EDGE_LOOP('',(#1013));
#6167=EDGE_LOOP('',(#1014));
#6168=EDGE_LOOP('',(#1015));
#6169=EDGE_LOOP('',(#1016));
#6170=EDGE_LOOP('',(#1017));
#6171=EDGE_LOOP('',(#1018));
#6172=EDGE_LOOP('',(#1019));
#6173=EDGE_LOOP('',(#1020));
#6174=EDGE_LOOP('',(#1021));
#6175=EDGE_LOOP('',(#1022));
#6176=EDGE_LOOP('',(#1023));
#6177=EDGE_LOOP('',(#1024));
#6178=EDGE_LOOP('',(#1025));
#6179=EDGE_LOOP('',(#1026));
#6180=EDGE_LOOP('',(#1027));
#6181=EDGE_LOOP('',(#1028));
#6182=EDGE_LOOP('',(#1029));
#6183=EDGE_LOOP('',(#1030));
#6184=EDGE_LOOP('',(#1031));
#6185=EDGE_LOOP('',(#1032));
#6186=EDGE_LOOP('',(#1033));
#6187=EDGE_LOOP('',(#1034));
#6188=EDGE_LOOP('',(#1035));
#6189=EDGE_LOOP('',(#1036));
#6190=EDGE_LOOP('',(#1037));
#6191=EDGE_LOOP('',(#1038));
#6192=EDGE_LOOP('',(#1039));
#6193=EDGE_LOOP('',(#1040));
#6194=EDGE_LOOP('',(#1041));
#6195=EDGE_LOOP('',(#1042));
#6196=EDGE_LOOP('',(#1043));
#6197=EDGE_LOOP('',(#1044));
#6198=EDGE_LOOP('',(#1045));
#6199=EDGE_LOOP('',(#1046));
#6200=EDGE_LOOP('',(#1047));
#6201=EDGE_LOOP('',(#1048));
#6202=EDGE_LOOP('',(#1049));
#6203=EDGE_LOOP('',(#1050));
#6204=EDGE_LOOP('',(#1051));
#6205=EDGE_LOOP('',(#1052));
#6206=EDGE_LOOP('',(#1053));
#6207=EDGE_LOOP('',(#1054));
#6208=EDGE_LOOP('',(#1055));
#6209=EDGE_LOOP('',(#1056));
#6210=EDGE_LOOP('',(#1057));
#6211=EDGE_LOOP('',(#1058));
#6212=EDGE_LOOP('',(#1059));
#6213=EDGE_LOOP('',(#1060));
#6214=EDGE_LOOP('',(#1061));
#6215=EDGE_LOOP('',(#1062));
#6216=EDGE_LOOP('',(#1063));
#6217=EDGE_LOOP('',(#1064));
#6218=EDGE_LOOP('',(#1065));
#6219=EDGE_LOOP('',(#1066));
#6220=EDGE_LOOP('',(#1067));
#6221=EDGE_LOOP('',(#1068));
#6222=EDGE_LOOP('',(#1069));
#6223=EDGE_LOOP('',(#1070));
#6224=EDGE_LOOP('',(#1071));
#6225=EDGE_LOOP('',(#1072));
#6226=EDGE_LOOP('',(#1073));
#6227=EDGE_LOOP('',(#1074));
#6228=EDGE_LOOP('',(#1075));
#6229=EDGE_LOOP('',(#1076));
#6230=EDGE_LOOP('',(#1077));
#6231=EDGE_LOOP('',(#1078));
#6232=EDGE_LOOP('',(#1079));
#6233=EDGE_LOOP('',(#1080));
#6234=EDGE_LOOP('',(#1081));
#6235=EDGE_LOOP('',(#1082));
#6236=EDGE_LOOP('',(#1083));
#6237=EDGE_LOOP('',(#1084));
#6238=EDGE_LOOP('',(#1085));
#6239=EDGE_LOOP('',(#1086));
#6240=EDGE_LOOP('',(#1087));
#6241=EDGE_LOOP('',(#1088));
#6242=EDGE_LOOP('',(#1089));
#6243=EDGE_LOOP('',(#1090));
#6244=EDGE_LOOP('',(#1091));
#6245=EDGE_LOOP('',(#1092));
#6246=EDGE_LOOP('',(#1093));
#6247=EDGE_LOOP('',(#1094));
#6248=EDGE_LOOP('',(#1095));
#6249=EDGE_LOOP('',(#1096));
#6250=EDGE_LOOP('',(#1097));
#6251=EDGE_LOOP('',(#1098));
#6252=EDGE_LOOP('',(#1099));
#6253=EDGE_LOOP('',(#1100));
#6254=EDGE_LOOP('',(#1101));
#6255=EDGE_LOOP('',(#1102));
#6256=EDGE_LOOP('',(#1103));
#6257=EDGE_LOOP('',(#1104));
#6258=EDGE_LOOP('',(#1105));
#6259=EDGE_LOOP('',(#1106));
#6260=EDGE_LOOP('',(#1107));
#6261=EDGE_LOOP('',(#1108));
#6262=EDGE_LOOP('',(#1109));
#6263=EDGE_LOOP('',(#1110));
#6264=EDGE_LOOP('',(#1111));
#6265=EDGE_LOOP('',(#1112));
#6266=EDGE_LOOP('',(#1113));
#6267=EDGE_LOOP('',(#1114));
#6268=EDGE_LOOP('',(#1115));
#6269=EDGE_LOOP('',(#1116));
#6270=EDGE_LOOP('',(#1117));
#6271=EDGE_LOOP('',(#1118));
#6272=EDGE_LOOP('',(#1119));
#6273=EDGE_LOOP('',(#1120));
#6274=EDGE_LOOP('',(#1121));
#6275=EDGE_LOOP('',(#1122));
#6276=EDGE_LOOP('',(#1123));
#6277=EDGE_LOOP('',(#1124));
#6278=EDGE_LOOP('',(#1125));
#6279=EDGE_LOOP('',(#1126));
#6280=EDGE_LOOP('',(#1127));
#6281=EDGE_LOOP('',(#1128));
#6282=EDGE_LOOP('',(#1129));
#6283=EDGE_LOOP('',(#1130));
#6284=EDGE_LOOP('',(#1131));
#6285=EDGE_LOOP('',(#1132));
#6286=EDGE_LOOP('',(#1133));
#6287=EDGE_LOOP('',(#1134));
#6288=EDGE_LOOP('',(#1135));
#6289=EDGE_LOOP('',(#1136));
#6290=EDGE_LOOP('',(#1137));
#6291=EDGE_LOOP('',(#1138));
#6292=EDGE_LOOP('',(#1139));
#6293=EDGE_LOOP('',(#1140));
#6294=EDGE_LOOP('',(#1141));
#6295=EDGE_LOOP('',(#1142));
#6296=EDGE_LOOP('',(#1143));
#6297=EDGE_LOOP('',(#1144));
#6298=EDGE_LOOP('',(#1145));
#6299=EDGE_LOOP('',(#1146));
#6300=EDGE_LOOP('',(#1147));
#6301=EDGE_LOOP('',(#1148));
#6302=EDGE_LOOP('',(#1149));
#6303=EDGE_LOOP('',(#1150));
#6304=EDGE_LOOP('',(#1151));
#6305=EDGE_LOOP('',(#1152));
#6306=EDGE_LOOP('',(#1153));
#6307=EDGE_LOOP('',(#1154));
#6308=EDGE_LOOP('',(#1155));
#6309=EDGE_LOOP('',(#1156));
#6310=EDGE_LOOP('',(#1157));
#6311=EDGE_LOOP('',(#1158));
#6312=EDGE_LOOP('',(#1159));
#6313=EDGE_LOOP('',(#1160));
#6314=EDGE_LOOP('',(#1161));
#6315=EDGE_LOOP('',(#1162));
#6316=EDGE_LOOP('',(#1163));
#6317=EDGE_LOOP('',(#1164));
#6318=EDGE_LOOP('',(#1165));
#6319=EDGE_LOOP('',(#1166));
#6320=EDGE_LOOP('',(#1167));
#6321=EDGE_LOOP('',(#1168));
#6322=EDGE_LOOP('',(#1169));
#6323=EDGE_LOOP('',(#1170));
#6324=EDGE_LOOP('',(#1171));
#6325=EDGE_LOOP('',(#1172));
#6326=EDGE_LOOP('',(#1173));
#6327=EDGE_LOOP('',(#1174));
#6328=EDGE_LOOP('',(#1175));
#6329=EDGE_LOOP('',(#1176));
#6330=EDGE_LOOP('',(#1177));
#6331=EDGE_LOOP('',(#1178));
#6332=EDGE_LOOP('',(#1179));
#6333=EDGE_LOOP('',(#1180));
#6334=EDGE_LOOP('',(#1181));
#6335=EDGE_LOOP('',(#1182));
#6336=EDGE_LOOP('',(#1183));
#6337=EDGE_LOOP('',(#1184));
#6338=EDGE_LOOP('',(#1185));
#6339=EDGE_LOOP('',(#1186));
#6340=EDGE_LOOP('',(#1187));
#6341=EDGE_LOOP('',(#1188));
#6342=EDGE_LOOP('',(#1189));
#6343=EDGE_LOOP('',(#1190));
#6344=EDGE_LOOP('',(#1191));
#6345=EDGE_LOOP('',(#1192));
#6346=EDGE_LOOP('',(#1193));
#6347=EDGE_LOOP('',(#1194));
#6348=EDGE_LOOP('',(#1195));
#6349=EDGE_LOOP('',(#1196));
#6350=EDGE_LOOP('',(#1197));
#6351=EDGE_LOOP('',(#1198));
#6352=EDGE_LOOP('',(#1199));
#6353=EDGE_LOOP('',(#1200));
#6354=EDGE_LOOP('',(#1201));
#6355=EDGE_LOOP('',(#1202));
#6356=EDGE_LOOP('',(#1203));
#6357=EDGE_LOOP('',(#1204));
#6358=EDGE_LOOP('',(#1205));
#6359=EDGE_LOOP('',(#1206));
#6360=EDGE_LOOP('',(#1207));
#6361=EDGE_LOOP('',(#1208));
#6362=EDGE_LOOP('',(#1209));
#6363=EDGE_LOOP('',(#1210));
#6364=EDGE_LOOP('',(#1211));
#6365=EDGE_LOOP('',(#1212));
#6366=EDGE_LOOP('',(#1213));
#6367=EDGE_LOOP('',(#1214));
#6368=EDGE_LOOP('',(#1215));
#6369=EDGE_LOOP('',(#1216));
#6370=EDGE_LOOP('',(#1217));
#6371=EDGE_LOOP('',(#1218));
#6372=EDGE_LOOP('',(#1219));
#6373=EDGE_LOOP('',(#1220));
#6374=EDGE_LOOP('',(#1221));
#6375=EDGE_LOOP('',(#1222));
#6376=EDGE_LOOP('',(#1223));
#6377=EDGE_LOOP('',(#1224));
#6378=EDGE_LOOP('',(#1225));
#6379=EDGE_LOOP('',(#1226,#1227,#1228,#1229,#1230,#1231,#1232,#1233,#1234,
#1235,#1236,#1237,#1238,#1239,#1240));
#6380=EDGE_LOOP('',(#1241,#1242,#1243,#1244,#1245,#1246,#1247,#1248,#1249,
#1250,#1251,#1252,#1253,#1254,#1255,#1256));
#6381=EDGE_LOOP('',(#1257,#1258,#1259,#1260,#1261,#1262,#1263,#1264,#1265,
#1266,#1267,#1268,#1269,#1270,#1271,#1272));
#6382=EDGE_LOOP('',(#1273,#1274,#1275,#1276));
#6383=EDGE_LOOP('',(#1277,#1278,#1279,#1280));
#6384=EDGE_LOOP('',(#1281,#1282,#1283,#1284,#1285,#1286,#1287,#1288,#1289,
#1290,#1291,#1292));
#6385=EDGE_LOOP('',(#1293,#1294,#1295,#1296,#1297,#1298,#1299,#1300,#1301,
#1302,#1303,#1304));
#6386=EDGE_LOOP('',(#1305,#1306,#1307,#1308,#1309,#1310,#1311,#1312,#1313,
#1314,#1315,#1316,#1317,#1318,#1319,#1320,#1321,#1322,#1323,#1324,#1325,
#1326,#1327,#1328,#1329,#1330,#1331,#1332));
#6387=EDGE_LOOP('',(#1333,#1334,#1335,#1336));
#6388=EDGE_LOOP('',(#1337,#1338,#1339,#1340));
#6389=EDGE_LOOP('',(#1341,#1342,#1343,#1344));
#6390=EDGE_LOOP('',(#1345,#1346,#1347,#1348));
#6391=EDGE_LOOP('',(#1349,#1350,#1351,#1352));
#6392=EDGE_LOOP('',(#1353));
#6393=EDGE_LOOP('',(#1354));
#6394=EDGE_LOOP('',(#1355));
#6395=EDGE_LOOP('',(#1356));
#6396=EDGE_LOOP('',(#1357));
#6397=EDGE_LOOP('',(#1358));
#6398=EDGE_LOOP('',(#1359));
#6399=EDGE_LOOP('',(#1360));
#6400=EDGE_LOOP('',(#1361));
#6401=EDGE_LOOP('',(#1362));
#6402=EDGE_LOOP('',(#1363));
#6403=EDGE_LOOP('',(#1364));
#6404=EDGE_LOOP('',(#1365,#1366,#1367,#1368));
#6405=EDGE_LOOP('',(#1369,#1370,#1371,#1372,#1373,#1374,#1375,#1376));
#6406=EDGE_LOOP('',(#1377,#1378,#1379,#1380));
#6407=EDGE_LOOP('',(#1381,#1382,#1383,#1384,#1385,#1386,#1387,#1388));
#6408=EDGE_LOOP('',(#1389,#1390,#1391,#1392));
#6409=EDGE_LOOP('',(#1393,#1394,#1395,#1396));
#6410=EDGE_LOOP('',(#1397));
#6411=EDGE_LOOP('',(#1398));
#6412=EDGE_LOOP('',(#1399));
#6413=EDGE_LOOP('',(#1400));
#6414=EDGE_LOOP('',(#1401,#1402,#1403,#1404));
#6415=EDGE_LOOP('',(#1405,#1406,#1407,#1408));
#6416=EDGE_LOOP('',(#1409,#1410,#1411,#1412));
#6417=EDGE_LOOP('',(#1413,#1414,#1415,#1416));
#6418=EDGE_LOOP('',(#1417,#1418,#1419,#1420,#1421,#1422,#1423,#1424));
#6419=EDGE_LOOP('',(#1425,#1426,#1427,#1428));
#6420=EDGE_LOOP('',(#1429,#1430,#1431,#1432,#1433,#1434,#1435,#1436));
#6421=EDGE_LOOP('',(#1437,#1438,#1439,#1440));
#6422=EDGE_LOOP('',(#1441,#1442,#1443,#1444));
#6423=EDGE_LOOP('',(#1445,#1446,#1447,#1448));
#6424=EDGE_LOOP('',(#1449,#1450,#1451,#1452));
#6425=EDGE_LOOP('',(#1453,#1454,#1455,#1456));
#6426=EDGE_LOOP('',(#1457,#1458,#1459,#1460));
#6427=EDGE_LOOP('',(#1461,#1462,#1463,#1464));
#6428=EDGE_LOOP('',(#1465,#1466,#1467,#1468));
#6429=EDGE_LOOP('',(#1469,#1470,#1471,#1472));
#6430=EDGE_LOOP('',(#1473,#1474,#1475,#1476));
#6431=EDGE_LOOP('',(#1477,#1478,#1479,#1480));
#6432=EDGE_LOOP('',(#1481,#1482,#1483,#1484));
#6433=EDGE_LOOP('',(#1485,#1486,#1487,#1488));
#6434=EDGE_LOOP('',(#1489,#1490,#1491,#1492));
#6435=EDGE_LOOP('',(#1493,#1494,#1495,#1496));
#6436=EDGE_LOOP('',(#1497,#1498,#1499,#1500));
#6437=EDGE_LOOP('',(#1501,#1502,#1503,#1504,#1505,#1506,#1507,#1508,#1509,
#1510,#1511,#1512,#1513,#1514,#1515,#1516));
#6438=EDGE_LOOP('',(#1517,#1518,#1519,#1520));
#6439=EDGE_LOOP('',(#1521,#1522,#1523,#1524));
#6440=EDGE_LOOP('',(#1525,#1526,#1527,#1528));
#6441=EDGE_LOOP('',(#1529,#1530,#1531,#1532));
#6442=EDGE_LOOP('',(#1533,#1534,#1535,#1536));
#6443=EDGE_LOOP('',(#1537,#1538,#1539,#1540));
#6444=EDGE_LOOP('',(#1541,#1542,#1543,#1544));
#6445=EDGE_LOOP('',(#1545,#1546,#1547,#1548));
#6446=EDGE_LOOP('',(#1549,#1550,#1551,#1552));
#6447=EDGE_LOOP('',(#1553,#1554,#1555,#1556));
#6448=EDGE_LOOP('',(#1557,#1558,#1559,#1560));
#6449=EDGE_LOOP('',(#1561,#1562,#1563,#1564));
#6450=EDGE_LOOP('',(#1565,#1566,#1567,#1568,#1569,#1570,#1571,#1572,#1573,
#1574,#1575,#1576));
#6451=EDGE_LOOP('',(#1577,#1578,#1579,#1580));
#6452=EDGE_LOOP('',(#1581,#1582,#1583,#1584));
#6453=EDGE_LOOP('',(#1585,#1586,#1587,#1588));
#6454=EDGE_LOOP('',(#1589,#1590,#1591,#1592));
#6455=EDGE_LOOP('',(#1593,#1594,#1595,#1596));
#6456=EDGE_LOOP('',(#1597,#1598,#1599,#1600));
#6457=EDGE_LOOP('',(#1601,#1602,#1603,#1604));
#6458=EDGE_LOOP('',(#1605,#1606,#1607,#1608));
#6459=EDGE_LOOP('',(#1609,#1610,#1611,#1612));
#6460=EDGE_LOOP('',(#1613,#1614,#1615,#1616));
#6461=EDGE_LOOP('',(#1617,#1618,#1619,#1620));
#6462=EDGE_LOOP('',(#1621,#1622,#1623,#1624));
#6463=EDGE_LOOP('',(#1625,#1626,#1627,#1628));
#6464=EDGE_LOOP('',(#1629,#1630,#1631,#1632));
#6465=EDGE_LOOP('',(#1633,#1634,#1635,#1636));
#6466=EDGE_LOOP('',(#1637,#1638,#1639,#1640));
#6467=EDGE_LOOP('',(#1641,#1642,#1643,#1644,#1645,#1646,#1647,#1648,#1649,
#1650,#1651,#1652,#1653,#1654,#1655,#1656));
#6468=EDGE_LOOP('',(#1657,#1658,#1659,#1660));
#6469=EDGE_LOOP('',(#1661,#1662,#1663,#1664));
#6470=EDGE_LOOP('',(#1665,#1666,#1667,#1668));
#6471=EDGE_LOOP('',(#1669,#1670,#1671,#1672));
#6472=EDGE_LOOP('',(#1673,#1674,#1675,#1676));
#6473=EDGE_LOOP('',(#1677,#1678,#1679,#1680));
#6474=EDGE_LOOP('',(#1681,#1682,#1683,#1684));
#6475=EDGE_LOOP('',(#1685,#1686,#1687,#1688));
#6476=EDGE_LOOP('',(#1689,#1690,#1691,#1692));
#6477=EDGE_LOOP('',(#1693,#1694,#1695,#1696));
#6478=EDGE_LOOP('',(#1697,#1698,#1699,#1700));
#6479=EDGE_LOOP('',(#1701,#1702,#1703,#1704));
#6480=EDGE_LOOP('',(#1705,#1706,#1707,#1708,#1709,#1710,#1711,#1712,#1713,
#1714,#1715,#1716));
#6481=EDGE_LOOP('',(#1717,#1718,#1719,#1720));
#6482=EDGE_LOOP('',(#1721,#1722,#1723,#1724));
#6483=EDGE_LOOP('',(#1725,#1726,#1727,#1728));
#6484=EDGE_LOOP('',(#1729,#1730,#1731,#1732));
#6485=EDGE_LOOP('',(#1733,#1734,#1735,#1736));
#6486=EDGE_LOOP('',(#1737,#1738,#1739,#1740));
#6487=EDGE_LOOP('',(#1741,#1742,#1743,#1744));
#6488=EDGE_LOOP('',(#1745,#1746,#1747,#1748));
#6489=EDGE_LOOP('',(#1749,#1750,#1751,#1752));
#6490=EDGE_LOOP('',(#1753,#1754,#1755,#1756));
#6491=EDGE_LOOP('',(#1757,#1758,#1759,#1760));
#6492=EDGE_LOOP('',(#1761,#1762,#1763,#1764));
#6493=EDGE_LOOP('',(#1765,#1766,#1767,#1768));
#6494=EDGE_LOOP('',(#1769,#1770,#1771,#1772));
#6495=EDGE_LOOP('',(#1773,#1774,#1775,#1776));
#6496=EDGE_LOOP('',(#1777,#1778,#1779,#1780,#1781,#1782,#1783,#1784,#1785,
#1786,#1787,#1788,#1789,#1790,#1791));
#6497=EDGE_LOOP('',(#1792,#1793,#1794,#1795));
#6498=EDGE_LOOP('',(#1796,#1797,#1798,#1799));
#6499=EDGE_LOOP('',(#1800,#1801,#1802,#1803));
#6500=EDGE_LOOP('',(#1804,#1805,#1806,#1807));
#6501=EDGE_LOOP('',(#1808,#1809,#1810,#1811));
#6502=EDGE_LOOP('',(#1812,#1813,#1814,#1815));
#6503=EDGE_LOOP('',(#1816,#1817,#1818,#1819));
#6504=EDGE_LOOP('',(#1820,#1821,#1822,#1823));
#6505=EDGE_LOOP('',(#1824,#1825,#1826,#1827));
#6506=EDGE_LOOP('',(#1828,#1829,#1830,#1831));
#6507=EDGE_LOOP('',(#1832,#1833,#1834,#1835));
#6508=EDGE_LOOP('',(#1836,#1837,#1838,#1839));
#6509=EDGE_LOOP('',(#1840,#1841,#1842,#1843));
#6510=EDGE_LOOP('',(#1844,#1845,#1846,#1847));
#6511=EDGE_LOOP('',(#1848,#1849,#1850,#1851));
#6512=EDGE_LOOP('',(#1852,#1853,#1854,#1855));
#6513=EDGE_LOOP('',(#1856,#1857,#1858,#1859));
#6514=EDGE_LOOP('',(#1860,#1861,#1862,#1863));
#6515=EDGE_LOOP('',(#1864,#1865,#1866,#1867));
#6516=EDGE_LOOP('',(#1868,#1869,#1870,#1871));
#6517=EDGE_LOOP('',(#1872,#1873,#1874,#1875));
#6518=EDGE_LOOP('',(#1876,#1877,#1878,#1879));
#6519=EDGE_LOOP('',(#1880,#1881,#1882,#1883));
#6520=EDGE_LOOP('',(#1884,#1885,#1886,#1887));
#6521=EDGE_LOOP('',(#1888,#1889,#1890,#1891));
#6522=EDGE_LOOP('',(#1892,#1893,#1894,#1895));
#6523=EDGE_LOOP('',(#1896,#1897,#1898,#1899));
#6524=EDGE_LOOP('',(#1900,#1901,#1902,#1903));
#6525=EDGE_LOOP('',(#1904,#1905,#1906,#1907,#1908,#1909,#1910,#1911,#1912,
#1913,#1914,#1915,#1916,#1917,#1918,#1919,#1920,#1921,#1922,#1923,#1924,
#1925,#1926,#1927,#1928,#1929,#1930,#1931));
#6526=EDGE_LOOP('',(#1932,#1933,#1934,#1935));
#6527=EDGE_LOOP('',(#1936,#1937,#1938,#1939));
#6528=EDGE_LOOP('',(#1940,#1941,#1942,#1943));
#6529=EDGE_LOOP('',(#1944,#1945,#1946,#1947));
#6530=EDGE_LOOP('',(#1948,#1949,#1950,#1951));
#6531=EDGE_LOOP('',(#1952,#1953,#1954,#1955));
#6532=EDGE_LOOP('',(#1956,#1957,#1958,#1959));
#6533=EDGE_LOOP('',(#1960,#1961,#1962,#1963));
#6534=EDGE_LOOP('',(#1964,#1965,#1966,#1967));
#6535=EDGE_LOOP('',(#1968,#1969,#1970,#1971));
#6536=EDGE_LOOP('',(#1972,#1973,#1974,#1975));
#6537=EDGE_LOOP('',(#1976,#1977,#1978,#1979));
#6538=EDGE_LOOP('',(#1980,#1981,#1982,#1983));
#6539=EDGE_LOOP('',(#1984,#1985,#1986,#1987));
#6540=EDGE_LOOP('',(#1988,#1989,#1990,#1991));
#6541=EDGE_LOOP('',(#1992,#1993,#1994,#1995));
#6542=EDGE_LOOP('',(#1996,#1997,#1998,#1999));
#6543=EDGE_LOOP('',(#2000,#2001,#2002,#2003));
#6544=EDGE_LOOP('',(#2004,#2005,#2006,#2007));
#6545=EDGE_LOOP('',(#2008,#2009,#2010,#2011));
#6546=EDGE_LOOP('',(#2012,#2013,#2014,#2015));
#6547=EDGE_LOOP('',(#2016,#2017,#2018,#2019));
#6548=EDGE_LOOP('',(#2020,#2021,#2022,#2023));
#6549=EDGE_LOOP('',(#2024,#2025,#2026,#2027));
#6550=EDGE_LOOP('',(#2028,#2029,#2030,#2031));
#6551=EDGE_LOOP('',(#2032,#2033,#2034,#2035));
#6552=EDGE_LOOP('',(#2036,#2037,#2038,#2039));
#6553=EDGE_LOOP('',(#2040,#2041,#2042,#2043));
#6554=EDGE_LOOP('',(#2044,#2045,#2046,#2047));
#6555=EDGE_LOOP('',(#2048,#2049,#2050,#2051));
#6556=EDGE_LOOP('',(#2052,#2053,#2054,#2055));
#6557=EDGE_LOOP('',(#2056,#2057,#2058,#2059));
#6558=EDGE_LOOP('',(#2060,#2061,#2062,#2063));
#6559=EDGE_LOOP('',(#2064,#2065,#2066,#2067));
#6560=EDGE_LOOP('',(#2068,#2069,#2070,#2071));
#6561=EDGE_LOOP('',(#2072,#2073,#2074,#2075));
#6562=EDGE_LOOP('',(#2076,#2077,#2078,#2079));
#6563=EDGE_LOOP('',(#2080,#2081,#2082,#2083));
#6564=EDGE_LOOP('',(#2084,#2085,#2086,#2087));
#6565=EDGE_LOOP('',(#2088,#2089,#2090,#2091));
#6566=EDGE_LOOP('',(#2092,#2093,#2094,#2095));
#6567=EDGE_LOOP('',(#2096,#2097,#2098,#2099));
#6568=EDGE_LOOP('',(#2100,#2101,#2102,#2103));
#6569=EDGE_LOOP('',(#2104,#2105,#2106,#2107));
#6570=EDGE_LOOP('',(#2108,#2109,#2110,#2111));
#6571=EDGE_LOOP('',(#2112,#2113,#2114,#2115));
#6572=EDGE_LOOP('',(#2116,#2117,#2118,#2119));
#6573=EDGE_LOOP('',(#2120,#2121,#2122,#2123));
#6574=EDGE_LOOP('',(#2124,#2125,#2126,#2127));
#6575=EDGE_LOOP('',(#2128,#2129,#2130,#2131));
#6576=EDGE_LOOP('',(#2132,#2133,#2134,#2135));
#6577=EDGE_LOOP('',(#2136,#2137,#2138,#2139));
#6578=EDGE_LOOP('',(#2140,#2141,#2142,#2143));
#6579=EDGE_LOOP('',(#2144,#2145,#2146,#2147));
#6580=EDGE_LOOP('',(#2148,#2149,#2150,#2151));
#6581=EDGE_LOOP('',(#2152,#2153,#2154,#2155));
#6582=EDGE_LOOP('',(#2156,#2157,#2158,#2159));
#6583=EDGE_LOOP('',(#2160,#2161,#2162,#2163));
#6584=EDGE_LOOP('',(#2164,#2165,#2166,#2167));
#6585=EDGE_LOOP('',(#2168,#2169,#2170,#2171));
#6586=EDGE_LOOP('',(#2172,#2173,#2174,#2175));
#6587=EDGE_LOOP('',(#2176,#2177,#2178,#2179));
#6588=EDGE_LOOP('',(#2180,#2181,#2182,#2183));
#6589=EDGE_LOOP('',(#2184,#2185,#2186,#2187));
#6590=EDGE_LOOP('',(#2188,#2189,#2190,#2191));
#6591=EDGE_LOOP('',(#2192,#2193,#2194,#2195));
#6592=EDGE_LOOP('',(#2196,#2197,#2198,#2199));
#6593=EDGE_LOOP('',(#2200,#2201,#2202,#2203));
#6594=EDGE_LOOP('',(#2204,#2205,#2206,#2207));
#6595=EDGE_LOOP('',(#2208,#2209,#2210,#2211));
#6596=EDGE_LOOP('',(#2212,#2213,#2214,#2215));
#6597=EDGE_LOOP('',(#2216,#2217,#2218,#2219));
#6598=EDGE_LOOP('',(#2220,#2221,#2222,#2223));
#6599=EDGE_LOOP('',(#2224,#2225,#2226,#2227));
#6600=EDGE_LOOP('',(#2228,#2229,#2230,#2231));
#6601=EDGE_LOOP('',(#2232,#2233,#2234,#2235));
#6602=EDGE_LOOP('',(#2236,#2237,#2238,#2239));
#6603=EDGE_LOOP('',(#2240,#2241,#2242,#2243));
#6604=EDGE_LOOP('',(#2244,#2245,#2246,#2247));
#6605=EDGE_LOOP('',(#2248,#2249,#2250,#2251));
#6606=EDGE_LOOP('',(#2252,#2253,#2254,#2255));
#6607=EDGE_LOOP('',(#2256,#2257,#2258,#2259));
#6608=EDGE_LOOP('',(#2260,#2261,#2262,#2263));
#6609=EDGE_LOOP('',(#2264,#2265,#2266,#2267));
#6610=EDGE_LOOP('',(#2268,#2269,#2270,#2271));
#6611=EDGE_LOOP('',(#2272,#2273,#2274,#2275));
#6612=EDGE_LOOP('',(#2276,#2277,#2278,#2279));
#6613=EDGE_LOOP('',(#2280,#2281,#2282,#2283));
#6614=EDGE_LOOP('',(#2284,#2285,#2286,#2287));
#6615=EDGE_LOOP('',(#2288,#2289,#2290,#2291));
#6616=EDGE_LOOP('',(#2292,#2293,#2294,#2295));
#6617=EDGE_LOOP('',(#2296,#2297,#2298,#2299));
#6618=EDGE_LOOP('',(#2300,#2301,#2302,#2303));
#6619=EDGE_LOOP('',(#2304,#2305,#2306,#2307));
#6620=EDGE_LOOP('',(#2308,#2309,#2310,#2311));
#6621=EDGE_LOOP('',(#2312,#2313,#2314,#2315));
#6622=EDGE_LOOP('',(#2316,#2317,#2318,#2319));
#6623=EDGE_LOOP('',(#2320,#2321,#2322,#2323));
#6624=EDGE_LOOP('',(#2324,#2325,#2326,#2327));
#6625=EDGE_LOOP('',(#2328,#2329,#2330,#2331));
#6626=EDGE_LOOP('',(#2332,#2333,#2334,#2335));
#6627=EDGE_LOOP('',(#2336,#2337,#2338,#2339));
#6628=EDGE_LOOP('',(#2340,#2341,#2342,#2343));
#6629=EDGE_LOOP('',(#2344,#2345,#2346,#2347));
#6630=EDGE_LOOP('',(#2348,#2349,#2350,#2351));
#6631=EDGE_LOOP('',(#2352,#2353,#2354,#2355));
#6632=EDGE_LOOP('',(#2356,#2357,#2358,#2359));
#6633=EDGE_LOOP('',(#2360,#2361,#2362,#2363));
#6634=EDGE_LOOP('',(#2364,#2365,#2366,#2367));
#6635=EDGE_LOOP('',(#2368,#2369,#2370,#2371));
#6636=EDGE_LOOP('',(#2372,#2373,#2374,#2375));
#6637=EDGE_LOOP('',(#2376,#2377,#2378,#2379));
#6638=EDGE_LOOP('',(#2380,#2381,#2382,#2383));
#6639=EDGE_LOOP('',(#2384,#2385,#2386,#2387));
#6640=EDGE_LOOP('',(#2388,#2389,#2390,#2391));
#6641=EDGE_LOOP('',(#2392,#2393,#2394,#2395));
#6642=EDGE_LOOP('',(#2396,#2397,#2398,#2399));
#6643=EDGE_LOOP('',(#2400,#2401,#2402,#2403));
#6644=EDGE_LOOP('',(#2404,#2405,#2406,#2407));
#6645=EDGE_LOOP('',(#2408,#2409,#2410,#2411));
#6646=EDGE_LOOP('',(#2412,#2413,#2414,#2415));
#6647=EDGE_LOOP('',(#2416,#2417,#2418,#2419));
#6648=EDGE_LOOP('',(#2420,#2421,#2422,#2423));
#6649=EDGE_LOOP('',(#2424,#2425,#2426,#2427));
#6650=EDGE_LOOP('',(#2428,#2429,#2430,#2431));
#6651=EDGE_LOOP('',(#2432,#2433,#2434,#2435));
#6652=EDGE_LOOP('',(#2436,#2437,#2438,#2439));
#6653=EDGE_LOOP('',(#2440,#2441,#2442,#2443));
#6654=EDGE_LOOP('',(#2444,#2445,#2446,#2447));
#6655=EDGE_LOOP('',(#2448,#2449,#2450,#2451));
#6656=EDGE_LOOP('',(#2452,#2453,#2454,#2455));
#6657=EDGE_LOOP('',(#2456,#2457,#2458,#2459));
#6658=EDGE_LOOP('',(#2460,#2461,#2462,#2463));
#6659=EDGE_LOOP('',(#2464,#2465,#2466,#2467));
#6660=EDGE_LOOP('',(#2468,#2469,#2470,#2471));
#6661=EDGE_LOOP('',(#2472,#2473,#2474,#2475));
#6662=EDGE_LOOP('',(#2476,#2477,#2478,#2479));
#6663=EDGE_LOOP('',(#2480,#2481,#2482,#2483));
#6664=EDGE_LOOP('',(#2484,#2485,#2486,#2487));
#6665=EDGE_LOOP('',(#2488));
#6666=EDGE_LOOP('',(#2489));
#6667=EDGE_LOOP('',(#2490));
#6668=EDGE_LOOP('',(#2491));
#6669=EDGE_LOOP('',(#2492));
#6670=EDGE_LOOP('',(#2493));
#6671=EDGE_LOOP('',(#2494));
#6672=EDGE_LOOP('',(#2495));
#6673=EDGE_LOOP('',(#2496,#2497,#2498,#2499));
#6674=EDGE_LOOP('',(#2500));
#6675=EDGE_LOOP('',(#2501));
#6676=EDGE_LOOP('',(#2502));
#6677=EDGE_LOOP('',(#2503));
#6678=EDGE_LOOP('',(#2504,#2505,#2506,#2507));
#6679=EDGE_LOOP('',(#2508,#2509,#2510,#2511));
#6680=EDGE_LOOP('',(#2512,#2513,#2514,#2515));
#6681=EDGE_LOOP('',(#2516,#2517,#2518,#2519,#2520,#2521,#2522,#2523));
#6682=EDGE_LOOP('',(#2524,#2525,#2526,#2527,#2528,#2529,#2530,#2531));
#6683=EDGE_LOOP('',(#2532,#2533,#2534,#2535,#2536,#2537,#2538,#2539));
#6684=EDGE_LOOP('',(#2540,#2541,#2542,#2543,#2544,#2545,#2546,#2547));
#6685=EDGE_LOOP('',(#2548,#2549,#2550,#2551,#2552,#2553,#2554,#2555));
#6686=EDGE_LOOP('',(#2556,#2557,#2558,#2559,#2560,#2561,#2562,#2563));
#6687=EDGE_LOOP('',(#2564,#2565,#2566,#2567,#2568,#2569,#2570,#2571));
#6688=EDGE_LOOP('',(#2572,#2573,#2574,#2575,#2576,#2577,#2578,#2579));
#6689=EDGE_LOOP('',(#2580,#2581,#2582,#2583,#2584,#2585,#2586,#2587));
#6690=EDGE_LOOP('',(#2588,#2589,#2590,#2591,#2592,#2593,#2594,#2595));
#6691=EDGE_LOOP('',(#2596,#2597,#2598,#2599,#2600,#2601,#2602,#2603));
#6692=EDGE_LOOP('',(#2604,#2605,#2606,#2607,#2608,#2609,#2610,#2611));
#6693=EDGE_LOOP('',(#2612,#2613,#2614,#2615,#2616,#2617,#2618,#2619));
#6694=EDGE_LOOP('',(#2620,#2621,#2622,#2623,#2624,#2625,#2626,#2627));
#6695=EDGE_LOOP('',(#2628,#2629,#2630,#2631,#2632,#2633,#2634,#2635));
#6696=EDGE_LOOP('',(#2636,#2637,#2638,#2639,#2640,#2641,#2642,#2643));
#6697=EDGE_LOOP('',(#2644));
#6698=EDGE_LOOP('',(#2645));
#6699=EDGE_LOOP('',(#2646));
#6700=EDGE_LOOP('',(#2647));
#6701=EDGE_LOOP('',(#2648,#2649,#2650,#2651));
#6702=EDGE_LOOP('',(#2652,#2653,#2654,#2655));
#6703=EDGE_LOOP('',(#2656,#2657,#2658,#2659));
#6704=EDGE_LOOP('',(#2660,#2661,#2662,#2663,#2664,#2665,#2666,#2667));
#6705=EDGE_LOOP('',(#2668,#2669,#2670,#2671,#2672,#2673,#2674,#2675));
#6706=EDGE_LOOP('',(#2676,#2677,#2678,#2679,#2680,#2681,#2682,#2683));
#6707=EDGE_LOOP('',(#2684,#2685,#2686,#2687,#2688,#2689,#2690,#2691));
#6708=EDGE_LOOP('',(#2692,#2693,#2694,#2695,#2696,#2697,#2698,#2699));
#6709=EDGE_LOOP('',(#2700,#2701,#2702,#2703,#2704,#2705,#2706,#2707));
#6710=EDGE_LOOP('',(#2708,#2709,#2710,#2711,#2712,#2713,#2714,#2715));
#6711=EDGE_LOOP('',(#2716,#2717,#2718,#2719,#2720,#2721,#2722,#2723));
#6712=EDGE_LOOP('',(#2724,#2725,#2726,#2727,#2728,#2729,#2730,#2731));
#6713=EDGE_LOOP('',(#2732,#2733,#2734,#2735,#2736,#2737,#2738,#2739));
#6714=EDGE_LOOP('',(#2740,#2741,#2742,#2743,#2744,#2745,#2746,#2747));
#6715=EDGE_LOOP('',(#2748,#2749,#2750,#2751,#2752,#2753,#2754,#2755));
#6716=EDGE_LOOP('',(#2756,#2757,#2758,#2759,#2760,#2761,#2762,#2763));
#6717=EDGE_LOOP('',(#2764,#2765,#2766,#2767,#2768,#2769,#2770,#2771));
#6718=EDGE_LOOP('',(#2772,#2773,#2774,#2775,#2776,#2777,#2778,#2779));
#6719=EDGE_LOOP('',(#2780,#2781,#2782,#2783,#2784,#2785,#2786,#2787));
#6720=FACE_BOUND('',#5853,.T.);
#6721=FACE_BOUND('',#5854,.T.);
#6722=FACE_BOUND('',#5855,.T.);
#6723=FACE_BOUND('',#5856,.T.);
#6724=FACE_BOUND('',#5857,.T.);
#6725=FACE_BOUND('',#5858,.T.);
#6726=FACE_BOUND('',#5859,.T.);
#6727=FACE_BOUND('',#5860,.T.);
#6728=FACE_BOUND('',#5861,.T.);
#6729=FACE_BOUND('',#5862,.T.);
#6730=FACE_BOUND('',#5863,.T.);
#6731=FACE_BOUND('',#5864,.T.);
#6732=FACE_BOUND('',#5865,.T.);
#6733=FACE_BOUND('',#5866,.T.);
#6734=FACE_BOUND('',#5867,.T.);
#6735=FACE_BOUND('',#5868,.T.);
#6736=FACE_BOUND('',#5869,.T.);
#6737=FACE_BOUND('',#5870,.T.);
#6738=FACE_BOUND('',#5871,.T.);
#6739=FACE_BOUND('',#5872,.T.);
#6740=FACE_BOUND('',#5873,.T.);
#6741=FACE_BOUND('',#5874,.T.);
#6742=FACE_BOUND('',#5875,.T.);
#6743=FACE_BOUND('',#5876,.T.);
#6744=FACE_BOUND('',#5877,.T.);
#6745=FACE_BOUND('',#5878,.T.);
#6746=FACE_BOUND('',#5879,.T.);
#6747=FACE_BOUND('',#5880,.T.);
#6748=FACE_BOUND('',#5881,.T.);
#6749=FACE_BOUND('',#5882,.T.);
#6750=FACE_BOUND('',#5883,.T.);
#6751=FACE_BOUND('',#5884,.T.);
#6752=FACE_BOUND('',#5885,.T.);
#6753=FACE_BOUND('',#5886,.T.);
#6754=FACE_BOUND('',#5887,.T.);
#6755=FACE_BOUND('',#5888,.T.);
#6756=FACE_BOUND('',#5889,.T.);
#6757=FACE_BOUND('',#5890,.T.);
#6758=FACE_BOUND('',#5891,.T.);
#6759=FACE_BOUND('',#5892,.T.);
#6760=FACE_BOUND('',#5893,.T.);
#6761=FACE_BOUND('',#5894,.T.);
#6762=FACE_BOUND('',#5895,.T.);
#6763=FACE_BOUND('',#5896,.T.);
#6764=FACE_BOUND('',#5897,.T.);
#6765=FACE_BOUND('',#5898,.T.);
#6766=FACE_BOUND('',#5899,.T.);
#6767=FACE_BOUND('',#5900,.T.);
#6768=FACE_BOUND('',#5901,.T.);
#6769=FACE_BOUND('',#5902,.T.);
#6770=FACE_BOUND('',#5903,.T.);
#6771=FACE_BOUND('',#5904,.T.);
#6772=FACE_BOUND('',#5905,.T.);
#6773=FACE_BOUND('',#5906,.T.);
#6774=FACE_BOUND('',#5907,.T.);
#6775=FACE_BOUND('',#5908,.T.);
#6776=FACE_BOUND('',#5909,.T.);
#6777=FACE_BOUND('',#5910,.T.);
#6778=FACE_BOUND('',#5911,.T.);
#6779=FACE_BOUND('',#5912,.T.);
#6780=FACE_BOUND('',#5913,.T.);
#6781=FACE_BOUND('',#5914,.T.);
#6782=FACE_BOUND('',#5915,.T.);
#6783=FACE_BOUND('',#5916,.T.);
#6784=FACE_BOUND('',#5917,.T.);
#6785=FACE_BOUND('',#5918,.T.);
#6786=FACE_BOUND('',#5919,.T.);
#6787=FACE_BOUND('',#5920,.T.);
#6788=FACE_BOUND('',#5921,.T.);
#6789=FACE_BOUND('',#5922,.T.);
#6790=FACE_BOUND('',#5923,.T.);
#6791=FACE_BOUND('',#5924,.T.);
#6792=FACE_BOUND('',#5925,.T.);
#6793=FACE_BOUND('',#5926,.T.);
#6794=FACE_BOUND('',#5927,.T.);
#6795=FACE_BOUND('',#5928,.T.);
#6796=FACE_BOUND('',#5929,.T.);
#6797=FACE_BOUND('',#5930,.T.);
#6798=FACE_BOUND('',#5931,.T.);
#6799=FACE_BOUND('',#5932,.T.);
#6800=FACE_BOUND('',#5933,.T.);
#6801=FACE_BOUND('',#5934,.T.);
#6802=FACE_BOUND('',#5935,.T.);
#6803=FACE_BOUND('',#5936,.T.);
#6804=FACE_BOUND('',#5937,.T.);
#6805=FACE_BOUND('',#5938,.T.);
#6806=FACE_BOUND('',#5939,.T.);
#6807=FACE_BOUND('',#5940,.T.);
#6808=FACE_BOUND('',#5941,.T.);
#6809=FACE_BOUND('',#5942,.T.);
#6810=FACE_BOUND('',#5943,.T.);
#6811=FACE_BOUND('',#5944,.T.);
#6812=FACE_BOUND('',#5945,.T.);
#6813=FACE_BOUND('',#5946,.T.);
#6814=FACE_BOUND('',#5947,.T.);
#6815=FACE_BOUND('',#5948,.T.);
#6816=FACE_BOUND('',#5949,.T.);
#6817=FACE_BOUND('',#5950,.T.);
#6818=FACE_BOUND('',#5951,.T.);
#6819=FACE_BOUND('',#5952,.T.);
#6820=FACE_BOUND('',#5953,.T.);
#6821=FACE_BOUND('',#5954,.T.);
#6822=FACE_BOUND('',#5955,.T.);
#6823=FACE_BOUND('',#5956,.T.);
#6824=FACE_BOUND('',#5957,.T.);
#6825=FACE_BOUND('',#5958,.T.);
#6826=FACE_BOUND('',#5959,.T.);
#6827=FACE_BOUND('',#5960,.T.);
#6828=FACE_BOUND('',#5961,.T.);
#6829=FACE_BOUND('',#5962,.T.);
#6830=FACE_BOUND('',#5963,.T.);
#6831=FACE_BOUND('',#5964,.T.);
#6832=FACE_BOUND('',#5965,.T.);
#6833=FACE_BOUND('',#5966,.T.);
#6834=FACE_BOUND('',#5967,.T.);
#6835=FACE_BOUND('',#5968,.T.);
#6836=FACE_BOUND('',#5969,.T.);
#6837=FACE_BOUND('',#5970,.T.);
#6838=FACE_BOUND('',#5971,.T.);
#6839=FACE_BOUND('',#5972,.T.);
#6840=FACE_BOUND('',#5973,.T.);
#6841=FACE_BOUND('',#5974,.T.);
#6842=FACE_BOUND('',#5975,.T.);
#6843=FACE_BOUND('',#5976,.T.);
#6844=FACE_BOUND('',#5977,.T.);
#6845=FACE_BOUND('',#5978,.T.);
#6846=FACE_BOUND('',#5979,.T.);
#6847=FACE_BOUND('',#5980,.T.);
#6848=FACE_BOUND('',#5981,.T.);
#6849=FACE_BOUND('',#5982,.T.);
#6850=FACE_BOUND('',#5983,.T.);
#6851=FACE_BOUND('',#5984,.T.);
#6852=FACE_BOUND('',#5985,.T.);
#6853=FACE_BOUND('',#5986,.T.);
#6854=FACE_BOUND('',#5987,.T.);
#6855=FACE_BOUND('',#5988,.T.);
#6856=FACE_BOUND('',#5989,.T.);
#6857=FACE_BOUND('',#5990,.T.);
#6858=FACE_BOUND('',#5991,.T.);
#6859=FACE_BOUND('',#5992,.T.);
#6860=FACE_BOUND('',#5993,.T.);
#6861=FACE_BOUND('',#5994,.T.);
#6862=FACE_BOUND('',#5995,.T.);
#6863=FACE_BOUND('',#5996,.T.);
#6864=FACE_BOUND('',#5997,.T.);
#6865=FACE_BOUND('',#5998,.T.);
#6866=FACE_BOUND('',#5999,.T.);
#6867=FACE_BOUND('',#6000,.T.);
#6868=FACE_BOUND('',#6001,.T.);
#6869=FACE_BOUND('',#6002,.T.);
#6870=FACE_BOUND('',#6003,.T.);
#6871=FACE_BOUND('',#6004,.T.);
#6872=FACE_BOUND('',#6005,.T.);
#6873=FACE_BOUND('',#6006,.T.);
#6874=FACE_BOUND('',#6007,.T.);
#6875=FACE_BOUND('',#6008,.T.);
#6876=FACE_BOUND('',#6009,.T.);
#6877=FACE_BOUND('',#6010,.T.);
#6878=FACE_BOUND('',#6011,.T.);
#6879=FACE_BOUND('',#6012,.T.);
#6880=FACE_BOUND('',#6013,.T.);
#6881=FACE_BOUND('',#6014,.T.);
#6882=FACE_BOUND('',#6015,.T.);
#6883=FACE_BOUND('',#6016,.T.);
#6884=FACE_BOUND('',#6017,.T.);
#6885=FACE_BOUND('',#6018,.T.);
#6886=FACE_BOUND('',#6019,.T.);
#6887=FACE_BOUND('',#6020,.T.);
#6888=FACE_BOUND('',#6021,.T.);
#6889=FACE_BOUND('',#6022,.T.);
#6890=FACE_BOUND('',#6023,.T.);
#6891=FACE_BOUND('',#6024,.T.);
#6892=FACE_BOUND('',#6025,.T.);
#6893=FACE_BOUND('',#6026,.T.);
#6894=FACE_BOUND('',#6027,.T.);
#6895=FACE_BOUND('',#6028,.T.);
#6896=FACE_BOUND('',#6029,.T.);
#6897=FACE_BOUND('',#6030,.T.);
#6898=FACE_BOUND('',#6031,.T.);
#6899=FACE_BOUND('',#6032,.T.);
#6900=FACE_BOUND('',#6033,.T.);
#6901=FACE_BOUND('',#6034,.T.);
#6902=FACE_BOUND('',#6035,.T.);
#6903=FACE_BOUND('',#6036,.T.);
#6904=FACE_BOUND('',#6037,.T.);
#6905=FACE_BOUND('',#6038,.T.);
#6906=FACE_BOUND('',#6039,.T.);
#6907=FACE_BOUND('',#6040,.T.);
#6908=FACE_BOUND('',#6041,.T.);
#6909=FACE_BOUND('',#6042,.T.);
#6910=FACE_BOUND('',#6043,.T.);
#6911=FACE_BOUND('',#6044,.T.);
#6912=FACE_BOUND('',#6045,.T.);
#6913=FACE_BOUND('',#6046,.T.);
#6914=FACE_BOUND('',#6047,.T.);
#6915=FACE_BOUND('',#6048,.T.);
#6916=FACE_BOUND('',#6049,.T.);
#6917=FACE_BOUND('',#6050,.T.);
#6918=FACE_BOUND('',#6051,.T.);
#6919=FACE_BOUND('',#6052,.T.);
#6920=FACE_BOUND('',#6053,.T.);
#6921=FACE_BOUND('',#6054,.T.);
#6922=FACE_BOUND('',#6055,.T.);
#6923=FACE_BOUND('',#6056,.T.);
#6924=FACE_BOUND('',#6057,.T.);
#6925=FACE_BOUND('',#6058,.T.);
#6926=FACE_BOUND('',#6059,.T.);
#6927=FACE_BOUND('',#6060,.T.);
#6928=FACE_BOUND('',#6061,.T.);
#6929=FACE_BOUND('',#6062,.T.);
#6930=FACE_BOUND('',#6063,.T.);
#6931=FACE_BOUND('',#6064,.T.);
#6932=FACE_BOUND('',#6065,.T.);
#6933=FACE_BOUND('',#6066,.T.);
#6934=FACE_BOUND('',#6067,.T.);
#6935=FACE_BOUND('',#6068,.T.);
#6936=FACE_BOUND('',#6069,.T.);
#6937=FACE_BOUND('',#6070,.T.);
#6938=FACE_BOUND('',#6071,.T.);
#6939=FACE_BOUND('',#6072,.T.);
#6940=FACE_BOUND('',#6073,.T.);
#6941=FACE_BOUND('',#6074,.T.);
#6942=FACE_BOUND('',#6075,.T.);
#6943=FACE_BOUND('',#6076,.T.);
#6944=FACE_BOUND('',#6077,.T.);
#6945=FACE_BOUND('',#6078,.T.);
#6946=FACE_BOUND('',#6079,.T.);
#6947=FACE_BOUND('',#6080,.T.);
#6948=FACE_BOUND('',#6081,.T.);
#6949=FACE_BOUND('',#6082,.T.);
#6950=FACE_BOUND('',#6083,.T.);
#6951=FACE_BOUND('',#6084,.T.);
#6952=FACE_BOUND('',#6085,.T.);
#6953=FACE_BOUND('',#6086,.T.);
#6954=FACE_BOUND('',#6087,.T.);
#6955=FACE_BOUND('',#6088,.T.);
#6956=FACE_BOUND('',#6089,.T.);
#6957=FACE_BOUND('',#6090,.T.);
#6958=FACE_BOUND('',#6091,.T.);
#6959=FACE_BOUND('',#6092,.T.);
#6960=FACE_BOUND('',#6093,.T.);
#6961=FACE_BOUND('',#6094,.T.);
#6962=FACE_BOUND('',#6095,.T.);
#6963=FACE_BOUND('',#6096,.T.);
#6964=FACE_BOUND('',#6097,.T.);
#6965=FACE_BOUND('',#6098,.T.);
#6966=FACE_BOUND('',#6099,.T.);
#6967=FACE_BOUND('',#6100,.T.);
#6968=FACE_BOUND('',#6101,.T.);
#6969=FACE_BOUND('',#6102,.T.);
#6970=FACE_BOUND('',#6103,.T.);
#6971=FACE_BOUND('',#6104,.T.);
#6972=FACE_BOUND('',#6105,.T.);
#6973=FACE_BOUND('',#6106,.T.);
#6974=FACE_BOUND('',#6107,.T.);
#6975=FACE_BOUND('',#6108,.T.);
#6976=FACE_BOUND('',#6109,.T.);
#6977=FACE_BOUND('',#6110,.T.);
#6978=FACE_BOUND('',#6111,.T.);
#6979=FACE_BOUND('',#6112,.T.);
#6980=FACE_BOUND('',#6113,.T.);
#6981=FACE_BOUND('',#6114,.T.);
#6982=FACE_BOUND('',#6115,.T.);
#6983=FACE_BOUND('',#6116,.T.);
#6984=FACE_BOUND('',#6117,.T.);
#6985=FACE_BOUND('',#6118,.T.);
#6986=FACE_BOUND('',#6119,.T.);
#6987=FACE_BOUND('',#6120,.T.);
#6988=FACE_BOUND('',#6121,.T.);
#6989=FACE_BOUND('',#6122,.T.);
#6990=FACE_BOUND('',#6123,.T.);
#6991=FACE_BOUND('',#6124,.T.);
#6992=FACE_BOUND('',#6125,.T.);
#6993=FACE_BOUND('',#6126,.T.);
#6994=FACE_BOUND('',#6127,.T.);
#6995=FACE_BOUND('',#6128,.T.);
#6996=FACE_BOUND('',#6129,.T.);
#6997=FACE_BOUND('',#6130,.T.);
#6998=FACE_BOUND('',#6131,.T.);
#6999=FACE_BOUND('',#6132,.T.);
#7000=FACE_BOUND('',#6133,.T.);
#7001=FACE_BOUND('',#6134,.T.);
#7002=FACE_BOUND('',#6135,.T.);
#7003=FACE_BOUND('',#6136,.T.);
#7004=FACE_BOUND('',#6137,.T.);
#7005=FACE_BOUND('',#6138,.T.);
#7006=FACE_BOUND('',#6139,.T.);
#7007=FACE_BOUND('',#6140,.T.);
#7008=FACE_BOUND('',#6141,.T.);
#7009=FACE_BOUND('',#6142,.T.);
#7010=FACE_BOUND('',#6143,.T.);
#7011=FACE_BOUND('',#6144,.T.);
#7012=FACE_BOUND('',#6145,.T.);
#7013=FACE_BOUND('',#6146,.T.);
#7014=FACE_BOUND('',#6147,.T.);
#7015=FACE_BOUND('',#6148,.T.);
#7016=FACE_BOUND('',#6149,.T.);
#7017=FACE_BOUND('',#6150,.T.);
#7018=FACE_BOUND('',#6151,.T.);
#7019=FACE_BOUND('',#6152,.T.);
#7020=FACE_BOUND('',#6153,.T.);
#7021=FACE_BOUND('',#6154,.T.);
#7022=FACE_BOUND('',#6155,.T.);
#7023=FACE_BOUND('',#6156,.T.);
#7024=FACE_BOUND('',#6157,.T.);
#7025=FACE_BOUND('',#6158,.T.);
#7026=FACE_BOUND('',#6159,.T.);
#7027=FACE_BOUND('',#6160,.T.);
#7028=FACE_BOUND('',#6161,.T.);
#7029=FACE_BOUND('',#6162,.T.);
#7030=FACE_BOUND('',#6163,.T.);
#7031=FACE_BOUND('',#6164,.T.);
#7032=FACE_BOUND('',#6165,.T.);
#7033=FACE_BOUND('',#6166,.T.);
#7034=FACE_BOUND('',#6167,.T.);
#7035=FACE_BOUND('',#6168,.T.);
#7036=FACE_BOUND('',#6169,.T.);
#7037=FACE_BOUND('',#6170,.T.);
#7038=FACE_BOUND('',#6171,.T.);
#7039=FACE_BOUND('',#6172,.T.);
#7040=FACE_BOUND('',#6173,.T.);
#7041=FACE_BOUND('',#6174,.T.);
#7042=FACE_BOUND('',#6175,.T.);
#7043=FACE_BOUND('',#6176,.T.);
#7044=FACE_BOUND('',#6177,.T.);
#7045=FACE_BOUND('',#6178,.T.);
#7046=FACE_BOUND('',#6179,.T.);
#7047=FACE_BOUND('',#6180,.T.);
#7048=FACE_BOUND('',#6181,.T.);
#7049=FACE_BOUND('',#6182,.T.);
#7050=FACE_BOUND('',#6183,.T.);
#7051=FACE_BOUND('',#6184,.T.);
#7052=FACE_BOUND('',#6185,.T.);
#7053=FACE_BOUND('',#6186,.T.);
#7054=FACE_BOUND('',#6187,.T.);
#7055=FACE_BOUND('',#6188,.T.);
#7056=FACE_BOUND('',#6189,.T.);
#7057=FACE_BOUND('',#6190,.T.);
#7058=FACE_BOUND('',#6191,.T.);
#7059=FACE_BOUND('',#6192,.T.);
#7060=FACE_BOUND('',#6193,.T.);
#7061=FACE_BOUND('',#6194,.T.);
#7062=FACE_BOUND('',#6195,.T.);
#7063=FACE_BOUND('',#6196,.T.);
#7064=FACE_BOUND('',#6197,.T.);
#7065=FACE_BOUND('',#6198,.T.);
#7066=FACE_BOUND('',#6199,.T.);
#7067=FACE_BOUND('',#6200,.T.);
#7068=FACE_BOUND('',#6201,.T.);
#7069=FACE_BOUND('',#6202,.T.);
#7070=FACE_BOUND('',#6203,.T.);
#7071=FACE_BOUND('',#6204,.T.);
#7072=FACE_BOUND('',#6205,.T.);
#7073=FACE_BOUND('',#6206,.T.);
#7074=FACE_BOUND('',#6207,.T.);
#7075=FACE_BOUND('',#6208,.T.);
#7076=FACE_BOUND('',#6209,.T.);
#7077=FACE_BOUND('',#6210,.T.);
#7078=FACE_BOUND('',#6211,.T.);
#7079=FACE_BOUND('',#6212,.T.);
#7080=FACE_BOUND('',#6213,.T.);
#7081=FACE_BOUND('',#6214,.T.);
#7082=FACE_BOUND('',#6215,.T.);
#7083=FACE_BOUND('',#6216,.T.);
#7084=FACE_BOUND('',#6217,.T.);
#7085=FACE_BOUND('',#6218,.T.);
#7086=FACE_BOUND('',#6219,.T.);
#7087=FACE_BOUND('',#6220,.T.);
#7088=FACE_BOUND('',#6221,.T.);
#7089=FACE_BOUND('',#6222,.T.);
#7090=FACE_BOUND('',#6223,.T.);
#7091=FACE_BOUND('',#6224,.T.);
#7092=FACE_BOUND('',#6225,.T.);
#7093=FACE_BOUND('',#6226,.T.);
#7094=FACE_BOUND('',#6227,.T.);
#7095=FACE_BOUND('',#6228,.T.);
#7096=FACE_BOUND('',#6229,.T.);
#7097=FACE_BOUND('',#6230,.T.);
#7098=FACE_BOUND('',#6231,.T.);
#7099=FACE_BOUND('',#6232,.T.);
#7100=FACE_BOUND('',#6233,.T.);
#7101=FACE_BOUND('',#6234,.T.);
#7102=FACE_BOUND('',#6235,.T.);
#7103=FACE_BOUND('',#6236,.T.);
#7104=FACE_BOUND('',#6237,.T.);
#7105=FACE_BOUND('',#6238,.T.);
#7106=FACE_BOUND('',#6239,.T.);
#7107=FACE_BOUND('',#6240,.T.);
#7108=FACE_BOUND('',#6241,.T.);
#7109=FACE_BOUND('',#6242,.T.);
#7110=FACE_BOUND('',#6243,.T.);
#7111=FACE_BOUND('',#6244,.T.);
#7112=FACE_BOUND('',#6245,.T.);
#7113=FACE_BOUND('',#6246,.T.);
#7114=FACE_BOUND('',#6247,.T.);
#7115=FACE_BOUND('',#6248,.T.);
#7116=FACE_BOUND('',#6249,.T.);
#7117=FACE_BOUND('',#6250,.T.);
#7118=FACE_BOUND('',#6251,.T.);
#7119=FACE_BOUND('',#6252,.T.);
#7120=FACE_BOUND('',#6253,.T.);
#7121=FACE_BOUND('',#6254,.T.);
#7122=FACE_BOUND('',#6255,.T.);
#7123=FACE_BOUND('',#6256,.T.);
#7124=FACE_BOUND('',#6257,.T.);
#7125=FACE_BOUND('',#6258,.T.);
#7126=FACE_BOUND('',#6259,.T.);
#7127=FACE_BOUND('',#6260,.T.);
#7128=FACE_BOUND('',#6261,.T.);
#7129=FACE_BOUND('',#6262,.T.);
#7130=FACE_BOUND('',#6263,.T.);
#7131=FACE_BOUND('',#6264,.T.);
#7132=FACE_BOUND('',#6265,.T.);
#7133=FACE_BOUND('',#6266,.T.);
#7134=FACE_BOUND('',#6267,.T.);
#7135=FACE_BOUND('',#6268,.T.);
#7136=FACE_BOUND('',#6269,.T.);
#7137=FACE_BOUND('',#6270,.T.);
#7138=FACE_BOUND('',#6271,.T.);
#7139=FACE_BOUND('',#6272,.T.);
#7140=FACE_BOUND('',#6273,.T.);
#7141=FACE_BOUND('',#6274,.T.);
#7142=FACE_BOUND('',#6275,.T.);
#7143=FACE_BOUND('',#6276,.T.);
#7144=FACE_BOUND('',#6277,.T.);
#7145=FACE_BOUND('',#6278,.T.);
#7146=FACE_BOUND('',#6279,.T.);
#7147=FACE_BOUND('',#6280,.T.);
#7148=FACE_BOUND('',#6281,.T.);
#7149=FACE_BOUND('',#6282,.T.);
#7150=FACE_BOUND('',#6283,.T.);
#7151=FACE_BOUND('',#6284,.T.);
#7152=FACE_BOUND('',#6285,.T.);
#7153=FACE_BOUND('',#6286,.T.);
#7154=FACE_BOUND('',#6287,.T.);
#7155=FACE_BOUND('',#6288,.T.);
#7156=FACE_BOUND('',#6289,.T.);
#7157=FACE_BOUND('',#6290,.T.);
#7158=FACE_BOUND('',#6291,.T.);
#7159=FACE_BOUND('',#6292,.T.);
#7160=FACE_BOUND('',#6293,.T.);
#7161=FACE_BOUND('',#6294,.T.);
#7162=FACE_BOUND('',#6295,.T.);
#7163=FACE_BOUND('',#6296,.T.);
#7164=FACE_BOUND('',#6297,.T.);
#7165=FACE_BOUND('',#6298,.T.);
#7166=FACE_BOUND('',#6299,.T.);
#7167=FACE_BOUND('',#6300,.T.);
#7168=FACE_BOUND('',#6301,.T.);
#7169=FACE_BOUND('',#6302,.T.);
#7170=FACE_BOUND('',#6303,.T.);
#7171=FACE_BOUND('',#6304,.T.);
#7172=FACE_BOUND('',#6305,.T.);
#7173=FACE_BOUND('',#6306,.T.);
#7174=FACE_BOUND('',#6307,.T.);
#7175=FACE_BOUND('',#6308,.T.);
#7176=FACE_BOUND('',#6309,.T.);
#7177=FACE_BOUND('',#6310,.T.);
#7178=FACE_BOUND('',#6311,.T.);
#7179=FACE_BOUND('',#6312,.T.);
#7180=FACE_BOUND('',#6313,.T.);
#7181=FACE_BOUND('',#6314,.T.);
#7182=FACE_BOUND('',#6315,.T.);
#7183=FACE_BOUND('',#6316,.T.);
#7184=FACE_BOUND('',#6317,.T.);
#7185=FACE_BOUND('',#6318,.T.);
#7186=FACE_BOUND('',#6319,.T.);
#7187=FACE_BOUND('',#6320,.T.);
#7188=FACE_BOUND('',#6321,.T.);
#7189=FACE_BOUND('',#6322,.T.);
#7190=FACE_BOUND('',#6323,.T.);
#7191=FACE_BOUND('',#6324,.T.);
#7192=FACE_BOUND('',#6325,.T.);
#7193=FACE_BOUND('',#6326,.T.);
#7194=FACE_BOUND('',#6327,.T.);
#7195=FACE_BOUND('',#6328,.T.);
#7196=FACE_BOUND('',#6329,.T.);
#7197=FACE_BOUND('',#6330,.T.);
#7198=FACE_BOUND('',#6331,.T.);
#7199=FACE_BOUND('',#6332,.T.);
#7200=FACE_BOUND('',#6333,.T.);
#7201=FACE_BOUND('',#6334,.T.);
#7202=FACE_BOUND('',#6335,.T.);
#7203=FACE_BOUND('',#6336,.T.);
#7204=FACE_BOUND('',#6337,.T.);
#7205=FACE_BOUND('',#6338,.T.);
#7206=FACE_BOUND('',#6339,.T.);
#7207=FACE_BOUND('',#6340,.T.);
#7208=FACE_BOUND('',#6341,.T.);
#7209=FACE_BOUND('',#6342,.T.);
#7210=FACE_BOUND('',#6343,.T.);
#7211=FACE_BOUND('',#6344,.T.);
#7212=FACE_BOUND('',#6345,.T.);
#7213=FACE_BOUND('',#6346,.T.);
#7214=FACE_BOUND('',#6347,.T.);
#7215=FACE_BOUND('',#6348,.T.);
#7216=FACE_BOUND('',#6349,.T.);
#7217=FACE_BOUND('',#6350,.T.);
#7218=FACE_BOUND('',#6351,.T.);
#7219=FACE_BOUND('',#6352,.T.);
#7220=FACE_BOUND('',#6353,.T.);
#7221=FACE_BOUND('',#6354,.T.);
#7222=FACE_BOUND('',#6355,.T.);
#7223=FACE_BOUND('',#6356,.T.);
#7224=FACE_BOUND('',#6357,.T.);
#7225=FACE_BOUND('',#6358,.T.);
#7226=FACE_BOUND('',#6359,.T.);
#7227=FACE_BOUND('',#6360,.T.);
#7228=FACE_BOUND('',#6361,.T.);
#7229=FACE_BOUND('',#6362,.T.);
#7230=FACE_BOUND('',#6363,.T.);
#7231=FACE_BOUND('',#6364,.T.);
#7232=FACE_BOUND('',#6365,.T.);
#7233=FACE_BOUND('',#6366,.T.);
#7234=FACE_BOUND('',#6367,.T.);
#7235=FACE_BOUND('',#6368,.T.);
#7236=FACE_BOUND('',#6369,.T.);
#7237=FACE_BOUND('',#6370,.T.);
#7238=FACE_BOUND('',#6371,.T.);
#7239=FACE_BOUND('',#6372,.T.);
#7240=FACE_BOUND('',#6373,.T.);
#7241=FACE_BOUND('',#6374,.T.);
#7242=FACE_BOUND('',#6375,.T.);
#7243=FACE_BOUND('',#6376,.T.);
#7244=FACE_BOUND('',#6377,.T.);
#7245=FACE_BOUND('',#6378,.T.);
#7246=FACE_BOUND('',#6379,.T.);
#7247=FACE_BOUND('',#6380,.T.);
#7248=FACE_BOUND('',#6381,.T.);
#7249=FACE_BOUND('',#6382,.T.);
#7250=FACE_BOUND('',#6383,.T.);
#7251=FACE_BOUND('',#6384,.T.);
#7252=FACE_BOUND('',#6385,.T.);
#7253=FACE_BOUND('',#6386,.T.);
#7254=FACE_BOUND('',#6387,.T.);
#7255=FACE_BOUND('',#6388,.T.);
#7256=FACE_BOUND('',#6389,.T.);
#7257=FACE_BOUND('',#6390,.T.);
#7258=FACE_BOUND('',#6391,.T.);
#7259=FACE_BOUND('',#6392,.T.);
#7260=FACE_BOUND('',#6393,.T.);
#7261=FACE_BOUND('',#6394,.T.);
#7262=FACE_BOUND('',#6395,.T.);
#7263=FACE_BOUND('',#6396,.T.);
#7264=FACE_BOUND('',#6397,.T.);
#7265=FACE_BOUND('',#6398,.T.);
#7266=FACE_BOUND('',#6399,.T.);
#7267=FACE_BOUND('',#6400,.T.);
#7268=FACE_BOUND('',#6401,.T.);
#7269=FACE_BOUND('',#6402,.T.);
#7270=FACE_BOUND('',#6403,.T.);
#7271=FACE_BOUND('',#6404,.T.);
#7272=FACE_BOUND('',#6405,.T.);
#7273=FACE_BOUND('',#6406,.T.);
#7274=FACE_BOUND('',#6407,.T.);
#7275=FACE_BOUND('',#6408,.T.);
#7276=FACE_BOUND('',#6409,.T.);
#7277=FACE_BOUND('',#6410,.T.);
#7278=FACE_BOUND('',#6411,.T.);
#7279=FACE_BOUND('',#6412,.T.);
#7280=FACE_BOUND('',#6413,.T.);
#7281=FACE_BOUND('',#6414,.T.);
#7282=FACE_BOUND('',#6415,.T.);
#7283=FACE_BOUND('',#6416,.T.);
#7284=FACE_BOUND('',#6417,.T.);
#7285=FACE_BOUND('',#6418,.T.);
#7286=FACE_BOUND('',#6419,.T.);
#7287=FACE_BOUND('',#6420,.T.);
#7288=FACE_BOUND('',#6421,.T.);
#7289=FACE_BOUND('',#6422,.T.);
#7290=FACE_BOUND('',#6423,.T.);
#7291=FACE_BOUND('',#6424,.T.);
#7292=FACE_BOUND('',#6425,.T.);
#7293=FACE_BOUND('',#6426,.T.);
#7294=FACE_BOUND('',#6427,.T.);
#7295=FACE_BOUND('',#6428,.T.);
#7296=FACE_BOUND('',#6429,.T.);
#7297=FACE_BOUND('',#6430,.T.);
#7298=FACE_BOUND('',#6431,.T.);
#7299=FACE_BOUND('',#6432,.T.);
#7300=FACE_BOUND('',#6433,.T.);
#7301=FACE_BOUND('',#6434,.T.);
#7302=FACE_BOUND('',#6435,.T.);
#7303=FACE_BOUND('',#6436,.T.);
#7304=FACE_BOUND('',#6437,.T.);
#7305=FACE_BOUND('',#6438,.T.);
#7306=FACE_BOUND('',#6439,.T.);
#7307=FACE_BOUND('',#6440,.T.);
#7308=FACE_BOUND('',#6441,.T.);
#7309=FACE_BOUND('',#6442,.T.);
#7310=FACE_BOUND('',#6443,.T.);
#7311=FACE_BOUND('',#6444,.T.);
#7312=FACE_BOUND('',#6445,.T.);
#7313=FACE_BOUND('',#6446,.T.);
#7314=FACE_BOUND('',#6447,.T.);
#7315=FACE_BOUND('',#6448,.T.);
#7316=FACE_BOUND('',#6449,.T.);
#7317=FACE_BOUND('',#6450,.T.);
#7318=FACE_BOUND('',#6451,.T.);
#7319=FACE_BOUND('',#6452,.T.);
#7320=FACE_BOUND('',#6453,.T.);
#7321=FACE_BOUND('',#6454,.T.);
#7322=FACE_BOUND('',#6455,.T.);
#7323=FACE_BOUND('',#6456,.T.);
#7324=FACE_BOUND('',#6457,.T.);
#7325=FACE_BOUND('',#6458,.T.);
#7326=FACE_BOUND('',#6459,.T.);
#7327=FACE_BOUND('',#6460,.T.);
#7328=FACE_BOUND('',#6461,.T.);
#7329=FACE_BOUND('',#6462,.T.);
#7330=FACE_BOUND('',#6463,.T.);
#7331=FACE_BOUND('',#6464,.T.);
#7332=FACE_BOUND('',#6465,.T.);
#7333=FACE_BOUND('',#6466,.T.);
#7334=FACE_BOUND('',#6467,.T.);
#7335=FACE_BOUND('',#6468,.T.);
#7336=FACE_BOUND('',#6469,.T.);
#7337=FACE_BOUND('',#6470,.T.);
#7338=FACE_BOUND('',#6471,.T.);
#7339=FACE_BOUND('',#6472,.T.);
#7340=FACE_BOUND('',#6473,.T.);
#7341=FACE_BOUND('',#6474,.T.);
#7342=FACE_BOUND('',#6475,.T.);
#7343=FACE_BOUND('',#6476,.T.);
#7344=FACE_BOUND('',#6477,.T.);
#7345=FACE_BOUND('',#6478,.T.);
#7346=FACE_BOUND('',#6479,.T.);
#7347=FACE_BOUND('',#6480,.T.);
#7348=FACE_BOUND('',#6481,.T.);
#7349=FACE_BOUND('',#6482,.T.);
#7350=FACE_BOUND('',#6483,.T.);
#7351=FACE_BOUND('',#6484,.T.);
#7352=FACE_BOUND('',#6485,.T.);
#7353=FACE_BOUND('',#6486,.T.);
#7354=FACE_BOUND('',#6487,.T.);
#7355=FACE_BOUND('',#6488,.T.);
#7356=FACE_BOUND('',#6489,.T.);
#7357=FACE_BOUND('',#6490,.T.);
#7358=FACE_BOUND('',#6491,.T.);
#7359=FACE_BOUND('',#6492,.T.);
#7360=FACE_BOUND('',#6493,.T.);
#7361=FACE_BOUND('',#6494,.T.);
#7362=FACE_BOUND('',#6495,.T.);
#7363=FACE_BOUND('',#6496,.T.);
#7364=FACE_BOUND('',#6497,.T.);
#7365=FACE_BOUND('',#6498,.T.);
#7366=FACE_BOUND('',#6499,.T.);
#7367=FACE_BOUND('',#6500,.T.);
#7368=FACE_BOUND('',#6501,.T.);
#7369=FACE_BOUND('',#6502,.T.);
#7370=FACE_BOUND('',#6503,.T.);
#7371=FACE_BOUND('',#6504,.T.);
#7372=FACE_BOUND('',#6505,.T.);
#7373=FACE_BOUND('',#6506,.T.);
#7374=FACE_BOUND('',#6507,.T.);
#7375=FACE_BOUND('',#6508,.T.);
#7376=FACE_BOUND('',#6509,.T.);
#7377=FACE_BOUND('',#6510,.T.);
#7378=FACE_BOUND('',#6511,.T.);
#7379=FACE_BOUND('',#6512,.T.);
#7380=FACE_BOUND('',#6513,.T.);
#7381=FACE_BOUND('',#6514,.T.);
#7382=FACE_BOUND('',#6515,.T.);
#7383=FACE_BOUND('',#6516,.T.);
#7384=FACE_BOUND('',#6517,.T.);
#7385=FACE_BOUND('',#6518,.T.);
#7386=FACE_BOUND('',#6519,.T.);
#7387=FACE_BOUND('',#6520,.T.);
#7388=FACE_BOUND('',#6521,.T.);
#7389=FACE_BOUND('',#6522,.T.);
#7390=FACE_BOUND('',#6523,.T.);
#7391=FACE_BOUND('',#6524,.T.);
#7392=FACE_BOUND('',#6525,.T.);
#7393=FACE_BOUND('',#6526,.T.);
#7394=FACE_BOUND('',#6527,.T.);
#7395=FACE_BOUND('',#6528,.T.);
#7396=FACE_BOUND('',#6529,.T.);
#7397=FACE_BOUND('',#6530,.T.);
#7398=FACE_BOUND('',#6531,.T.);
#7399=FACE_BOUND('',#6532,.T.);
#7400=FACE_BOUND('',#6533,.T.);
#7401=FACE_BOUND('',#6534,.T.);
#7402=FACE_BOUND('',#6535,.T.);
#7403=FACE_BOUND('',#6536,.T.);
#7404=FACE_BOUND('',#6537,.T.);
#7405=FACE_BOUND('',#6538,.T.);
#7406=FACE_BOUND('',#6539,.T.);
#7407=FACE_BOUND('',#6540,.T.);
#7408=FACE_BOUND('',#6541,.T.);
#7409=FACE_BOUND('',#6542,.T.);
#7410=FACE_BOUND('',#6543,.T.);
#7411=FACE_BOUND('',#6544,.T.);
#7412=FACE_BOUND('',#6545,.T.);
#7413=FACE_BOUND('',#6546,.T.);
#7414=FACE_BOUND('',#6547,.T.);
#7415=FACE_BOUND('',#6548,.T.);
#7416=FACE_BOUND('',#6549,.T.);
#7417=FACE_BOUND('',#6550,.T.);
#7418=FACE_BOUND('',#6551,.T.);
#7419=FACE_BOUND('',#6552,.T.);
#7420=FACE_BOUND('',#6553,.T.);
#7421=FACE_BOUND('',#6554,.T.);
#7422=FACE_BOUND('',#6555,.T.);
#7423=FACE_BOUND('',#6556,.T.);
#7424=FACE_BOUND('',#6557,.T.);
#7425=FACE_BOUND('',#6558,.T.);
#7426=FACE_BOUND('',#6559,.T.);
#7427=FACE_BOUND('',#6560,.T.);
#7428=FACE_BOUND('',#6561,.T.);
#7429=FACE_BOUND('',#6562,.T.);
#7430=FACE_BOUND('',#6563,.T.);
#7431=FACE_BOUND('',#6564,.T.);
#7432=FACE_BOUND('',#6565,.T.);
#7433=FACE_BOUND('',#6566,.T.);
#7434=FACE_BOUND('',#6567,.T.);
#7435=FACE_BOUND('',#6568,.T.);
#7436=FACE_BOUND('',#6569,.T.);
#7437=FACE_BOUND('',#6570,.T.);
#7438=FACE_BOUND('',#6571,.T.);
#7439=FACE_BOUND('',#6572,.T.);
#7440=FACE_BOUND('',#6573,.T.);
#7441=FACE_BOUND('',#6574,.T.);
#7442=FACE_BOUND('',#6575,.T.);
#7443=FACE_BOUND('',#6576,.T.);
#7444=FACE_BOUND('',#6577,.T.);
#7445=FACE_BOUND('',#6578,.T.);
#7446=FACE_BOUND('',#6579,.T.);
#7447=FACE_BOUND('',#6580,.T.);
#7448=FACE_BOUND('',#6581,.T.);
#7449=FACE_BOUND('',#6582,.T.);
#7450=FACE_BOUND('',#6583,.T.);
#7451=FACE_BOUND('',#6584,.T.);
#7452=FACE_BOUND('',#6585,.T.);
#7453=FACE_BOUND('',#6586,.T.);
#7454=FACE_BOUND('',#6587,.T.);
#7455=FACE_BOUND('',#6588,.T.);
#7456=FACE_BOUND('',#6589,.T.);
#7457=FACE_BOUND('',#6590,.T.);
#7458=FACE_BOUND('',#6591,.T.);
#7459=FACE_BOUND('',#6592,.T.);
#7460=FACE_BOUND('',#6593,.T.);
#7461=FACE_BOUND('',#6594,.T.);
#7462=FACE_BOUND('',#6595,.T.);
#7463=FACE_BOUND('',#6596,.T.);
#7464=FACE_BOUND('',#6597,.T.);
#7465=FACE_BOUND('',#6598,.T.);
#7466=FACE_BOUND('',#6599,.T.);
#7467=FACE_BOUND('',#6600,.T.);
#7468=FACE_BOUND('',#6601,.T.);
#7469=FACE_BOUND('',#6602,.T.);
#7470=FACE_BOUND('',#6603,.T.);
#7471=FACE_BOUND('',#6604,.T.);
#7472=FACE_BOUND('',#6605,.T.);
#7473=FACE_BOUND('',#6606,.T.);
#7474=FACE_BOUND('',#6607,.T.);
#7475=FACE_BOUND('',#6608,.T.);
#7476=FACE_BOUND('',#6609,.T.);
#7477=FACE_BOUND('',#6610,.T.);
#7478=FACE_BOUND('',#6611,.T.);
#7479=FACE_BOUND('',#6612,.T.);
#7480=FACE_BOUND('',#6613,.T.);
#7481=FACE_BOUND('',#6614,.T.);
#7482=FACE_BOUND('',#6615,.T.);
#7483=FACE_BOUND('',#6616,.T.);
#7484=FACE_BOUND('',#6617,.T.);
#7485=FACE_BOUND('',#6618,.T.);
#7486=FACE_BOUND('',#6619,.T.);
#7487=FACE_BOUND('',#6620,.T.);
#7488=FACE_BOUND('',#6621,.T.);
#7489=FACE_BOUND('',#6622,.T.);
#7490=FACE_BOUND('',#6623,.T.);
#7491=FACE_BOUND('',#6624,.T.);
#7492=FACE_BOUND('',#6625,.T.);
#7493=FACE_BOUND('',#6626,.T.);
#7494=FACE_BOUND('',#6627,.T.);
#7495=FACE_BOUND('',#6628,.T.);
#7496=FACE_BOUND('',#6629,.T.);
#7497=FACE_BOUND('',#6630,.T.);
#7498=FACE_BOUND('',#6631,.T.);
#7499=FACE_BOUND('',#6632,.T.);
#7500=FACE_BOUND('',#6633,.T.);
#7501=FACE_BOUND('',#6634,.T.);
#7502=FACE_BOUND('',#6635,.T.);
#7503=FACE_BOUND('',#6636,.T.);
#7504=FACE_BOUND('',#6637,.T.);
#7505=FACE_BOUND('',#6638,.T.);
#7506=FACE_BOUND('',#6639,.T.);
#7507=FACE_BOUND('',#6640,.T.);
#7508=FACE_BOUND('',#6641,.T.);
#7509=FACE_BOUND('',#6642,.T.);
#7510=FACE_BOUND('',#6643,.T.);
#7511=FACE_BOUND('',#6644,.T.);
#7512=FACE_BOUND('',#6645,.T.);
#7513=FACE_BOUND('',#6646,.T.);
#7514=FACE_BOUND('',#6647,.T.);
#7515=FACE_BOUND('',#6648,.T.);
#7516=FACE_BOUND('',#6649,.T.);
#7517=FACE_BOUND('',#6650,.T.);
#7518=FACE_BOUND('',#6651,.T.);
#7519=FACE_BOUND('',#6652,.T.);
#7520=FACE_BOUND('',#6653,.T.);
#7521=FACE_BOUND('',#6654,.T.);
#7522=FACE_BOUND('',#6655,.T.);
#7523=FACE_BOUND('',#6656,.T.);
#7524=FACE_BOUND('',#6657,.T.);
#7525=FACE_BOUND('',#6658,.T.);
#7526=FACE_BOUND('',#6659,.T.);
#7527=FACE_BOUND('',#6660,.T.);
#7528=FACE_BOUND('',#6661,.T.);
#7529=FACE_BOUND('',#6662,.T.);
#7530=FACE_BOUND('',#6663,.T.);
#7531=FACE_BOUND('',#6664,.T.);
#7532=FACE_BOUND('',#6665,.T.);
#7533=FACE_BOUND('',#6666,.T.);
#7534=FACE_BOUND('',#6667,.T.);
#7535=FACE_BOUND('',#6668,.T.);
#7536=FACE_BOUND('',#6669,.T.);
#7537=FACE_BOUND('',#6670,.T.);
#7538=FACE_BOUND('',#6671,.T.);
#7539=FACE_BOUND('',#6672,.T.);
#7540=FACE_BOUND('',#6673,.T.);
#7541=FACE_BOUND('',#6674,.T.);
#7542=FACE_BOUND('',#6675,.T.);
#7543=FACE_BOUND('',#6676,.T.);
#7544=FACE_BOUND('',#6677,.T.);
#7545=FACE_BOUND('',#6678,.T.);
#7546=FACE_BOUND('',#6679,.T.);
#7547=FACE_BOUND('',#6680,.T.);
#7548=FACE_BOUND('',#6681,.T.);
#7549=FACE_BOUND('',#6682,.T.);
#7550=FACE_BOUND('',#6683,.T.);
#7551=FACE_BOUND('',#6684,.T.);
#7552=FACE_BOUND('',#6685,.T.);
#7553=FACE_BOUND('',#6686,.T.);
#7554=FACE_BOUND('',#6687,.T.);
#7555=FACE_BOUND('',#6688,.T.);
#7556=FACE_BOUND('',#6689,.T.);
#7557=FACE_BOUND('',#6690,.T.);
#7558=FACE_BOUND('',#6691,.T.);
#7559=FACE_BOUND('',#6692,.T.);
#7560=FACE_BOUND('',#6693,.T.);
#7561=FACE_BOUND('',#6694,.T.);
#7562=FACE_BOUND('',#6695,.T.);
#7563=FACE_BOUND('',#6696,.T.);
#7564=FACE_BOUND('',#6697,.T.);
#7565=FACE_BOUND('',#6698,.T.);
#7566=FACE_BOUND('',#6699,.T.);
#7567=FACE_BOUND('',#6700,.T.);
#7568=FACE_BOUND('',#6701,.T.);
#7569=FACE_BOUND('',#6702,.T.);
#7570=FACE_BOUND('',#6703,.T.);
#7571=FACE_BOUND('',#6704,.T.);
#7572=FACE_BOUND('',#6705,.T.);
#7573=FACE_BOUND('',#6706,.T.);
#7574=FACE_BOUND('',#6707,.T.);
#7575=FACE_BOUND('',#6708,.T.);
#7576=FACE_BOUND('',#6709,.T.);
#7577=FACE_BOUND('',#6710,.T.);
#7578=FACE_BOUND('',#6711,.T.);
#7579=FACE_BOUND('',#6712,.T.);
#7580=FACE_BOUND('',#6713,.T.);
#7581=FACE_BOUND('',#6714,.T.);
#7582=FACE_BOUND('',#6715,.T.);
#7583=FACE_BOUND('',#6716,.T.);
#7584=FACE_BOUND('',#6717,.T.);
#7585=FACE_BOUND('',#6718,.T.);
#7586=FACE_BOUND('',#6719,.T.);
#7587=PLANE('',#8218);
#7588=PLANE('',#8219);
#7589=PLANE('',#8220);
#7590=PLANE('',#8221);
#7591=PLANE('',#8352);
#7592=PLANE('',#8483);
#7593=PLANE('',#8615);
#7594=PLANE('',#8616);
#7595=PLANE('',#8617);
#7596=PLANE('',#8618);
#7597=PLANE('',#8619);
#7598=PLANE('',#8632);
#7599=PLANE('',#8633);
#7600=PLANE('',#8634);
#7601=PLANE('',#8635);
#7602=PLANE('',#8636);
#7603=PLANE('',#8637);
#7604=PLANE('',#8638);
#7605=PLANE('',#8639);
#7606=PLANE('',#8640);
#7607=PLANE('',#8641);
#7608=PLANE('',#8642);
#7609=PLANE('',#8643);
#7610=PLANE('',#8644);
#7611=PLANE('',#8645);
#7612=PLANE('',#8646);
#7613=PLANE('',#8647);
#7614=PLANE('',#8648);
#7615=PLANE('',#8649);
#7616=PLANE('',#8650);
#7617=PLANE('',#8651);
#7618=PLANE('',#8652);
#7619=PLANE('',#8653);
#7620=PLANE('',#8654);
#7621=PLANE('',#8655);
#7622=PLANE('',#8656);
#7623=PLANE('',#8657);
#7624=PLANE('',#8658);
#7625=PLANE('',#8659);
#7626=PLANE('',#8660);
#7627=PLANE('',#8661);
#7628=PLANE('',#8662);
#7629=PLANE('',#8663);
#7630=PLANE('',#8664);
#7631=PLANE('',#8665);
#7632=PLANE('',#8666);
#7633=PLANE('',#8667);
#7634=PLANE('',#8668);
#7635=PLANE('',#8669);
#7636=PLANE('',#8670);
#7637=PLANE('',#8671);
#7638=PLANE('',#8672);
#7639=PLANE('',#8673);
#7640=PLANE('',#8674);
#7641=PLANE('',#8675);
#7642=PLANE('',#8676);
#7643=PLANE('',#8677);
#7644=PLANE('',#8678);
#7645=PLANE('',#8679);
#7646=PLANE('',#8680);
#7647=PLANE('',#8681);
#7648=PLANE('',#8682);
#7649=PLANE('',#8683);
#7650=PLANE('',#8684);
#7651=PLANE('',#8685);
#7652=PLANE('',#8686);
#7653=PLANE('',#8687);
#7654=PLANE('',#8688);
#7655=PLANE('',#8689);
#7656=PLANE('',#8690);
#7657=PLANE('',#8691);
#7658=PLANE('',#8692);
#7659=PLANE('',#8693);
#7660=PLANE('',#8694);
#7661=PLANE('',#8695);
#7662=PLANE('',#8696);
#7663=PLANE('',#8697);
#7664=PLANE('',#8698);
#7665=PLANE('',#8699);
#7666=PLANE('',#8700);
#7667=PLANE('',#8701);
#7668=PLANE('',#8702);
#7669=PLANE('',#8703);
#7670=PLANE('',#8704);
#7671=PLANE('',#8705);
#7672=PLANE('',#8706);
#7673=PLANE('',#8707);
#7674=PLANE('',#8708);
#7675=PLANE('',#8709);
#7676=PLANE('',#8710);
#7677=PLANE('',#8711);
#7678=PLANE('',#8712);
#7679=PLANE('',#8713);
#7680=PLANE('',#8714);
#7681=PLANE('',#8715);
#7682=PLANE('',#8716);
#7683=PLANE('',#8717);
#7684=PLANE('',#8718);
#7685=PLANE('',#8719);
#7686=PLANE('',#8720);
#7687=PLANE('',#8721);
#7688=PLANE('',#8722);
#7689=PLANE('',#8723);
#7690=PLANE('',#8724);
#7691=PLANE('',#8725);
#7692=PLANE('',#8726);
#7693=PLANE('',#8727);
#7694=PLANE('',#8728);
#7695=PLANE('',#8733);
#7696=PLANE('',#8737);
#7697=PLANE('',#8741);
#7698=PLANE('',#8748);
#7699=PLANE('',#8752);
#7700=PLANE('',#8756);
#7701=PLANE('',#8763);
#7702=PLANE('',#8767);
#7703=PLANE('',#8771);
#7704=PLANE('',#8778);
#7705=PLANE('',#8782);
#7706=PLANE('',#8786);
#7707=PLANE('',#8793);
#7708=PLANE('',#8797);
#7709=PLANE('',#8801);
#7710=PLANE('',#8808);
#7711=PLANE('',#8812);
#7712=PLANE('',#8816);
#7713=PLANE('',#8823);
#7714=PLANE('',#8827);
#7715=PLANE('',#8831);
#7716=PLANE('',#8838);
#7717=PLANE('',#8842);
#7718=PLANE('',#8846);
#7719=PLANE('',#8853);
#7720=PLANE('',#8857);
#7721=PLANE('',#8861);
#7722=PLANE('',#8868);
#7723=PLANE('',#8872);
#7724=PLANE('',#8876);
#7725=PLANE('',#8883);
#7726=PLANE('',#8887);
#7727=PLANE('',#8891);
#7728=PLANE('',#8898);
#7729=PLANE('',#8902);
#7730=PLANE('',#8906);
#7731=PLANE('',#8913);
#7732=PLANE('',#8917);
#7733=PLANE('',#8921);
#7734=PLANE('',#8928);
#7735=PLANE('',#8932);
#7736=PLANE('',#8936);
#7737=PLANE('',#8943);
#7738=PLANE('',#8947);
#7739=PLANE('',#8951);
#7740=PLANE('',#8958);
#7741=PLANE('',#8962);
#7742=PLANE('',#8966);
#7743=PLANE('',#8970);
#7744=PLANE('',#8971);
#7745=PLANE('',#8972);
#7746=PLANE('',#8973);
#7747=PLANE('',#8974);
#7748=PLANE('',#8975);
#7749=PLANE('',#8976);
#7750=PLANE('',#8977);
#7751=PLANE('',#8978);
#7752=PLANE('',#8979);
#7753=PLANE('',#8980);
#7754=PLANE('',#8981);
#7755=PLANE('',#8982);
#7756=PLANE('',#8983);
#7757=PLANE('',#8984);
#7758=PLANE('',#8985);
#7759=PLANE('',#8986);
#7760=PLANE('',#8987);
#7761=PLANE('',#8988);
#7762=PLANE('',#8989);
#7763=PLANE('',#8990);
#7764=PLANE('',#8991);
#7765=PLANE('',#8992);
#7766=PLANE('',#8993);
#7767=PLANE('',#8994);
#7768=PLANE('',#8995);
#7769=PLANE('',#8996);
#7770=PLANE('',#9009);
#7771=PLANE('',#9010);
#7772=PLANE('',#9011);
#7773=ADVANCED_FACE('',(#6720),#7587,.T.);
#7774=ADVANCED_FACE('',(#6721),#7588,.T.);
#7775=ADVANCED_FACE('',(#6722),#7589,.T.);
#7776=ADVANCED_FACE('',(#6723,#6724,#6725,#6726,#6727,#6728,#6729,#6730,
#6731,#6732,#6733,#6734,#6735,#6736,#6737,#6738,#6739,#6740,#6741,#6742,
#6743,#6744,#6745,#6746,#6747,#6748,#6749,#6750,#6751,#6752,#6753,#6754,
#6755,#6756,#6757,#6758,#6759,#6760,#6761,#6762,#6763,#6764,#6765,#6766,
#6767,#6768,#6769,#6770,#6771,#6772,#6773,#6774,#6775,#6776,#6777,#6778,
#6779,#6780,#6781,#6782,#6783,#6784,#6785,#6786,#6787,#6788,#6789,#6790,
#6791,#6792,#6793,#6794,#6795,#6796,#6797,#6798,#6799,#6800,#6801,#6802,
#6803,#6804,#6805,#6806,#6807,#6808,#6809,#6810,#6811,#6812,#6813,#6814,
#6815,#6816,#6817,#6818,#6819,#6820,#6821,#6822,#6823,#6824,#6825,#6826,
#6827,#6828,#6829,#6830,#6831,#6832,#6833,#6834,#6835,#6836,#6837,#6838,
#6839,#6840,#6841,#6842,#6843,#6844,#6845,#6846,#6847,#6848,#6849,#6850,
#6851,#6852,#6853),#7590,.F.);
#7777=ADVANCED_FACE('',(#6854,#6855,#6856,#6857,#6858,#6859,#6860,#6861,
#6862,#6863,#6864,#6865,#6866,#6867,#6868,#6869,#6870,#6871,#6872,#6873,
#6874,#6875,#6876,#6877,#6878,#6879,#6880,#6881,#6882,#6883,#6884,#6885,
#6886,#6887,#6888,#6889,#6890,#6891,#6892,#6893,#6894,#6895,#6896,#6897,
#6898,#6899,#6900,#6901,#6902,#6903,#6904,#6905,#6906,#6907,#6908,#6909,
#6910,#6911,#6912,#6913,#6914,#6915,#6916,#6917,#6918,#6919,#6920,#6921,
#6922,#6923,#6924,#6925,#6926,#6927,#6928,#6929,#6930,#6931,#6932,#6933,
#6934,#6935,#6936,#6937,#6938,#6939,#6940,#6941,#6942,#6943,#6944,#6945,
#6946,#6947,#6948,#6949,#6950,#6951,#6952,#6953,#6954,#6955,#6956,#6957,
#6958,#6959,#6960,#6961,#6962,#6963,#6964,#6965,#6966,#6967,#6968,#6969,
#6970,#6971,#6972,#6973,#6974,#6975,#6976,#6977,#6978,#6979,#6980,#6981,
#6982,#6983,#6984),#7591,.T.);
#7778=ADVANCED_FACE('',(#6985),#7592,.T.);
#7779=ADVANCED_FACE('',(#6986,#6987),#76,.F.);
#7780=ADVANCED_FACE('',(#6988,#6989),#77,.F.);
#7781=ADVANCED_FACE('',(#6990,#6991),#78,.F.);
#7782=ADVANCED_FACE('',(#6992,#6993),#79,.F.);
#7783=ADVANCED_FACE('',(#6994,#6995),#80,.F.);
#7784=ADVANCED_FACE('',(#6996,#6997),#81,.F.);
#7785=ADVANCED_FACE('',(#6998,#6999),#82,.F.);
#7786=ADVANCED_FACE('',(#7000,#7001),#83,.F.);
#7787=ADVANCED_FACE('',(#7002,#7003),#84,.F.);
#7788=ADVANCED_FACE('',(#7004,#7005),#85,.F.);
#7789=ADVANCED_FACE('',(#7006,#7007),#86,.F.);
#7790=ADVANCED_FACE('',(#7008,#7009),#87,.F.);
#7791=ADVANCED_FACE('',(#7010,#7011),#88,.F.);
#7792=ADVANCED_FACE('',(#7012,#7013),#89,.F.);
#7793=ADVANCED_FACE('',(#7014,#7015),#90,.F.);
#7794=ADVANCED_FACE('',(#7016,#7017),#91,.F.);
#7795=ADVANCED_FACE('',(#7018,#7019),#92,.F.);
#7796=ADVANCED_FACE('',(#7020,#7021),#93,.F.);
#7797=ADVANCED_FACE('',(#7022,#7023),#94,.F.);
#7798=ADVANCED_FACE('',(#7024,#7025),#95,.F.);
#7799=ADVANCED_FACE('',(#7026,#7027),#96,.F.);
#7800=ADVANCED_FACE('',(#7028,#7029),#97,.F.);
#7801=ADVANCED_FACE('',(#7030,#7031),#98,.F.);
#7802=ADVANCED_FACE('',(#7032,#7033),#99,.F.);
#7803=ADVANCED_FACE('',(#7034,#7035),#100,.F.);
#7804=ADVANCED_FACE('',(#7036,#7037),#101,.F.);
#7805=ADVANCED_FACE('',(#7038,#7039),#102,.F.);
#7806=ADVANCED_FACE('',(#7040,#7041),#103,.F.);
#7807=ADVANCED_FACE('',(#7042,#7043),#104,.F.);
#7808=ADVANCED_FACE('',(#7044,#7045),#105,.F.);
#7809=ADVANCED_FACE('',(#7046,#7047),#106,.F.);
#7810=ADVANCED_FACE('',(#7048,#7049),#107,.F.);
#7811=ADVANCED_FACE('',(#7050,#7051),#108,.F.);
#7812=ADVANCED_FACE('',(#7052,#7053),#109,.F.);
#7813=ADVANCED_FACE('',(#7054,#7055),#110,.F.);
#7814=ADVANCED_FACE('',(#7056,#7057),#111,.F.);
#7815=ADVANCED_FACE('',(#7058,#7059),#112,.F.);
#7816=ADVANCED_FACE('',(#7060,#7061),#113,.F.);
#7817=ADVANCED_FACE('',(#7062,#7063),#114,.F.);
#7818=ADVANCED_FACE('',(#7064,#7065),#115,.F.);
#7819=ADVANCED_FACE('',(#7066,#7067),#116,.F.);
#7820=ADVANCED_FACE('',(#7068,#7069),#117,.F.);
#7821=ADVANCED_FACE('',(#7070,#7071),#118,.F.);
#7822=ADVANCED_FACE('',(#7072,#7073),#119,.F.);
#7823=ADVANCED_FACE('',(#7074,#7075),#120,.F.);
#7824=ADVANCED_FACE('',(#7076,#7077),#121,.F.);
#7825=ADVANCED_FACE('',(#7078,#7079),#122,.F.);
#7826=ADVANCED_FACE('',(#7080,#7081),#123,.F.);
#7827=ADVANCED_FACE('',(#7082,#7083),#124,.F.);
#7828=ADVANCED_FACE('',(#7084,#7085),#125,.F.);
#7829=ADVANCED_FACE('',(#7086,#7087),#126,.F.);
#7830=ADVANCED_FACE('',(#7088,#7089),#127,.F.);
#7831=ADVANCED_FACE('',(#7090,#7091),#128,.F.);
#7832=ADVANCED_FACE('',(#7092,#7093),#129,.F.);
#7833=ADVANCED_FACE('',(#7094,#7095),#130,.F.);
#7834=ADVANCED_FACE('',(#7096,#7097),#131,.F.);
#7835=ADVANCED_FACE('',(#7098,#7099),#132,.F.);
#7836=ADVANCED_FACE('',(#7100,#7101),#133,.F.);
#7837=ADVANCED_FACE('',(#7102,#7103),#134,.F.);
#7838=ADVANCED_FACE('',(#7104,#7105),#135,.F.);
#7839=ADVANCED_FACE('',(#7106,#7107),#136,.F.);
#7840=ADVANCED_FACE('',(#7108,#7109),#137,.F.);
#7841=ADVANCED_FACE('',(#7110,#7111),#138,.F.);
#7842=ADVANCED_FACE('',(#7112,#7113),#139,.F.);
#7843=ADVANCED_FACE('',(#7114,#7115),#140,.F.);
#7844=ADVANCED_FACE('',(#7116,#7117),#141,.F.);
#7845=ADVANCED_FACE('',(#7118,#7119),#142,.F.);
#7846=ADVANCED_FACE('',(#7120,#7121),#143,.F.);
#7847=ADVANCED_FACE('',(#7122,#7123),#144,.F.);
#7848=ADVANCED_FACE('',(#7124,#7125),#145,.F.);
#7849=ADVANCED_FACE('',(#7126,#7127),#146,.F.);
#7850=ADVANCED_FACE('',(#7128,#7129),#147,.F.);
#7851=ADVANCED_FACE('',(#7130,#7131),#148,.F.);
#7852=ADVANCED_FACE('',(#7132,#7133),#149,.F.);
#7853=ADVANCED_FACE('',(#7134,#7135),#150,.F.);
#7854=ADVANCED_FACE('',(#7136,#7137),#151,.F.);
#7855=ADVANCED_FACE('',(#7138,#7139),#152,.F.);
#7856=ADVANCED_FACE('',(#7140,#7141),#153,.F.);
#7857=ADVANCED_FACE('',(#7142,#7143),#154,.F.);
#7858=ADVANCED_FACE('',(#7144,#7145),#155,.F.);
#7859=ADVANCED_FACE('',(#7146,#7147),#156,.F.);
#7860=ADVANCED_FACE('',(#7148,#7149),#157,.F.);
#7861=ADVANCED_FACE('',(#7150,#7151),#158,.F.);
#7862=ADVANCED_FACE('',(#7152,#7153),#159,.F.);
#7863=ADVANCED_FACE('',(#7154,#7155),#160,.F.);
#7864=ADVANCED_FACE('',(#7156,#7157),#161,.F.);
#7865=ADVANCED_FACE('',(#7158,#7159),#162,.F.);
#7866=ADVANCED_FACE('',(#7160,#7161),#163,.F.);
#7867=ADVANCED_FACE('',(#7162,#7163),#164,.F.);
#7868=ADVANCED_FACE('',(#7164,#7165),#165,.F.);
#7869=ADVANCED_FACE('',(#7166,#7167),#166,.F.);
#7870=ADVANCED_FACE('',(#7168,#7169),#167,.F.);
#7871=ADVANCED_FACE('',(#7170,#7171),#168,.F.);
#7872=ADVANCED_FACE('',(#7172,#7173),#169,.F.);
#7873=ADVANCED_FACE('',(#7174,#7175),#170,.F.);
#7874=ADVANCED_FACE('',(#7176,#7177),#171,.F.);
#7875=ADVANCED_FACE('',(#7178,#7179),#172,.F.);
#7876=ADVANCED_FACE('',(#7180,#7181),#173,.F.);
#7877=ADVANCED_FACE('',(#7182,#7183),#174,.F.);
#7878=ADVANCED_FACE('',(#7184,#7185),#175,.F.);
#7879=ADVANCED_FACE('',(#7186,#7187),#176,.F.);
#7880=ADVANCED_FACE('',(#7188,#7189),#177,.F.);
#7881=ADVANCED_FACE('',(#7190,#7191),#178,.F.);
#7882=ADVANCED_FACE('',(#7192,#7193),#179,.F.);
#7883=ADVANCED_FACE('',(#7194,#7195),#180,.F.);
#7884=ADVANCED_FACE('',(#7196,#7197),#181,.F.);
#7885=ADVANCED_FACE('',(#7198,#7199),#182,.F.);
#7886=ADVANCED_FACE('',(#7200,#7201),#183,.F.);
#7887=ADVANCED_FACE('',(#7202,#7203),#184,.F.);
#7888=ADVANCED_FACE('',(#7204,#7205),#185,.F.);
#7889=ADVANCED_FACE('',(#7206,#7207),#186,.F.);
#7890=ADVANCED_FACE('',(#7208,#7209),#187,.F.);
#7891=ADVANCED_FACE('',(#7210,#7211),#188,.F.);
#7892=ADVANCED_FACE('',(#7212,#7213),#189,.F.);
#7893=ADVANCED_FACE('',(#7214,#7215),#190,.F.);
#7894=ADVANCED_FACE('',(#7216,#7217),#191,.F.);
#7895=ADVANCED_FACE('',(#7218,#7219),#192,.F.);
#7896=ADVANCED_FACE('',(#7220,#7221),#193,.F.);
#7897=ADVANCED_FACE('',(#7222,#7223),#194,.F.);
#7898=ADVANCED_FACE('',(#7224,#7225),#195,.F.);
#7899=ADVANCED_FACE('',(#7226,#7227),#196,.F.);
#7900=ADVANCED_FACE('',(#7228,#7229),#197,.F.);
#7901=ADVANCED_FACE('',(#7230,#7231),#198,.F.);
#7902=ADVANCED_FACE('',(#7232,#7233),#199,.F.);
#7903=ADVANCED_FACE('',(#7234,#7235),#200,.F.);
#7904=ADVANCED_FACE('',(#7236,#7237),#201,.F.);
#7905=ADVANCED_FACE('',(#7238,#7239),#202,.F.);
#7906=ADVANCED_FACE('',(#7240,#7241),#203,.F.);
#7907=ADVANCED_FACE('',(#7242,#7243),#204,.F.);
#7908=ADVANCED_FACE('',(#7244,#7245),#205,.F.);
#7909=ADVANCED_FACE('',(#7246,#7247,#7248,#7249,#7250,#7251,#7252,#7253),
#7593,.F.);
#7910=ADVANCED_FACE('',(#7254,#7255),#7594,.T.);
#7911=ADVANCED_FACE('',(#7256),#7595,.T.);
#7912=ADVANCED_FACE('',(#7257),#7596,.T.);
#7913=ADVANCED_FACE('',(#7258),#7597,.F.);
#7914=ADVANCED_FACE('',(#7259,#7260),#206,.F.);
#7915=ADVANCED_FACE('',(#7261,#7262),#207,.F.);
#7916=ADVANCED_FACE('',(#7263,#7264),#208,.F.);
#7917=ADVANCED_FACE('',(#7265,#7266),#209,.F.);
#7918=ADVANCED_FACE('',(#7267,#7268,#7269,#7270,#7271),#7598,.F.);
#7919=ADVANCED_FACE('',(#7272),#7599,.T.);
#7920=ADVANCED_FACE('',(#7273),#7600,.F.);
#7921=ADVANCED_FACE('',(#7274),#7601,.F.);
#7922=ADVANCED_FACE('',(#7275),#7602,.T.);
#7923=ADVANCED_FACE('',(#7276,#7277,#7278,#7279,#7280,#7281),#7603,.T.);
#7924=ADVANCED_FACE('',(#7282),#7604,.T.);
#7925=ADVANCED_FACE('',(#7283),#7605,.T.);
#7926=ADVANCED_FACE('',(#7284),#7606,.T.);
#7927=ADVANCED_FACE('',(#7285),#7607,.F.);
#7928=ADVANCED_FACE('',(#7286),#7608,.F.);
#7929=ADVANCED_FACE('',(#7287),#7609,.T.);
#7930=ADVANCED_FACE('',(#7288),#7610,.T.);
#7931=ADVANCED_FACE('',(#7289),#7611,.T.);
#7932=ADVANCED_FACE('',(#7290),#7612,.T.);
#7933=ADVANCED_FACE('',(#7291),#7613,.T.);
#7934=ADVANCED_FACE('',(#7292),#7614,.T.);
#7935=ADVANCED_FACE('',(#7293),#7615,.T.);
#7936=ADVANCED_FACE('',(#7294),#7616,.T.);
#7937=ADVANCED_FACE('',(#7295),#7617,.T.);
#7938=ADVANCED_FACE('',(#7296),#7618,.T.);
#7939=ADVANCED_FACE('',(#7297),#7619,.T.);
#7940=ADVANCED_FACE('',(#7298),#7620,.T.);
#7941=ADVANCED_FACE('',(#7299),#7621,.T.);
#7942=ADVANCED_FACE('',(#7300),#7622,.T.);
#7943=ADVANCED_FACE('',(#7301),#7623,.T.);
#7944=ADVANCED_FACE('',(#7302),#7624,.T.);
#7945=ADVANCED_FACE('',(#7303),#7625,.T.);
#7946=ADVANCED_FACE('',(#7304),#7626,.T.);
#7947=ADVANCED_FACE('',(#7305),#7627,.T.);
#7948=ADVANCED_FACE('',(#7306),#7628,.T.);
#7949=ADVANCED_FACE('',(#7307),#7629,.T.);
#7950=ADVANCED_FACE('',(#7308),#7630,.T.);
#7951=ADVANCED_FACE('',(#7309),#7631,.T.);
#7952=ADVANCED_FACE('',(#7310),#7632,.T.);
#7953=ADVANCED_FACE('',(#7311),#7633,.T.);
#7954=ADVANCED_FACE('',(#7312),#7634,.T.);
#7955=ADVANCED_FACE('',(#7313),#7635,.T.);
#7956=ADVANCED_FACE('',(#7314),#7636,.T.);
#7957=ADVANCED_FACE('',(#7315),#7637,.T.);
#7958=ADVANCED_FACE('',(#7316),#7638,.T.);
#7959=ADVANCED_FACE('',(#7317),#7639,.T.);
#7960=ADVANCED_FACE('',(#7318),#7640,.T.);
#7961=ADVANCED_FACE('',(#7319),#7641,.T.);
#7962=ADVANCED_FACE('',(#7320),#7642,.T.);
#7963=ADVANCED_FACE('',(#7321),#7643,.T.);
#7964=ADVANCED_FACE('',(#7322),#7644,.T.);
#7965=ADVANCED_FACE('',(#7323),#7645,.T.);
#7966=ADVANCED_FACE('',(#7324),#7646,.T.);
#7967=ADVANCED_FACE('',(#7325),#7647,.T.);
#7968=ADVANCED_FACE('',(#7326),#7648,.T.);
#7969=ADVANCED_FACE('',(#7327),#7649,.T.);
#7970=ADVANCED_FACE('',(#7328),#7650,.T.);
#7971=ADVANCED_FACE('',(#7329),#7651,.T.);
#7972=ADVANCED_FACE('',(#7330),#7652,.T.);
#7973=ADVANCED_FACE('',(#7331),#7653,.T.);
#7974=ADVANCED_FACE('',(#7332),#7654,.T.);
#7975=ADVANCED_FACE('',(#7333),#7655,.T.);
#7976=ADVANCED_FACE('',(#7334),#7656,.T.);
#7977=ADVANCED_FACE('',(#7335),#10,.T.);
#7978=ADVANCED_FACE('',(#7336),#7657,.T.);
#7979=ADVANCED_FACE('',(#7337),#7658,.T.);
#7980=ADVANCED_FACE('',(#7338),#7659,.T.);
#7981=ADVANCED_FACE('',(#7339),#7660,.T.);
#7982=ADVANCED_FACE('',(#7340),#7661,.T.);
#7983=ADVANCED_FACE('',(#7341),#7662,.T.);
#7984=ADVANCED_FACE('',(#7342),#7663,.T.);
#7985=ADVANCED_FACE('',(#7343),#11,.T.);
#7986=ADVANCED_FACE('',(#7344),#12,.T.);
#7987=ADVANCED_FACE('',(#7345),#7664,.T.);
#7988=ADVANCED_FACE('',(#7346),#13,.T.);
#7989=ADVANCED_FACE('',(#7347),#7665,.T.);
#7990=ADVANCED_FACE('',(#7348),#14,.T.);
#7991=ADVANCED_FACE('',(#7349),#7666,.T.);
#7992=ADVANCED_FACE('',(#7350),#7667,.T.);
#7993=ADVANCED_FACE('',(#7351),#7668,.T.);
#7994=ADVANCED_FACE('',(#7352),#7669,.T.);
#7995=ADVANCED_FACE('',(#7353),#7670,.T.);
#7996=ADVANCED_FACE('',(#7354),#7671,.T.);
#7997=ADVANCED_FACE('',(#7355),#7672,.T.);
#7998=ADVANCED_FACE('',(#7356),#7673,.T.);
#7999=ADVANCED_FACE('',(#7357),#7674,.T.);
#8000=ADVANCED_FACE('',(#7358),#7675,.T.);
#8001=ADVANCED_FACE('',(#7359),#7676,.T.);
#8002=ADVANCED_FACE('',(#7360),#15,.T.);
#8003=ADVANCED_FACE('',(#7361),#16,.T.);
#8004=ADVANCED_FACE('',(#7362),#17,.T.);
#8005=ADVANCED_FACE('',(#7363),#7677,.T.);
#8006=ADVANCED_FACE('',(#7364),#18,.T.);
#8007=ADVANCED_FACE('',(#7365),#7678,.T.);
#8008=ADVANCED_FACE('',(#7366),#7679,.T.);
#8009=ADVANCED_FACE('',(#7367),#7680,.T.);
#8010=ADVANCED_FACE('',(#7368),#7681,.T.);
#8011=ADVANCED_FACE('',(#7369),#7682,.T.);
#8012=ADVANCED_FACE('',(#7370),#7683,.T.);
#8013=ADVANCED_FACE('',(#7371),#7684,.T.);
#8014=ADVANCED_FACE('',(#7372),#7685,.T.);
#8015=ADVANCED_FACE('',(#7373),#7686,.T.);
#8016=ADVANCED_FACE('',(#7374),#7687,.T.);
#8017=ADVANCED_FACE('',(#7375),#7688,.T.);
#8018=ADVANCED_FACE('',(#7376),#19,.T.);
#8019=ADVANCED_FACE('',(#7377),#20,.T.);
#8020=ADVANCED_FACE('',(#7378),#7689,.T.);
#8021=ADVANCED_FACE('',(#7379),#21,.T.);
#8022=ADVANCED_FACE('',(#7380),#22,.T.);
#8023=ADVANCED_FACE('',(#7381),#7690,.T.);
#8024=ADVANCED_FACE('',(#7382),#7691,.T.);
#8025=ADVANCED_FACE('',(#7383),#7692,.T.);
#8026=ADVANCED_FACE('',(#7384),#23,.T.);
#8027=ADVANCED_FACE('',(#7385),#24,.T.);
#8028=ADVANCED_FACE('',(#7386),#7693,.T.);
#8029=ADVANCED_FACE('',(#7387),#25,.T.);
#8030=ADVANCED_FACE('',(#7388),#26,.T.);
#8031=ADVANCED_FACE('',(#7389),#27,.T.);
#8032=ADVANCED_FACE('',(#7390),#28,.T.);
#8033=ADVANCED_FACE('',(#7391),#29,.T.);
#8034=ADVANCED_FACE('',(#7392),#7694,.T.);
#8035=ADVANCED_FACE('',(#7393),#210,.F.);
#8036=ADVANCED_FACE('',(#7394),#7695,.F.);
#8037=ADVANCED_FACE('',(#7395),#211,.F.);
#8038=ADVANCED_FACE('',(#7396),#7696,.F.);
#8039=ADVANCED_FACE('',(#7397),#212,.F.);
#8040=ADVANCED_FACE('',(#7398),#7697,.T.);
#8041=ADVANCED_FACE('',(#7399),#213,.F.);
#8042=ADVANCED_FACE('',(#7400),#214,.F.);
#8043=ADVANCED_FACE('',(#7401),#7698,.F.);
#8044=ADVANCED_FACE('',(#7402),#215,.F.);
#8045=ADVANCED_FACE('',(#7403),#7699,.F.);
#8046=ADVANCED_FACE('',(#7404),#216,.F.);
#8047=ADVANCED_FACE('',(#7405),#7700,.T.);
#8048=ADVANCED_FACE('',(#7406),#217,.F.);
#8049=ADVANCED_FACE('',(#7407),#218,.F.);
#8050=ADVANCED_FACE('',(#7408),#7701,.F.);
#8051=ADVANCED_FACE('',(#7409),#219,.F.);
#8052=ADVANCED_FACE('',(#7410),#7702,.F.);
#8053=ADVANCED_FACE('',(#7411),#220,.F.);
#8054=ADVANCED_FACE('',(#7412),#7703,.T.);
#8055=ADVANCED_FACE('',(#7413),#221,.F.);
#8056=ADVANCED_FACE('',(#7414),#222,.F.);
#8057=ADVANCED_FACE('',(#7415),#7704,.F.);
#8058=ADVANCED_FACE('',(#7416),#223,.F.);
#8059=ADVANCED_FACE('',(#7417),#7705,.F.);
#8060=ADVANCED_FACE('',(#7418),#224,.F.);
#8061=ADVANCED_FACE('',(#7419),#7706,.T.);
#8062=ADVANCED_FACE('',(#7420),#225,.F.);
#8063=ADVANCED_FACE('',(#7421),#226,.F.);
#8064=ADVANCED_FACE('',(#7422),#7707,.F.);
#8065=ADVANCED_FACE('',(#7423),#227,.F.);
#8066=ADVANCED_FACE('',(#7424),#7708,.F.);
#8067=ADVANCED_FACE('',(#7425),#228,.F.);
#8068=ADVANCED_FACE('',(#7426),#7709,.T.);
#8069=ADVANCED_FACE('',(#7427),#229,.F.);
#8070=ADVANCED_FACE('',(#7428),#230,.F.);
#8071=ADVANCED_FACE('',(#7429),#7710,.F.);
#8072=ADVANCED_FACE('',(#7430),#231,.F.);
#8073=ADVANCED_FACE('',(#7431),#7711,.F.);
#8074=ADVANCED_FACE('',(#7432),#232,.F.);
#8075=ADVANCED_FACE('',(#7433),#7712,.T.);
#8076=ADVANCED_FACE('',(#7434),#233,.F.);
#8077=ADVANCED_FACE('',(#7435),#234,.F.);
#8078=ADVANCED_FACE('',(#7436),#7713,.F.);
#8079=ADVANCED_FACE('',(#7437),#235,.F.);
#8080=ADVANCED_FACE('',(#7438),#7714,.F.);
#8081=ADVANCED_FACE('',(#7439),#236,.F.);
#8082=ADVANCED_FACE('',(#7440),#7715,.T.);
#8083=ADVANCED_FACE('',(#7441),#237,.F.);
#8084=ADVANCED_FACE('',(#7442),#238,.F.);
#8085=ADVANCED_FACE('',(#7443),#7716,.F.);
#8086=ADVANCED_FACE('',(#7444),#239,.F.);
#8087=ADVANCED_FACE('',(#7445),#7717,.F.);
#8088=ADVANCED_FACE('',(#7446),#240,.F.);
#8089=ADVANCED_FACE('',(#7447),#7718,.T.);
#8090=ADVANCED_FACE('',(#7448),#241,.F.);
#8091=ADVANCED_FACE('',(#7449),#242,.F.);
#8092=ADVANCED_FACE('',(#7450),#7719,.F.);
#8093=ADVANCED_FACE('',(#7451),#243,.F.);
#8094=ADVANCED_FACE('',(#7452),#7720,.F.);
#8095=ADVANCED_FACE('',(#7453),#244,.F.);
#8096=ADVANCED_FACE('',(#7454),#7721,.T.);
#8097=ADVANCED_FACE('',(#7455),#245,.F.);
#8098=ADVANCED_FACE('',(#7456),#246,.F.);
#8099=ADVANCED_FACE('',(#7457),#7722,.F.);
#8100=ADVANCED_FACE('',(#7458),#247,.F.);
#8101=ADVANCED_FACE('',(#7459),#7723,.F.);
#8102=ADVANCED_FACE('',(#7460),#248,.F.);
#8103=ADVANCED_FACE('',(#7461),#7724,.T.);
#8104=ADVANCED_FACE('',(#7462),#249,.F.);
#8105=ADVANCED_FACE('',(#7463),#250,.F.);
#8106=ADVANCED_FACE('',(#7464),#7725,.F.);
#8107=ADVANCED_FACE('',(#7465),#251,.F.);
#8108=ADVANCED_FACE('',(#7466),#7726,.F.);
#8109=ADVANCED_FACE('',(#7467),#252,.F.);
#8110=ADVANCED_FACE('',(#7468),#7727,.T.);
#8111=ADVANCED_FACE('',(#7469),#253,.F.);
#8112=ADVANCED_FACE('',(#7470),#254,.F.);
#8113=ADVANCED_FACE('',(#7471),#7728,.F.);
#8114=ADVANCED_FACE('',(#7472),#255,.F.);
#8115=ADVANCED_FACE('',(#7473),#7729,.F.);
#8116=ADVANCED_FACE('',(#7474),#256,.F.);
#8117=ADVANCED_FACE('',(#7475),#7730,.T.);
#8118=ADVANCED_FACE('',(#7476),#257,.F.);
#8119=ADVANCED_FACE('',(#7477),#258,.F.);
#8120=ADVANCED_FACE('',(#7478),#7731,.F.);
#8121=ADVANCED_FACE('',(#7479),#259,.F.);
#8122=ADVANCED_FACE('',(#7480),#7732,.F.);
#8123=ADVANCED_FACE('',(#7481),#260,.F.);
#8124=ADVANCED_FACE('',(#7482),#7733,.T.);
#8125=ADVANCED_FACE('',(#7483),#261,.F.);
#8126=ADVANCED_FACE('',(#7484),#262,.F.);
#8127=ADVANCED_FACE('',(#7485),#7734,.F.);
#8128=ADVANCED_FACE('',(#7486),#263,.F.);
#8129=ADVANCED_FACE('',(#7487),#7735,.F.);
#8130=ADVANCED_FACE('',(#7488),#264,.F.);
#8131=ADVANCED_FACE('',(#7489),#7736,.T.);
#8132=ADVANCED_FACE('',(#7490),#265,.F.);
#8133=ADVANCED_FACE('',(#7491),#266,.F.);
#8134=ADVANCED_FACE('',(#7492),#7737,.F.);
#8135=ADVANCED_FACE('',(#7493),#267,.F.);
#8136=ADVANCED_FACE('',(#7494),#7738,.F.);
#8137=ADVANCED_FACE('',(#7495),#268,.F.);
#8138=ADVANCED_FACE('',(#7496),#7739,.T.);
#8139=ADVANCED_FACE('',(#7497),#269,.F.);
#8140=ADVANCED_FACE('',(#7498),#270,.F.);
#8141=ADVANCED_FACE('',(#7499),#7740,.F.);
#8142=ADVANCED_FACE('',(#7500),#271,.F.);
#8143=ADVANCED_FACE('',(#7501),#7741,.F.);
#8144=ADVANCED_FACE('',(#7502),#272,.F.);
#8145=ADVANCED_FACE('',(#7503),#7742,.T.);
#8146=ADVANCED_FACE('',(#7504),#273,.F.);
#8147=ADVANCED_FACE('',(#7505),#7743,.T.);
#8148=ADVANCED_FACE('',(#7506),#7744,.F.);
#8149=ADVANCED_FACE('',(#7507),#7745,.F.);
#8150=ADVANCED_FACE('',(#7508),#7746,.T.);
#8151=ADVANCED_FACE('',(#7509),#7747,.F.);
#8152=ADVANCED_FACE('',(#7510),#7748,.F.);
#8153=ADVANCED_FACE('',(#7511),#7749,.T.);
#8154=ADVANCED_FACE('',(#7512),#7750,.F.);
#8155=ADVANCED_FACE('',(#7513),#7751,.F.);
#8156=ADVANCED_FACE('',(#7514),#7752,.T.);
#8157=ADVANCED_FACE('',(#7515),#7753,.T.);
#8158=ADVANCED_FACE('',(#7516),#7754,.T.);
#8159=ADVANCED_FACE('',(#7517),#7755,.T.);
#8160=ADVANCED_FACE('',(#7518),#7756,.T.);
#8161=ADVANCED_FACE('',(#7519),#7757,.T.);
#8162=ADVANCED_FACE('',(#7520),#7758,.T.);
#8163=ADVANCED_FACE('',(#7521),#7759,.T.);
#8164=ADVANCED_FACE('',(#7522),#7760,.T.);
#8165=ADVANCED_FACE('',(#7523),#7761,.T.);
#8166=ADVANCED_FACE('',(#7524),#7762,.T.);
#8167=ADVANCED_FACE('',(#7525),#7763,.T.);
#8168=ADVANCED_FACE('',(#7526),#7764,.T.);
#8169=ADVANCED_FACE('',(#7527),#7765,.T.);
#8170=ADVANCED_FACE('',(#7528),#7766,.T.);
#8171=ADVANCED_FACE('',(#7529),#7767,.T.);
#8172=ADVANCED_FACE('',(#7530),#7768,.T.);
#8173=ADVANCED_FACE('',(#7531),#7769,.T.);
#8174=ADVANCED_FACE('',(#7532,#7533),#274,.F.);
#8175=ADVANCED_FACE('',(#7534,#7535),#275,.F.);
#8176=ADVANCED_FACE('',(#7536,#7537),#276,.F.);
#8177=ADVANCED_FACE('',(#7538,#7539),#277,.F.);
#8178=ADVANCED_FACE('',(#7540),#7770,.T.);
#8179=ADVANCED_FACE('',(#7541,#7542,#7543,#7544,#7545,#7546,#7547,#7548,
#7549,#7550,#7551,#7552,#7553,#7554,#7555,#7556,#7557,#7558,#7559,#7560,
#7561,#7562,#7563),#7771,.T.);
#8180=ADVANCED_FACE('',(#7564,#7565,#7566,#7567,#7568,#7569,#7570,#7571,
#7572,#7573,#7574,#7575,#7576,#7577,#7578,#7579,#7580,#7581,#7582,#7583,
#7584,#7585,#7586),#7772,.F.);
#8181=CLOSED_SHELL('',(#7773,#7774,#7775,#7776,#7777,#7778,#7779,#7780,
#7781,#7782,#7783,#7784,#7785,#7786,#7787,#7788,#7789,#7790,#7791,#7792,
#7793,#7794,#7795,#7796,#7797,#7798,#7799,#7800,#7801,#7802,#7803,#7804,
#7805,#7806,#7807,#7808,#7809,#7810,#7811,#7812,#7813,#7814,#7815,#7816,
#7817,#7818,#7819,#7820,#7821,#7822,#7823,#7824,#7825,#7826,#7827,#7828,
#7829,#7830,#7831,#7832,#7833,#7834,#7835,#7836,#7837,#7838,#7839,#7840,
#7841,#7842,#7843,#7844,#7845,#7846,#7847,#7848,#7849,#7850,#7851,#7852,
#7853,#7854,#7855,#7856,#7857,#7858,#7859,#7860,#7861,#7862,#7863,#7864,
#7865,#7866,#7867,#7868,#7869,#7870,#7871,#7872,#7873,#7874,#7875,#7876,
#7877,#7878,#7879,#7880,#7881,#7882,#7883,#7884,#7885,#7886,#7887,#7888,
#7889,#7890,#7891,#7892,#7893,#7894,#7895,#7896,#7897,#7898,#7899,#7900,
#7901,#7902,#7903,#7904,#7905,#7906,#7907,#7908));
#8182=CLOSED_SHELL('',(#7909,#7910,#7911,#7912,#7913,#7914,#7915,#7916,
#7917,#7918,#7919,#7920,#7921,#7922,#7923,#7924,#7925,#7926,#7927,#7928,
#7929,#7930,#7931,#7932,#7933,#7934,#7935,#7936,#7937,#7938,#7939,#7940,
#7941,#7942,#7943,#7944,#7945,#7946,#7947,#7948,#7949,#7950,#7951,#7952,
#7953,#7954,#7955,#7956,#7957,#7958,#7959,#7960,#7961,#7962,#7963,#7964,
#7965,#7966,#7967,#7968,#7969,#7970,#7971,#7972,#7973,#7974,#7975,#7976,
#7977,#7978,#7979,#7980,#7981,#7982,#7983,#7984,#7985,#7986,#7987,#7988,
#7989,#7990,#7991,#7992,#7993,#7994,#7995,#7996,#7997,#7998,#7999,#8000,
#8001,#8002,#8003,#8004,#8005,#8006,#8007,#8008,#8009,#8010,#8011,#8012,
#8013,#8014,#8015,#8016,#8017,#8018,#8019,#8020,#8021,#8022,#8023,#8024,
#8025,#8026,#8027,#8028,#8029,#8030,#8031,#8032,#8033,#8034));
#8183=CLOSED_SHELL('',(#8035,#8036,#8037,#8038,#8039,#8040,#8041,#8042,
#8043,#8044,#8045,#8046,#8047,#8048,#8049,#8050,#8051,#8052,#8053,#8054,
#8055,#8056,#8057,#8058,#8059,#8060,#8061,#8062,#8063,#8064,#8065,#8066,
#8067,#8068,#8069,#8070,#8071,#8072,#8073,#8074,#8075,#8076,#8077,#8078,
#8079,#8080,#8081,#8082,#8083,#8084,#8085,#8086,#8087,#8088,#8089,#8090,
#8091,#8092,#8093,#8094,#8095,#8096,#8097,#8098,#8099,#8100,#8101,#8102,
#8103,#8104,#8105,#8106,#8107,#8108,#8109,#8110,#8111,#8112,#8113,#8114,
#8115,#8116,#8117,#8118,#8119,#8120,#8121,#8122,#8123,#8124,#8125,#8126,
#8127,#8128,#8129,#8130,#8131,#8132,#8133,#8134,#8135,#8136,#8137,#8138,
#8139,#8140,#8141,#8142,#8143,#8144,#8145,#8146,#8147,#8148,#8149,#8150,
#8151,#8152,#8153,#8154,#8155,#8156,#8157,#8158,#8159,#8160,#8161,#8162,
#8163,#8164,#8165,#8166,#8167,#8168,#8169,#8170,#8171,#8172,#8173,#8174,
#8175,#8176,#8177,#8178,#8179,#8180));
#8184=STYLED_ITEM('',(#8187),#8208);
#8185=STYLED_ITEM('',(#8188),#8209);
#8186=STYLED_ITEM('',(#8189),#8210);
#8187=PRESENTATION_STYLE_ASSIGNMENT((#8190));
#8188=PRESENTATION_STYLE_ASSIGNMENT((#8191));
#8189=PRESENTATION_STYLE_ASSIGNMENT((#8192));
#8190=SURFACE_STYLE_USAGE(.BOTH.,#8193);
#8191=SURFACE_STYLE_USAGE(.BOTH.,#8194);
#8192=SURFACE_STYLE_USAGE(.BOTH.,#8195);
#8193=SURFACE_SIDE_STYLE('',(#8196));
#8194=SURFACE_SIDE_STYLE('',(#8197));
#8195=SURFACE_SIDE_STYLE('',(#8198));
#8196=SURFACE_STYLE_FILL_AREA(#8199);
#8197=SURFACE_STYLE_FILL_AREA(#8200);
#8198=SURFACE_STYLE_FILL_AREA(#8201);
#8199=FILL_AREA_STYLE('',(#8202));
#8200=FILL_AREA_STYLE('',(#8203));
#8201=FILL_AREA_STYLE('',(#8204));
#8202=FILL_AREA_STYLE_COLOUR('',#8205);
#8203=FILL_AREA_STYLE_COLOUR('',#8206);
#8204=FILL_AREA_STYLE_COLOUR('',#8207);
#8205=COLOUR_RGB('',0.313725490196078,0.486274509803922,0.411764705882353);
#8206=COLOUR_RGB('',0.917647058823529,0.917647058823529,0.917647058823529);
#8207=COLOUR_RGB('',0.768627450980392,0.886274509803922,0.952941176470588);
#8208=MANIFOLD_SOLID_BREP('AirBC7B_PCB',#8181);
#8209=MANIFOLD_SOLID_BREP('Part 2',#8182);
#8210=MANIFOLD_SOLID_BREP('Part 3',#8183);
#8211=SHAPE_DEFINITION_REPRESENTATION(#13707,#8214);
#8212=SHAPE_DEFINITION_REPRESENTATION(#13708,#8215);
#8213=SHAPE_DEFINITION_REPRESENTATION(#13709,#8216);
#8214=SHAPE_REPRESENTATION('AirBC7B_PCB',(#8217),#13692);
#8215=SHAPE_REPRESENTATION('Part 2',(#8614),#13693);
#8216=SHAPE_REPRESENTATION('Part 3',(#8729),#13694);
#8217=AXIS2_PLACEMENT_3D('',#11211,#9012,#9013);
#8218=AXIS2_PLACEMENT_3D('',#11212,#9014,#9015);
#8219=AXIS2_PLACEMENT_3D('',#11221,#9020,#9021);
#8220=AXIS2_PLACEMENT_3D('',#11227,#9025,#9026);
#8221=AXIS2_PLACEMENT_3D('',#11233,#9030,#9031);
#8222=AXIS2_PLACEMENT_3D('',#11235,#9033,#9034);
#8223=AXIS2_PLACEMENT_3D('',#11237,#9035,#9036);
#8224=AXIS2_PLACEMENT_3D('',#11239,#9037,#9038);
#8225=AXIS2_PLACEMENT_3D('',#11241,#9039,#9040);
#8226=AXIS2_PLACEMENT_3D('',#11243,#9041,#9042);
#8227=AXIS2_PLACEMENT_3D('',#11245,#9043,#9044);
#8228=AXIS2_PLACEMENT_3D('',#11247,#9045,#9046);
#8229=AXIS2_PLACEMENT_3D('',#11249,#9047,#9048);
#8230=AXIS2_PLACEMENT_3D('',#11251,#9049,#9050);
#8231=AXIS2_PLACEMENT_3D('',#11253,#9051,#9052);
#8232=AXIS2_PLACEMENT_3D('',#11255,#9053,#9054);
#8233=AXIS2_PLACEMENT_3D('',#11257,#9055,#9056);
#8234=AXIS2_PLACEMENT_3D('',#11259,#9057,#9058);
#8235=AXIS2_PLACEMENT_3D('',#11261,#9059,#9060);
#8236=AXIS2_PLACEMENT_3D('',#11263,#9061,#9062);
#8237=AXIS2_PLACEMENT_3D('',#11265,#9063,#9064);
#8238=AXIS2_PLACEMENT_3D('',#11267,#9065,#9066);
#8239=AXIS2_PLACEMENT_3D('',#11269,#9067,#9068);
#8240=AXIS2_PLACEMENT_3D('',#11271,#9069,#9070);
#8241=AXIS2_PLACEMENT_3D('',#11273,#9071,#9072);
#8242=AXIS2_PLACEMENT_3D('',#11275,#9073,#9074);
#8243=AXIS2_PLACEMENT_3D('',#11277,#9075,#9076);
#8244=AXIS2_PLACEMENT_3D('',#11279,#9077,#9078);
#8245=AXIS2_PLACEMENT_3D('',#11281,#9079,#9080);
#8246=AXIS2_PLACEMENT_3D('',#11283,#9081,#9082);
#8247=AXIS2_PLACEMENT_3D('',#11285,#9083,#9084);
#8248=AXIS2_PLACEMENT_3D('',#11287,#9085,#9086);
#8249=AXIS2_PLACEMENT_3D('',#11289,#9087,#9088);
#8250=AXIS2_PLACEMENT_3D('',#11291,#9089,#9090);
#8251=AXIS2_PLACEMENT_3D('',#11293,#9091,#9092);
#8252=AXIS2_PLACEMENT_3D('',#11295,#9093,#9094);
#8253=AXIS2_PLACEMENT_3D('',#11297,#9095,#9096);
#8254=AXIS2_PLACEMENT_3D('',#11299,#9097,#9098);
#8255=AXIS2_PLACEMENT_3D('',#11301,#9099,#9100);
#8256=AXIS2_PLACEMENT_3D('',#11303,#9101,#9102);
#8257=AXIS2_PLACEMENT_3D('',#11305,#9103,#9104);
#8258=AXIS2_PLACEMENT_3D('',#11307,#9105,#9106);
#8259=AXIS2_PLACEMENT_3D('',#11309,#9107,#9108);
#8260=AXIS2_PLACEMENT_3D('',#11311,#9109,#9110);
#8261=AXIS2_PLACEMENT_3D('',#11313,#9111,#9112);
#8262=AXIS2_PLACEMENT_3D('',#11315,#9113,#9114);
#8263=AXIS2_PLACEMENT_3D('',#11317,#9115,#9116);
#8264=AXIS2_PLACEMENT_3D('',#11319,#9117,#9118);
#8265=AXIS2_PLACEMENT_3D('',#11321,#9119,#9120);
#8266=AXIS2_PLACEMENT_3D('',#11323,#9121,#9122);
#8267=AXIS2_PLACEMENT_3D('',#11325,#9123,#9124);
#8268=AXIS2_PLACEMENT_3D('',#11327,#9125,#9126);
#8269=AXIS2_PLACEMENT_3D('',#11329,#9127,#9128);
#8270=AXIS2_PLACEMENT_3D('',#11331,#9129,#9130);
#8271=AXIS2_PLACEMENT_3D('',#11333,#9131,#9132);
#8272=AXIS2_PLACEMENT_3D('',#11335,#9133,#9134);
#8273=AXIS2_PLACEMENT_3D('',#11337,#9135,#9136);
#8274=AXIS2_PLACEMENT_3D('',#11339,#9137,#9138);
#8275=AXIS2_PLACEMENT_3D('',#11341,#9139,#9140);
#8276=AXIS2_PLACEMENT_3D('',#11343,#9141,#9142);
#8277=AXIS2_PLACEMENT_3D('',#11345,#9143,#9144);
#8278=AXIS2_PLACEMENT_3D('',#11347,#9145,#9146);
#8279=AXIS2_PLACEMENT_3D('',#11349,#9147,#9148);
#8280=AXIS2_PLACEMENT_3D('',#11351,#9149,#9150);
#8281=AXIS2_PLACEMENT_3D('',#11353,#9151,#9152);
#8282=AXIS2_PLACEMENT_3D('',#11355,#9153,#9154);
#8283=AXIS2_PLACEMENT_3D('',#11357,#9155,#9156);
#8284=AXIS2_PLACEMENT_3D('',#11359,#9157,#9158);
#8285=AXIS2_PLACEMENT_3D('',#11361,#9159,#9160);
#8286=AXIS2_PLACEMENT_3D('',#11363,#9161,#9162);
#8287=AXIS2_PLACEMENT_3D('',#11365,#9163,#9164);
#8288=AXIS2_PLACEMENT_3D('',#11367,#9165,#9166);
#8289=AXIS2_PLACEMENT_3D('',#11369,#9167,#9168);
#8290=AXIS2_PLACEMENT_3D('',#11371,#9169,#9170);
#8291=AXIS2_PLACEMENT_3D('',#11373,#9171,#9172);
#8292=AXIS2_PLACEMENT_3D('',#11375,#9173,#9174);
#8293=AXIS2_PLACEMENT_3D('',#11377,#9175,#9176);
#8294=AXIS2_PLACEMENT_3D('',#11379,#9177,#9178);
#8295=AXIS2_PLACEMENT_3D('',#11381,#9179,#9180);
#8296=AXIS2_PLACEMENT_3D('',#11383,#9181,#9182);
#8297=AXIS2_PLACEMENT_3D('',#11385,#9183,#9184);
#8298=AXIS2_PLACEMENT_3D('',#11387,#9185,#9186);
#8299=AXIS2_PLACEMENT_3D('',#11389,#9187,#9188);
#8300=AXIS2_PLACEMENT_3D('',#11391,#9189,#9190);
#8301=AXIS2_PLACEMENT_3D('',#11393,#9191,#9192);
#8302=AXIS2_PLACEMENT_3D('',#11395,#9193,#9194);
#8303=AXIS2_PLACEMENT_3D('',#11397,#9195,#9196);
#8304=AXIS2_PLACEMENT_3D('',#11399,#9197,#9198);
#8305=AXIS2_PLACEMENT_3D('',#11401,#9199,#9200);
#8306=AXIS2_PLACEMENT_3D('',#11403,#9201,#9202);
#8307=AXIS2_PLACEMENT_3D('',#11405,#9203,#9204);
#8308=AXIS2_PLACEMENT_3D('',#11407,#9205,#9206);
#8309=AXIS2_PLACEMENT_3D('',#11409,#9207,#9208);
#8310=AXIS2_PLACEMENT_3D('',#11411,#9209,#9210);
#8311=AXIS2_PLACEMENT_3D('',#11413,#9211,#9212);
#8312=AXIS2_PLACEMENT_3D('',#11415,#9213,#9214);
#8313=AXIS2_PLACEMENT_3D('',#11417,#9215,#9216);
#8314=AXIS2_PLACEMENT_3D('',#11419,#9217,#9218);
#8315=AXIS2_PLACEMENT_3D('',#11421,#9219,#9220);
#8316=AXIS2_PLACEMENT_3D('',#11423,#9221,#9222);
#8317=AXIS2_PLACEMENT_3D('',#11425,#9223,#9224);
#8318=AXIS2_PLACEMENT_3D('',#11427,#9225,#9226);
#8319=AXIS2_PLACEMENT_3D('',#11429,#9227,#9228);
#8320=AXIS2_PLACEMENT_3D('',#11431,#9229,#9230);
#8321=AXIS2_PLACEMENT_3D('',#11433,#9231,#9232);
#8322=AXIS2_PLACEMENT_3D('',#11435,#9233,#9234);
#8323=AXIS2_PLACEMENT_3D('',#11437,#9235,#9236);
#8324=AXIS2_PLACEMENT_3D('',#11439,#9237,#9238);
#8325=AXIS2_PLACEMENT_3D('',#11441,#9239,#9240);
#8326=AXIS2_PLACEMENT_3D('',#11443,#9241,#9242);
#8327=AXIS2_PLACEMENT_3D('',#11445,#9243,#9244);
#8328=AXIS2_PLACEMENT_3D('',#11447,#9245,#9246);
#8329=AXIS2_PLACEMENT_3D('',#11449,#9247,#9248);
#8330=AXIS2_PLACEMENT_3D('',#11451,#9249,#9250);
#8331=AXIS2_PLACEMENT_3D('',#11453,#9251,#9252);
#8332=AXIS2_PLACEMENT_3D('',#11455,#9253,#9254);
#8333=AXIS2_PLACEMENT_3D('',#11457,#9255,#9256);
#8334=AXIS2_PLACEMENT_3D('',#11459,#9257,#9258);
#8335=AXIS2_PLACEMENT_3D('',#11461,#9259,#9260);
#8336=AXIS2_PLACEMENT_3D('',#11463,#9261,#9262);
#8337=AXIS2_PLACEMENT_3D('',#11465,#9263,#9264);
#8338=AXIS2_PLACEMENT_3D('',#11467,#9265,#9266);
#8339=AXIS2_PLACEMENT_3D('',#11469,#9267,#9268);
#8340=AXIS2_PLACEMENT_3D('',#11471,#9269,#9270);
#8341=AXIS2_PLACEMENT_3D('',#11473,#9271,#9272);
#8342=AXIS2_PLACEMENT_3D('',#11475,#9273,#9274);
#8343=AXIS2_PLACEMENT_3D('',#11477,#9275,#9276);
#8344=AXIS2_PLACEMENT_3D('',#11479,#9277,#9278);
#8345=AXIS2_PLACEMENT_3D('',#11481,#9279,#9280);
#8346=AXIS2_PLACEMENT_3D('',#11483,#9281,#9282);
#8347=AXIS2_PLACEMENT_3D('',#11485,#9283,#9284);
#8348=AXIS2_PLACEMENT_3D('',#11487,#9285,#9286);
#8349=AXIS2_PLACEMENT_3D('',#11489,#9287,#9288);
#8350=AXIS2_PLACEMENT_3D('',#11491,#9289,#9290);
#8351=AXIS2_PLACEMENT_3D('',#11493,#9291,#9292);
#8352=AXIS2_PLACEMENT_3D('',#11495,#9293,#9294);
#8353=AXIS2_PLACEMENT_3D('',#11497,#9296,#9297);
#8354=AXIS2_PLACEMENT_3D('',#11499,#9298,#9299);
#8355=AXIS2_PLACEMENT_3D('',#11501,#9300,#9301);
#8356=AXIS2_PLACEMENT_3D('',#11503,#9302,#9303);
#8357=AXIS2_PLACEMENT_3D('',#11505,#9304,#9305);
#8358=AXIS2_PLACEMENT_3D('',#11507,#9306,#9307);
#8359=AXIS2_PLACEMENT_3D('',#11509,#9308,#9309);
#8360=AXIS2_PLACEMENT_3D('',#11511,#9310,#9311);
#8361=AXIS2_PLACEMENT_3D('',#11513,#9312,#9313);
#8362=AXIS2_PLACEMENT_3D('',#11515,#9314,#9315);
#8363=AXIS2_PLACEMENT_3D('',#11517,#9316,#9317);
#8364=AXIS2_PLACEMENT_3D('',#11519,#9318,#9319);
#8365=AXIS2_PLACEMENT_3D('',#11521,#9320,#9321);
#8366=AXIS2_PLACEMENT_3D('',#11523,#9322,#9323);
#8367=AXIS2_PLACEMENT_3D('',#11525,#9324,#9325);
#8368=AXIS2_PLACEMENT_3D('',#11527,#9326,#9327);
#8369=AXIS2_PLACEMENT_3D('',#11529,#9328,#9329);
#8370=AXIS2_PLACEMENT_3D('',#11531,#9330,#9331);
#8371=AXIS2_PLACEMENT_3D('',#11533,#9332,#9333);
#8372=AXIS2_PLACEMENT_3D('',#11535,#9334,#9335);
#8373=AXIS2_PLACEMENT_3D('',#11537,#9336,#9337);
#8374=AXIS2_PLACEMENT_3D('',#11539,#9338,#9339);
#8375=AXIS2_PLACEMENT_3D('',#11541,#9340,#9341);
#8376=AXIS2_PLACEMENT_3D('',#11543,#9342,#9343);
#8377=AXIS2_PLACEMENT_3D('',#11545,#9344,#9345);
#8378=AXIS2_PLACEMENT_3D('',#11547,#9346,#9347);
#8379=AXIS2_PLACEMENT_3D('',#11549,#9348,#9349);
#8380=AXIS2_PLACEMENT_3D('',#11551,#9350,#9351);
#8381=AXIS2_PLACEMENT_3D('',#11553,#9352,#9353);
#8382=AXIS2_PLACEMENT_3D('',#11555,#9354,#9355);
#8383=AXIS2_PLACEMENT_3D('',#11557,#9356,#9357);
#8384=AXIS2_PLACEMENT_3D('',#11559,#9358,#9359);
#8385=AXIS2_PLACEMENT_3D('',#11561,#9360,#9361);
#8386=AXIS2_PLACEMENT_3D('',#11563,#9362,#9363);
#8387=AXIS2_PLACEMENT_3D('',#11565,#9364,#9365);
#8388=AXIS2_PLACEMENT_3D('',#11567,#9366,#9367);
#8389=AXIS2_PLACEMENT_3D('',#11569,#9368,#9369);
#8390=AXIS2_PLACEMENT_3D('',#11571,#9370,#9371);
#8391=AXIS2_PLACEMENT_3D('',#11573,#9372,#9373);
#8392=AXIS2_PLACEMENT_3D('',#11575,#9374,#9375);
#8393=AXIS2_PLACEMENT_3D('',#11577,#9376,#9377);
#8394=AXIS2_PLACEMENT_3D('',#11579,#9378,#9379);
#8395=AXIS2_PLACEMENT_3D('',#11581,#9380,#9381);
#8396=AXIS2_PLACEMENT_3D('',#11583,#9382,#9383);
#8397=AXIS2_PLACEMENT_3D('',#11585,#9384,#9385);
#8398=AXIS2_PLACEMENT_3D('',#11587,#9386,#9387);
#8399=AXIS2_PLACEMENT_3D('',#11589,#9388,#9389);
#8400=AXIS2_PLACEMENT_3D('',#11591,#9390,#9391);
#8401=AXIS2_PLACEMENT_3D('',#11593,#9392,#9393);
#8402=AXIS2_PLACEMENT_3D('',#11595,#9394,#9395);
#8403=AXIS2_PLACEMENT_3D('',#11597,#9396,#9397);
#8404=AXIS2_PLACEMENT_3D('',#11599,#9398,#9399);
#8405=AXIS2_PLACEMENT_3D('',#11601,#9400,#9401);
#8406=AXIS2_PLACEMENT_3D('',#11603,#9402,#9403);
#8407=AXIS2_PLACEMENT_3D('',#11605,#9404,#9405);
#8408=AXIS2_PLACEMENT_3D('',#11607,#9406,#9407);
#8409=AXIS2_PLACEMENT_3D('',#11609,#9408,#9409);
#8410=AXIS2_PLACEMENT_3D('',#11611,#9410,#9411);
#8411=AXIS2_PLACEMENT_3D('',#11613,#9412,#9413);
#8412=AXIS2_PLACEMENT_3D('',#11615,#9414,#9415);
#8413=AXIS2_PLACEMENT_3D('',#11617,#9416,#9417);
#8414=AXIS2_PLACEMENT_3D('',#11619,#9418,#9419);
#8415=AXIS2_PLACEMENT_3D('',#11621,#9420,#9421);
#8416=AXIS2_PLACEMENT_3D('',#11623,#9422,#9423);
#8417=AXIS2_PLACEMENT_3D('',#11625,#9424,#9425);
#8418=AXIS2_PLACEMENT_3D('',#11627,#9426,#9427);
#8419=AXIS2_PLACEMENT_3D('',#11629,#9428,#9429);
#8420=AXIS2_PLACEMENT_3D('',#11631,#9430,#9431);
#8421=AXIS2_PLACEMENT_3D('',#11633,#9432,#9433);
#8422=AXIS2_PLACEMENT_3D('',#11635,#9434,#9435);
#8423=AXIS2_PLACEMENT_3D('',#11637,#9436,#9437);
#8424=AXIS2_PLACEMENT_3D('',#11639,#9438,#9439);
#8425=AXIS2_PLACEMENT_3D('',#11641,#9440,#9441);
#8426=AXIS2_PLACEMENT_3D('',#11643,#9442,#9443);
#8427=AXIS2_PLACEMENT_3D('',#11645,#9444,#9445);
#8428=AXIS2_PLACEMENT_3D('',#11647,#9446,#9447);
#8429=AXIS2_PLACEMENT_3D('',#11649,#9448,#9449);
#8430=AXIS2_PLACEMENT_3D('',#11651,#9450,#9451);
#8431=AXIS2_PLACEMENT_3D('',#11653,#9452,#9453);
#8432=AXIS2_PLACEMENT_3D('',#11655,#9454,#9455);
#8433=AXIS2_PLACEMENT_3D('',#11657,#9456,#9457);
#8434=AXIS2_PLACEMENT_3D('',#11659,#9458,#9459);
#8435=AXIS2_PLACEMENT_3D('',#11661,#9460,#9461);
#8436=AXIS2_PLACEMENT_3D('',#11663,#9462,#9463);
#8437=AXIS2_PLACEMENT_3D('',#11665,#9464,#9465);
#8438=AXIS2_PLACEMENT_3D('',#11667,#9466,#9467);
#8439=AXIS2_PLACEMENT_3D('',#11669,#9468,#9469);
#8440=AXIS2_PLACEMENT_3D('',#11671,#9470,#9471);
#8441=AXIS2_PLACEMENT_3D('',#11673,#9472,#9473);
#8442=AXIS2_PLACEMENT_3D('',#11675,#9474,#9475);
#8443=AXIS2_PLACEMENT_3D('',#11677,#9476,#9477);
#8444=AXIS2_PLACEMENT_3D('',#11679,#9478,#9479);
#8445=AXIS2_PLACEMENT_3D('',#11681,#9480,#9481);
#8446=AXIS2_PLACEMENT_3D('',#11683,#9482,#9483);
#8447=AXIS2_PLACEMENT_3D('',#11685,#9484,#9485);
#8448=AXIS2_PLACEMENT_3D('',#11687,#9486,#9487);
#8449=AXIS2_PLACEMENT_3D('',#11689,#9488,#9489);
#8450=AXIS2_PLACEMENT_3D('',#11691,#9490,#9491);
#8451=AXIS2_PLACEMENT_3D('',#11693,#9492,#9493);
#8452=AXIS2_PLACEMENT_3D('',#11695,#9494,#9495);
#8453=AXIS2_PLACEMENT_3D('',#11697,#9496,#9497);
#8454=AXIS2_PLACEMENT_3D('',#11699,#9498,#9499);
#8455=AXIS2_PLACEMENT_3D('',#11701,#9500,#9501);
#8456=AXIS2_PLACEMENT_3D('',#11703,#9502,#9503);
#8457=AXIS2_PLACEMENT_3D('',#11705,#9504,#9505);
#8458=AXIS2_PLACEMENT_3D('',#11707,#9506,#9507);
#8459=AXIS2_PLACEMENT_3D('',#11709,#9508,#9509);
#8460=AXIS2_PLACEMENT_3D('',#11711,#9510,#9511);
#8461=AXIS2_PLACEMENT_3D('',#11713,#9512,#9513);
#8462=AXIS2_PLACEMENT_3D('',#11715,#9514,#9515);
#8463=AXIS2_PLACEMENT_3D('',#11717,#9516,#9517);
#8464=AXIS2_PLACEMENT_3D('',#11719,#9518,#9519);
#8465=AXIS2_PLACEMENT_3D('',#11721,#9520,#9521);
#8466=AXIS2_PLACEMENT_3D('',#11723,#9522,#9523);
#8467=AXIS2_PLACEMENT_3D('',#11725,#9524,#9525);
#8468=AXIS2_PLACEMENT_3D('',#11727,#9526,#9527);
#8469=AXIS2_PLACEMENT_3D('',#11729,#9528,#9529);
#8470=AXIS2_PLACEMENT_3D('',#11731,#9530,#9531);
#8471=AXIS2_PLACEMENT_3D('',#11733,#9532,#9533);
#8472=AXIS2_PLACEMENT_3D('',#11735,#9534,#9535);
#8473=AXIS2_PLACEMENT_3D('',#11737,#9536,#9537);
#8474=AXIS2_PLACEMENT_3D('',#11739,#9538,#9539);
#8475=AXIS2_PLACEMENT_3D('',#11741,#9540,#9541);
#8476=AXIS2_PLACEMENT_3D('',#11743,#9542,#9543);
#8477=AXIS2_PLACEMENT_3D('',#11745,#9544,#9545);
#8478=AXIS2_PLACEMENT_3D('',#11747,#9546,#9547);
#8479=AXIS2_PLACEMENT_3D('',#11749,#9548,#9549);
#8480=AXIS2_PLACEMENT_3D('',#11751,#9550,#9551);
#8481=AXIS2_PLACEMENT_3D('',#11753,#9552,#9553);
#8482=AXIS2_PLACEMENT_3D('',#11755,#9554,#9555);
#8483=AXIS2_PLACEMENT_3D('',#11757,#9556,#9557);
#8484=AXIS2_PLACEMENT_3D('',#11758,#9558,#9559);
#8485=AXIS2_PLACEMENT_3D('',#11759,#9560,#9561);
#8486=AXIS2_PLACEMENT_3D('',#11760,#9562,#9563);
#8487=AXIS2_PLACEMENT_3D('',#11761,#9564,#9565);
#8488=AXIS2_PLACEMENT_3D('',#11762,#9566,#9567);
#8489=AXIS2_PLACEMENT_3D('',#11763,#9568,#9569);
#8490=AXIS2_PLACEMENT_3D('',#11764,#9570,#9571);
#8491=AXIS2_PLACEMENT_3D('',#11765,#9572,#9573);
#8492=AXIS2_PLACEMENT_3D('',#11766,#9574,#9575);
#8493=AXIS2_PLACEMENT_3D('',#11767,#9576,#9577);
#8494=AXIS2_PLACEMENT_3D('',#11768,#9578,#9579);
#8495=AXIS2_PLACEMENT_3D('',#11769,#9580,#9581);
#8496=AXIS2_PLACEMENT_3D('',#11770,#9582,#9583);
#8497=AXIS2_PLACEMENT_3D('',#11771,#9584,#9585);
#8498=AXIS2_PLACEMENT_3D('',#11772,#9586,#9587);
#8499=AXIS2_PLACEMENT_3D('',#11773,#9588,#9589);
#8500=AXIS2_PLACEMENT_3D('',#11774,#9590,#9591);
#8501=AXIS2_PLACEMENT_3D('',#11775,#9592,#9593);
#8502=AXIS2_PLACEMENT_3D('',#11776,#9594,#9595);
#8503=AXIS2_PLACEMENT_3D('',#11777,#9596,#9597);
#8504=AXIS2_PLACEMENT_3D('',#11778,#9598,#9599);
#8505=AXIS2_PLACEMENT_3D('',#11779,#9600,#9601);
#8506=AXIS2_PLACEMENT_3D('',#11780,#9602,#9603);
#8507=AXIS2_PLACEMENT_3D('',#11781,#9604,#9605);
#8508=AXIS2_PLACEMENT_3D('',#11782,#9606,#9607);
#8509=AXIS2_PLACEMENT_3D('',#11783,#9608,#9609);
#8510=AXIS2_PLACEMENT_3D('',#11784,#9610,#9611);
#8511=AXIS2_PLACEMENT_3D('',#11785,#9612,#9613);
#8512=AXIS2_PLACEMENT_3D('',#11786,#9614,#9615);
#8513=AXIS2_PLACEMENT_3D('',#11787,#9616,#9617);
#8514=AXIS2_PLACEMENT_3D('',#11788,#9618,#9619);
#8515=AXIS2_PLACEMENT_3D('',#11789,#9620,#9621);
#8516=AXIS2_PLACEMENT_3D('',#11790,#9622,#9623);
#8517=AXIS2_PLACEMENT_3D('',#11791,#9624,#9625);
#8518=AXIS2_PLACEMENT_3D('',#11792,#9626,#9627);
#8519=AXIS2_PLACEMENT_3D('',#11793,#9628,#9629);
#8520=AXIS2_PLACEMENT_3D('',#11794,#9630,#9631);
#8521=AXIS2_PLACEMENT_3D('',#11795,#9632,#9633);
#8522=AXIS2_PLACEMENT_3D('',#11796,#9634,#9635);
#8523=AXIS2_PLACEMENT_3D('',#11797,#9636,#9637);
#8524=AXIS2_PLACEMENT_3D('',#11798,#9638,#9639);
#8525=AXIS2_PLACEMENT_3D('',#11799,#9640,#9641);
#8526=AXIS2_PLACEMENT_3D('',#11800,#9642,#9643);
#8527=AXIS2_PLACEMENT_3D('',#11801,#9644,#9645);
#8528=AXIS2_PLACEMENT_3D('',#11802,#9646,#9647);
#8529=AXIS2_PLACEMENT_3D('',#11803,#9648,#9649);
#8530=AXIS2_PLACEMENT_3D('',#11804,#9650,#9651);
#8531=AXIS2_PLACEMENT_3D('',#11805,#9652,#9653);
#8532=AXIS2_PLACEMENT_3D('',#11806,#9654,#9655);
#8533=AXIS2_PLACEMENT_3D('',#11807,#9656,#9657);
#8534=AXIS2_PLACEMENT_3D('',#11808,#9658,#9659);
#8535=AXIS2_PLACEMENT_3D('',#11809,#9660,#9661);
#8536=AXIS2_PLACEMENT_3D('',#11810,#9662,#9663);
#8537=AXIS2_PLACEMENT_3D('',#11811,#9664,#9665);
#8538=AXIS2_PLACEMENT_3D('',#11812,#9666,#9667);
#8539=AXIS2_PLACEMENT_3D('',#11813,#9668,#9669);
#8540=AXIS2_PLACEMENT_3D('',#11814,#9670,#9671);
#8541=AXIS2_PLACEMENT_3D('',#11815,#9672,#9673);
#8542=AXIS2_PLACEMENT_3D('',#11816,#9674,#9675);
#8543=AXIS2_PLACEMENT_3D('',#11817,#9676,#9677);
#8544=AXIS2_PLACEMENT_3D('',#11818,#9678,#9679);
#8545=AXIS2_PLACEMENT_3D('',#11819,#9680,#9681);
#8546=AXIS2_PLACEMENT_3D('',#11820,#9682,#9683);
#8547=AXIS2_PLACEMENT_3D('',#11821,#9684,#9685);
#8548=AXIS2_PLACEMENT_3D('',#11822,#9686,#9687);
#8549=AXIS2_PLACEMENT_3D('',#11823,#9688,#9689);
#8550=AXIS2_PLACEMENT_3D('',#11824,#9690,#9691);
#8551=AXIS2_PLACEMENT_3D('',#11825,#9692,#9693);
#8552=AXIS2_PLACEMENT_3D('',#11826,#9694,#9695);
#8553=AXIS2_PLACEMENT_3D('',#11827,#9696,#9697);
#8554=AXIS2_PLACEMENT_3D('',#11828,#9698,#9699);
#8555=AXIS2_PLACEMENT_3D('',#11829,#9700,#9701);
#8556=AXIS2_PLACEMENT_3D('',#11830,#9702,#9703);
#8557=AXIS2_PLACEMENT_3D('',#11831,#9704,#9705);
#8558=AXIS2_PLACEMENT_3D('',#11832,#9706,#9707);
#8559=AXIS2_PLACEMENT_3D('',#11833,#9708,#9709);
#8560=AXIS2_PLACEMENT_3D('',#11834,#9710,#9711);
#8561=AXIS2_PLACEMENT_3D('',#11835,#9712,#9713);
#8562=AXIS2_PLACEMENT_3D('',#11836,#9714,#9715);
#8563=AXIS2_PLACEMENT_3D('',#11837,#9716,#9717);
#8564=AXIS2_PLACEMENT_3D('',#11838,#9718,#9719);
#8565=AXIS2_PLACEMENT_3D('',#11839,#9720,#9721);
#8566=AXIS2_PLACEMENT_3D('',#11840,#9722,#9723);
#8567=AXIS2_PLACEMENT_3D('',#11841,#9724,#9725);
#8568=AXIS2_PLACEMENT_3D('',#11842,#9726,#9727);
#8569=AXIS2_PLACEMENT_3D('',#11843,#9728,#9729);
#8570=AXIS2_PLACEMENT_3D('',#11844,#9730,#9731);
#8571=AXIS2_PLACEMENT_3D('',#11845,#9732,#9733);
#8572=AXIS2_PLACEMENT_3D('',#11846,#9734,#9735);
#8573=AXIS2_PLACEMENT_3D('',#11847,#9736,#9737);
#8574=AXIS2_PLACEMENT_3D('',#11848,#9738,#9739);
#8575=AXIS2_PLACEMENT_3D('',#11849,#9740,#9741);
#8576=AXIS2_PLACEMENT_3D('',#11850,#9742,#9743);
#8577=AXIS2_PLACEMENT_3D('',#11851,#9744,#9745);
#8578=AXIS2_PLACEMENT_3D('',#11852,#9746,#9747);
#8579=AXIS2_PLACEMENT_3D('',#11853,#9748,#9749);
#8580=AXIS2_PLACEMENT_3D('',#11854,#9750,#9751);
#8581=AXIS2_PLACEMENT_3D('',#11855,#9752,#9753);
#8582=AXIS2_PLACEMENT_3D('',#11856,#9754,#9755);
#8583=AXIS2_PLACEMENT_3D('',#11857,#9756,#9757);
#8584=AXIS2_PLACEMENT_3D('',#11858,#9758,#9759);
#8585=AXIS2_PLACEMENT_3D('',#11859,#9760,#9761);
#8586=AXIS2_PLACEMENT_3D('',#11860,#9762,#9763);
#8587=AXIS2_PLACEMENT_3D('',#11861,#9764,#9765);
#8588=AXIS2_PLACEMENT_3D('',#11862,#9766,#9767);
#8589=AXIS2_PLACEMENT_3D('',#11863,#9768,#9769);
#8590=AXIS2_PLACEMENT_3D('',#11864,#9770,#9771);
#8591=AXIS2_PLACEMENT_3D('',#11865,#9772,#9773);
#8592=AXIS2_PLACEMENT_3D('',#11866,#9774,#9775);
#8593=AXIS2_PLACEMENT_3D('',#11867,#9776,#9777);
#8594=AXIS2_PLACEMENT_3D('',#11868,#9778,#9779);
#8595=AXIS2_PLACEMENT_3D('',#11869,#9780,#9781);
#8596=AXIS2_PLACEMENT_3D('',#11870,#9782,#9783);
#8597=AXIS2_PLACEMENT_3D('',#11871,#9784,#9785);
#8598=AXIS2_PLACEMENT_3D('',#11872,#9786,#9787);
#8599=AXIS2_PLACEMENT_3D('',#11873,#9788,#9789);
#8600=AXIS2_PLACEMENT_3D('',#11874,#9790,#9791);
#8601=AXIS2_PLACEMENT_3D('',#11875,#9792,#9793);
#8602=AXIS2_PLACEMENT_3D('',#11876,#9794,#9795);
#8603=AXIS2_PLACEMENT_3D('',#11877,#9796,#9797);
#8604=AXIS2_PLACEMENT_3D('',#11878,#9798,#9799);
#8605=AXIS2_PLACEMENT_3D('',#11879,#9800,#9801);
#8606=AXIS2_PLACEMENT_3D('',#11880,#9802,#9803);
#8607=AXIS2_PLACEMENT_3D('',#11881,#9804,#9805);
#8608=AXIS2_PLACEMENT_3D('',#11882,#9806,#9807);
#8609=AXIS2_PLACEMENT_3D('',#11883,#9808,#9809);
#8610=AXIS2_PLACEMENT_3D('',#11884,#9810,#9811);
#8611=AXIS2_PLACEMENT_3D('',#11885,#9812,#9813);
#8612=AXIS2_PLACEMENT_3D('',#11886,#9814,#9815);
#8613=AXIS2_PLACEMENT_3D('',#11887,#9816,#9817);
#8614=AXIS2_PLACEMENT_3D('',#11888,#9818,#9819);
#8615=AXIS2_PLACEMENT_3D('',#11889,#9820,#9821);
#8616=AXIS2_PLACEMENT_3D('',#12144,#9909,#9910);
#8617=AXIS2_PLACEMENT_3D('',#12161,#9919,#9920);
#8618=AXIS2_PLACEMENT_3D('',#12170,#9925,#9926);
#8619=AXIS2_PLACEMENT_3D('',#12173,#9929,#9930);
#8620=AXIS2_PLACEMENT_3D('',#12176,#9933,#9934);
#8621=AXIS2_PLACEMENT_3D('',#12177,#9935,#9936);
#8622=AXIS2_PLACEMENT_3D('',#12179,#9937,#9938);
#8623=AXIS2_PLACEMENT_3D('',#12181,#9939,#9940);
#8624=AXIS2_PLACEMENT_3D('',#12182,#9941,#9942);
#8625=AXIS2_PLACEMENT_3D('',#12184,#9943,#9944);
#8626=AXIS2_PLACEMENT_3D('',#12186,#9945,#9946);
#8627=AXIS2_PLACEMENT_3D('',#12187,#9947,#9948);
#8628=AXIS2_PLACEMENT_3D('',#12189,#9949,#9950);
#8629=AXIS2_PLACEMENT_3D('',#12191,#9951,#9952);
#8630=AXIS2_PLACEMENT_3D('',#12192,#9953,#9954);
#8631=AXIS2_PLACEMENT_3D('',#12194,#9955,#9956);
#8632=AXIS2_PLACEMENT_3D('',#12196,#9957,#9958);
#8633=AXIS2_PLACEMENT_3D('',#12197,#9959,#9960);
#8634=AXIS2_PLACEMENT_3D('',#12211,#9968,#9969);
#8635=AXIS2_PLACEMENT_3D('',#12217,#9973,#9974);
#8636=AXIS2_PLACEMENT_3D('',#12228,#9981,#9982);
#8637=AXIS2_PLACEMENT_3D('',#12230,#9984,#9985);
#8638=AXIS2_PLACEMENT_3D('',#12231,#9986,#9987);
#8639=AXIS2_PLACEMENT_3D('',#12233,#9989,#9990);
#8640=AXIS2_PLACEMENT_3D('',#12236,#9993,#9994);
#8641=AXIS2_PLACEMENT_3D('',#12239,#9997,#9998);
#8642=AXIS2_PLACEMENT_3D('',#12241,#10000,#10001);
#8643=AXIS2_PLACEMENT_3D('',#12243,#10003,#10004);
#8644=AXIS2_PLACEMENT_3D('',#12244,#10005,#10006);
#8645=AXIS2_PLACEMENT_3D('',#12250,#10010,#10011);
#8646=AXIS2_PLACEMENT_3D('',#12254,#10014,#10015);
#8647=AXIS2_PLACEMENT_3D('',#12258,#10018,#10019);
#8648=AXIS2_PLACEMENT_3D('',#12262,#10022,#10023);
#8649=AXIS2_PLACEMENT_3D('',#12266,#10026,#10027);
#8650=AXIS2_PLACEMENT_3D('',#12270,#10030,#10031);
#8651=AXIS2_PLACEMENT_3D('',#12274,#10034,#10035);
#8652=AXIS2_PLACEMENT_3D('',#12278,#10038,#10039);
#8653=AXIS2_PLACEMENT_3D('',#12282,#10042,#10043);
#8654=AXIS2_PLACEMENT_3D('',#12286,#10046,#10047);
#8655=AXIS2_PLACEMENT_3D('',#12290,#10050,#10051);
#8656=AXIS2_PLACEMENT_3D('',#12294,#10054,#10055);
#8657=AXIS2_PLACEMENT_3D('',#12298,#10058,#10059);
#8658=AXIS2_PLACEMENT_3D('',#12302,#10062,#10063);
#8659=AXIS2_PLACEMENT_3D('',#12306,#10066,#10067);
#8660=AXIS2_PLACEMENT_3D('',#12308,#10069,#10070);
#8661=AXIS2_PLACEMENT_3D('',#12309,#10071,#10072);
#8662=AXIS2_PLACEMENT_3D('',#12315,#10076,#10077);
#8663=AXIS2_PLACEMENT_3D('',#12319,#10080,#10081);
#8664=AXIS2_PLACEMENT_3D('',#12323,#10084,#10085);
#8665=AXIS2_PLACEMENT_3D('',#12327,#10088,#10089);
#8666=AXIS2_PLACEMENT_3D('',#12331,#10092,#10093);
#8667=AXIS2_PLACEMENT_3D('',#12335,#10096,#10097);
#8668=AXIS2_PLACEMENT_3D('',#12339,#10100,#10101);
#8669=AXIS2_PLACEMENT_3D('',#12343,#10104,#10105);
#8670=AXIS2_PLACEMENT_3D('',#12347,#10108,#10109);
#8671=AXIS2_PLACEMENT_3D('',#12351,#10112,#10113);
#8672=AXIS2_PLACEMENT_3D('',#12355,#10116,#10117);
#8673=AXIS2_PLACEMENT_3D('',#12357,#10119,#10120);
#8674=AXIS2_PLACEMENT_3D('',#12358,#10121,#10122);
#8675=AXIS2_PLACEMENT_3D('',#12364,#10126,#10127);
#8676=AXIS2_PLACEMENT_3D('',#12368,#10130,#10131);
#8677=AXIS2_PLACEMENT_3D('',#12372,#10134,#10135);
#8678=AXIS2_PLACEMENT_3D('',#12376,#10138,#10139);
#8679=AXIS2_PLACEMENT_3D('',#12380,#10142,#10143);
#8680=AXIS2_PLACEMENT_3D('',#12384,#10146,#10147);
#8681=AXIS2_PLACEMENT_3D('',#12388,#10150,#10151);
#8682=AXIS2_PLACEMENT_3D('',#12392,#10154,#10155);
#8683=AXIS2_PLACEMENT_3D('',#12396,#10158,#10159);
#8684=AXIS2_PLACEMENT_3D('',#12400,#10162,#10163);
#8685=AXIS2_PLACEMENT_3D('',#12404,#10166,#10167);
#8686=AXIS2_PLACEMENT_3D('',#12408,#10170,#10171);
#8687=AXIS2_PLACEMENT_3D('',#12412,#10174,#10175);
#8688=AXIS2_PLACEMENT_3D('',#12416,#10178,#10179);
#8689=AXIS2_PLACEMENT_3D('',#12420,#10182,#10183);
#8690=AXIS2_PLACEMENT_3D('',#12422,#10185,#10186);
#8691=AXIS2_PLACEMENT_3D('',#12438,#10189,#10190);
#8692=AXIS2_PLACEMENT_3D('',#12442,#10193,#10194);
#8693=AXIS2_PLACEMENT_3D('',#12446,#10197,#10198);
#8694=AXIS2_PLACEMENT_3D('',#12450,#10201,#10202);
#8695=AXIS2_PLACEMENT_3D('',#12454,#10205,#10206);
#8696=AXIS2_PLACEMENT_3D('',#12458,#10209,#10210);
#8697=AXIS2_PLACEMENT_3D('',#12462,#10213,#10214);
#8698=AXIS2_PLACEMENT_3D('',#12492,#10219,#10220);
#8699=AXIS2_PLACEMENT_3D('',#12507,#10223,#10224);
#8700=AXIS2_PLACEMENT_3D('',#12523,#10227,#10228);
#8701=AXIS2_PLACEMENT_3D('',#12527,#10231,#10232);
#8702=AXIS2_PLACEMENT_3D('',#12531,#10235,#10236);
#8703=AXIS2_PLACEMENT_3D('',#12535,#10239,#10240);
#8704=AXIS2_PLACEMENT_3D('',#12539,#10243,#10244);
#8705=AXIS2_PLACEMENT_3D('',#12543,#10247,#10248);
#8706=AXIS2_PLACEMENT_3D('',#12547,#10251,#10252);
#8707=AXIS2_PLACEMENT_3D('',#12551,#10255,#10256);
#8708=AXIS2_PLACEMENT_3D('',#12555,#10259,#10260);
#8709=AXIS2_PLACEMENT_3D('',#12559,#10263,#10264);
#8710=AXIS2_PLACEMENT_3D('',#12563,#10267,#10268);
#8711=AXIS2_PLACEMENT_3D('',#12604,#10273,#10274);
#8712=AXIS2_PLACEMENT_3D('',#12620,#10277,#10278);
#8713=AXIS2_PLACEMENT_3D('',#12624,#10281,#10282);
#8714=AXIS2_PLACEMENT_3D('',#12628,#10285,#10286);
#8715=AXIS2_PLACEMENT_3D('',#12632,#10289,#10290);
#8716=AXIS2_PLACEMENT_3D('',#12636,#10293,#10294);
#8717=AXIS2_PLACEMENT_3D('',#12640,#10297,#10298);
#8718=AXIS2_PLACEMENT_3D('',#12644,#10301,#10302);
#8719=AXIS2_PLACEMENT_3D('',#12648,#10305,#10306);
#8720=AXIS2_PLACEMENT_3D('',#12652,#10309,#10310);
#8721=AXIS2_PLACEMENT_3D('',#12656,#10313,#10314);
#8722=AXIS2_PLACEMENT_3D('',#12660,#10317,#10318);
#8723=AXIS2_PLACEMENT_3D('',#12690,#10323,#10324);
#8724=AXIS2_PLACEMENT_3D('',#12720,#10329,#10330);
#8725=AXIS2_PLACEMENT_3D('',#12724,#10333,#10334);
#8726=AXIS2_PLACEMENT_3D('',#12728,#10337,#10338);
#8727=AXIS2_PLACEMENT_3D('',#12758,#10343,#10344);
#8728=AXIS2_PLACEMENT_3D('',#12825,#10351,#10352);
#8729=AXIS2_PLACEMENT_3D('',#12826,#10353,#10354);
#8730=AXIS2_PLACEMENT_3D('',#12827,#10355,#10356);
#8731=AXIS2_PLACEMENT_3D('',#12828,#10357,#10358);
#8732=AXIS2_PLACEMENT_3D('',#12833,#10360,#10361);
#8733=AXIS2_PLACEMENT_3D('',#12836,#10363,#10364);
#8734=AXIS2_PLACEMENT_3D('',#12842,#10368,#10369);
#8735=AXIS2_PLACEMENT_3D('',#12843,#10370,#10371);
#8736=AXIS2_PLACEMENT_3D('',#12847,#10373,#10374);
#8737=AXIS2_PLACEMENT_3D('',#12848,#10375,#10376);
#8738=AXIS2_PLACEMENT_3D('',#12854,#10380,#10381);
#8739=AXIS2_PLACEMENT_3D('',#12855,#10382,#10383);
#8740=AXIS2_PLACEMENT_3D('',#12859,#10385,#10386);
#8741=AXIS2_PLACEMENT_3D('',#12860,#10387,#10388);
#8742=AXIS2_PLACEMENT_3D('',#12866,#10392,#10393);
#8743=AXIS2_PLACEMENT_3D('',#12867,#10394,#10395);
#8744=AXIS2_PLACEMENT_3D('',#12871,#10397,#10398);
#8745=AXIS2_PLACEMENT_3D('',#12872,#10399,#10400);
#8746=AXIS2_PLACEMENT_3D('',#12873,#10401,#10402);
#8747=AXIS2_PLACEMENT_3D('',#12878,#10404,#10405);
#8748=AXIS2_PLACEMENT_3D('',#12881,#10407,#10408);
#8749=AXIS2_PLACEMENT_3D('',#12887,#10412,#10413);
#8750=AXIS2_PLACEMENT_3D('',#12888,#10414,#10415);
#8751=AXIS2_PLACEMENT_3D('',#12892,#10417,#10418);
#8752=AXIS2_PLACEMENT_3D('',#12893,#10419,#10420);
#8753=AXIS2_PLACEMENT_3D('',#12899,#10424,#10425);
#8754=AXIS2_PLACEMENT_3D('',#12900,#10426,#10427);
#8755=AXIS2_PLACEMENT_3D('',#12904,#10429,#10430);
#8756=AXIS2_PLACEMENT_3D('',#12905,#10431,#10432);
#8757=AXIS2_PLACEMENT_3D('',#12911,#10436,#10437);
#8758=AXIS2_PLACEMENT_3D('',#12912,#10438,#10439);
#8759=AXIS2_PLACEMENT_3D('',#12916,#10441,#10442);
#8760=AXIS2_PLACEMENT_3D('',#12917,#10443,#10444);
#8761=AXIS2_PLACEMENT_3D('',#12918,#10445,#10446);
#8762=AXIS2_PLACEMENT_3D('',#12923,#10448,#10449);
#8763=AXIS2_PLACEMENT_3D('',#12926,#10451,#10452);
#8764=AXIS2_PLACEMENT_3D('',#12932,#10456,#10457);
#8765=AXIS2_PLACEMENT_3D('',#12933,#10458,#10459);
#8766=AXIS2_PLACEMENT_3D('',#12937,#10461,#10462);
#8767=AXIS2_PLACEMENT_3D('',#12938,#10463,#10464);
#8768=AXIS2_PLACEMENT_3D('',#12944,#10468,#10469);
#8769=AXIS2_PLACEMENT_3D('',#12945,#10470,#10471);
#8770=AXIS2_PLACEMENT_3D('',#12949,#10473,#10474);
#8771=AXIS2_PLACEMENT_3D('',#12950,#10475,#10476);
#8772=AXIS2_PLACEMENT_3D('',#12956,#10480,#10481);
#8773=AXIS2_PLACEMENT_3D('',#12957,#10482,#10483);
#8774=AXIS2_PLACEMENT_3D('',#12961,#10485,#10486);
#8775=AXIS2_PLACEMENT_3D('',#12962,#10487,#10488);
#8776=AXIS2_PLACEMENT_3D('',#12963,#10489,#10490);
#8777=AXIS2_PLACEMENT_3D('',#12968,#10492,#10493);
#8778=AXIS2_PLACEMENT_3D('',#12971,#10495,#10496);
#8779=AXIS2_PLACEMENT_3D('',#12977,#10500,#10501);
#8780=AXIS2_PLACEMENT_3D('',#12978,#10502,#10503);
#8781=AXIS2_PLACEMENT_3D('',#12982,#10505,#10506);
#8782=AXIS2_PLACEMENT_3D('',#12983,#10507,#10508);
#8783=AXIS2_PLACEMENT_3D('',#12989,#10512,#10513);
#8784=AXIS2_PLACEMENT_3D('',#12990,#10514,#10515);
#8785=AXIS2_PLACEMENT_3D('',#12994,#10517,#10518);
#8786=AXIS2_PLACEMENT_3D('',#12995,#10519,#10520);
#8787=AXIS2_PLACEMENT_3D('',#13001,#10524,#10525);
#8788=AXIS2_PLACEMENT_3D('',#13002,#10526,#10527);
#8789=AXIS2_PLACEMENT_3D('',#13006,#10529,#10530);
#8790=AXIS2_PLACEMENT_3D('',#13007,#10531,#10532);
#8791=AXIS2_PLACEMENT_3D('',#13008,#10533,#10534);
#8792=AXIS2_PLACEMENT_3D('',#13013,#10536,#10537);
#8793=AXIS2_PLACEMENT_3D('',#13016,#10539,#10540);
#8794=AXIS2_PLACEMENT_3D('',#13022,#10544,#10545);
#8795=AXIS2_PLACEMENT_3D('',#13023,#10546,#10547);
#8796=AXIS2_PLACEMENT_3D('',#13027,#10549,#10550);
#8797=AXIS2_PLACEMENT_3D('',#13028,#10551,#10552);
#8798=AXIS2_PLACEMENT_3D('',#13034,#10556,#10557);
#8799=AXIS2_PLACEMENT_3D('',#13035,#10558,#10559);
#8800=AXIS2_PLACEMENT_3D('',#13039,#10561,#10562);
#8801=AXIS2_PLACEMENT_3D('',#13040,#10563,#10564);
#8802=AXIS2_PLACEMENT_3D('',#13046,#10568,#10569);
#8803=AXIS2_PLACEMENT_3D('',#13047,#10570,#10571);
#8804=AXIS2_PLACEMENT_3D('',#13051,#10573,#10574);
#8805=AXIS2_PLACEMENT_3D('',#13052,#10575,#10576);
#8806=AXIS2_PLACEMENT_3D('',#13053,#10577,#10578);
#8807=AXIS2_PLACEMENT_3D('',#13058,#10580,#10581);
#8808=AXIS2_PLACEMENT_3D('',#13061,#10583,#10584);
#8809=AXIS2_PLACEMENT_3D('',#13067,#10588,#10589);
#8810=AXIS2_PLACEMENT_3D('',#13068,#10590,#10591);
#8811=AXIS2_PLACEMENT_3D('',#13072,#10593,#10594);
#8812=AXIS2_PLACEMENT_3D('',#13073,#10595,#10596);
#8813=AXIS2_PLACEMENT_3D('',#13079,#10600,#10601);
#8814=AXIS2_PLACEMENT_3D('',#13080,#10602,#10603);
#8815=AXIS2_PLACEMENT_3D('',#13084,#10605,#10606);
#8816=AXIS2_PLACEMENT_3D('',#13085,#10607,#10608);
#8817=AXIS2_PLACEMENT_3D('',#13091,#10612,#10613);
#8818=AXIS2_PLACEMENT_3D('',#13092,#10614,#10615);
#8819=AXIS2_PLACEMENT_3D('',#13096,#10617,#10618);
#8820=AXIS2_PLACEMENT_3D('',#13097,#10619,#10620);
#8821=AXIS2_PLACEMENT_3D('',#13098,#10621,#10622);
#8822=AXIS2_PLACEMENT_3D('',#13103,#10624,#10625);
#8823=AXIS2_PLACEMENT_3D('',#13106,#10627,#10628);
#8824=AXIS2_PLACEMENT_3D('',#13112,#10632,#10633);
#8825=AXIS2_PLACEMENT_3D('',#13113,#10634,#10635);
#8826=AXIS2_PLACEMENT_3D('',#13117,#10637,#10638);
#8827=AXIS2_PLACEMENT_3D('',#13118,#10639,#10640);
#8828=AXIS2_PLACEMENT_3D('',#13124,#10644,#10645);
#8829=AXIS2_PLACEMENT_3D('',#13125,#10646,#10647);
#8830=AXIS2_PLACEMENT_3D('',#13129,#10649,#10650);
#8831=AXIS2_PLACEMENT_3D('',#13130,#10651,#10652);
#8832=AXIS2_PLACEMENT_3D('',#13136,#10656,#10657);
#8833=AXIS2_PLACEMENT_3D('',#13137,#10658,#10659);
#8834=AXIS2_PLACEMENT_3D('',#13141,#10661,#10662);
#8835=AXIS2_PLACEMENT_3D('',#13142,#10663,#10664);
#8836=AXIS2_PLACEMENT_3D('',#13143,#10665,#10666);
#8837=AXIS2_PLACEMENT_3D('',#13148,#10668,#10669);
#8838=AXIS2_PLACEMENT_3D('',#13151,#10671,#10672);
#8839=AXIS2_PLACEMENT_3D('',#13157,#10676,#10677);
#8840=AXIS2_PLACEMENT_3D('',#13158,#10678,#10679);
#8841=AXIS2_PLACEMENT_3D('',#13162,#10681,#10682);
#8842=AXIS2_PLACEMENT_3D('',#13163,#10683,#10684);
#8843=AXIS2_PLACEMENT_3D('',#13169,#10688,#10689);
#8844=AXIS2_PLACEMENT_3D('',#13170,#10690,#10691);
#8845=AXIS2_PLACEMENT_3D('',#13174,#10693,#10694);
#8846=AXIS2_PLACEMENT_3D('',#13175,#10695,#10696);
#8847=AXIS2_PLACEMENT_3D('',#13181,#10700,#10701);
#8848=AXIS2_PLACEMENT_3D('',#13182,#10702,#10703);
#8849=AXIS2_PLACEMENT_3D('',#13186,#10705,#10706);
#8850=AXIS2_PLACEMENT_3D('',#13187,#10707,#10708);
#8851=AXIS2_PLACEMENT_3D('',#13188,#10709,#10710);
#8852=AXIS2_PLACEMENT_3D('',#13193,#10712,#10713);
#8853=AXIS2_PLACEMENT_3D('',#13196,#10715,#10716);
#8854=AXIS2_PLACEMENT_3D('',#13202,#10720,#10721);
#8855=AXIS2_PLACEMENT_3D('',#13203,#10722,#10723);
#8856=AXIS2_PLACEMENT_3D('',#13207,#10725,#10726);
#8857=AXIS2_PLACEMENT_3D('',#13208,#10727,#10728);
#8858=AXIS2_PLACEMENT_3D('',#13214,#10732,#10733);
#8859=AXIS2_PLACEMENT_3D('',#13215,#10734,#10735);
#8860=AXIS2_PLACEMENT_3D('',#13219,#10737,#10738);
#8861=AXIS2_PLACEMENT_3D('',#13220,#10739,#10740);
#8862=AXIS2_PLACEMENT_3D('',#13226,#10744,#10745);
#8863=AXIS2_PLACEMENT_3D('',#13227,#10746,#10747);
#8864=AXIS2_PLACEMENT_3D('',#13231,#10749,#10750);
#8865=AXIS2_PLACEMENT_3D('',#13232,#10751,#10752);
#8866=AXIS2_PLACEMENT_3D('',#13233,#10753,#10754);
#8867=AXIS2_PLACEMENT_3D('',#13238,#10756,#10757);
#8868=AXIS2_PLACEMENT_3D('',#13241,#10759,#10760);
#8869=AXIS2_PLACEMENT_3D('',#13247,#10764,#10765);
#8870=AXIS2_PLACEMENT_3D('',#13248,#10766,#10767);
#8871=AXIS2_PLACEMENT_3D('',#13252,#10769,#10770);
#8872=AXIS2_PLACEMENT_3D('',#13253,#10771,#10772);
#8873=AXIS2_PLACEMENT_3D('',#13259,#10776,#10777);
#8874=AXIS2_PLACEMENT_3D('',#13260,#10778,#10779);
#8875=AXIS2_PLACEMENT_3D('',#13264,#10781,#10782);
#8876=AXIS2_PLACEMENT_3D('',#13265,#10783,#10784);
#8877=AXIS2_PLACEMENT_3D('',#13271,#10788,#10789);
#8878=AXIS2_PLACEMENT_3D('',#13272,#10790,#10791);
#8879=AXIS2_PLACEMENT_3D('',#13276,#10793,#10794);
#8880=AXIS2_PLACEMENT_3D('',#13277,#10795,#10796);
#8881=AXIS2_PLACEMENT_3D('',#13278,#10797,#10798);
#8882=AXIS2_PLACEMENT_3D('',#13283,#10800,#10801);
#8883=AXIS2_PLACEMENT_3D('',#13286,#10803,#10804);
#8884=AXIS2_PLACEMENT_3D('',#13292,#10808,#10809);
#8885=AXIS2_PLACEMENT_3D('',#13293,#10810,#10811);
#8886=AXIS2_PLACEMENT_3D('',#13297,#10813,#10814);
#8887=AXIS2_PLACEMENT_3D('',#13298,#10815,#10816);
#8888=AXIS2_PLACEMENT_3D('',#13304,#10820,#10821);
#8889=AXIS2_PLACEMENT_3D('',#13305,#10822,#10823);
#8890=AXIS2_PLACEMENT_3D('',#13309,#10825,#10826);
#8891=AXIS2_PLACEMENT_3D('',#13310,#10827,#10828);
#8892=AXIS2_PLACEMENT_3D('',#13316,#10832,#10833);
#8893=AXIS2_PLACEMENT_3D('',#13317,#10834,#10835);
#8894=AXIS2_PLACEMENT_3D('',#13321,#10837,#10838);
#8895=AXIS2_PLACEMENT_3D('',#13322,#10839,#10840);
#8896=AXIS2_PLACEMENT_3D('',#13323,#10841,#10842);
#8897=AXIS2_PLACEMENT_3D('',#13328,#10844,#10845);
#8898=AXIS2_PLACEMENT_3D('',#13331,#10847,#10848);
#8899=AXIS2_PLACEMENT_3D('',#13337,#10852,#10853);
#8900=AXIS2_PLACEMENT_3D('',#13338,#10854,#10855);
#8901=AXIS2_PLACEMENT_3D('',#13342,#10857,#10858);
#8902=AXIS2_PLACEMENT_3D('',#13343,#10859,#10860);
#8903=AXIS2_PLACEMENT_3D('',#13349,#10864,#10865);
#8904=AXIS2_PLACEMENT_3D('',#13350,#10866,#10867);
#8905=AXIS2_PLACEMENT_3D('',#13354,#10869,#10870);
#8906=AXIS2_PLACEMENT_3D('',#13355,#10871,#10872);
#8907=AXIS2_PLACEMENT_3D('',#13361,#10876,#10877);
#8908=AXIS2_PLACEMENT_3D('',#13362,#10878,#10879);
#8909=AXIS2_PLACEMENT_3D('',#13366,#10881,#10882);
#8910=AXIS2_PLACEMENT_3D('',#13367,#10883,#10884);
#8911=AXIS2_PLACEMENT_3D('',#13368,#10885,#10886);
#8912=AXIS2_PLACEMENT_3D('',#13373,#10888,#10889);
#8913=AXIS2_PLACEMENT_3D('',#13376,#10891,#10892);
#8914=AXIS2_PLACEMENT_3D('',#13382,#10896,#10897);
#8915=AXIS2_PLACEMENT_3D('',#13383,#10898,#10899);
#8916=AXIS2_PLACEMENT_3D('',#13387,#10901,#10902);
#8917=AXIS2_PLACEMENT_3D('',#13388,#10903,#10904);
#8918=AXIS2_PLACEMENT_3D('',#13394,#10908,#10909);
#8919=AXIS2_PLACEMENT_3D('',#13395,#10910,#10911);
#8920=AXIS2_PLACEMENT_3D('',#13399,#10913,#10914);
#8921=AXIS2_PLACEMENT_3D('',#13400,#10915,#10916);
#8922=AXIS2_PLACEMENT_3D('',#13406,#10920,#10921);
#8923=AXIS2_PLACEMENT_3D('',#13407,#10922,#10923);
#8924=AXIS2_PLACEMENT_3D('',#13411,#10925,#10926);
#8925=AXIS2_PLACEMENT_3D('',#13412,#10927,#10928);
#8926=AXIS2_PLACEMENT_3D('',#13413,#10929,#10930);
#8927=AXIS2_PLACEMENT_3D('',#13418,#10932,#10933);
#8928=AXIS2_PLACEMENT_3D('',#13421,#10935,#10936);
#8929=AXIS2_PLACEMENT_3D('',#13427,#10940,#10941);
#8930=AXIS2_PLACEMENT_3D('',#13428,#10942,#10943);
#8931=AXIS2_PLACEMENT_3D('',#13432,#10945,#10946);
#8932=AXIS2_PLACEMENT_3D('',#13433,#10947,#10948);
#8933=AXIS2_PLACEMENT_3D('',#13439,#10952,#10953);
#8934=AXIS2_PLACEMENT_3D('',#13440,#10954,#10955);
#8935=AXIS2_PLACEMENT_3D('',#13444,#10957,#10958);
#8936=AXIS2_PLACEMENT_3D('',#13445,#10959,#10960);
#8937=AXIS2_PLACEMENT_3D('',#13451,#10964,#10965);
#8938=AXIS2_PLACEMENT_3D('',#13452,#10966,#10967);
#8939=AXIS2_PLACEMENT_3D('',#13456,#10969,#10970);
#8940=AXIS2_PLACEMENT_3D('',#13457,#10971,#10972);
#8941=AXIS2_PLACEMENT_3D('',#13458,#10973,#10974);
#8942=AXIS2_PLACEMENT_3D('',#13463,#10976,#10977);
#8943=AXIS2_PLACEMENT_3D('',#13466,#10979,#10980);
#8944=AXIS2_PLACEMENT_3D('',#13472,#10984,#10985);
#8945=AXIS2_PLACEMENT_3D('',#13473,#10986,#10987);
#8946=AXIS2_PLACEMENT_3D('',#13477,#10989,#10990);
#8947=AXIS2_PLACEMENT_3D('',#13478,#10991,#10992);
#8948=AXIS2_PLACEMENT_3D('',#13484,#10996,#10997);
#8949=AXIS2_PLACEMENT_3D('',#13485,#10998,#10999);
#8950=AXIS2_PLACEMENT_3D('',#13489,#11001,#11002);
#8951=AXIS2_PLACEMENT_3D('',#13490,#11003,#11004);
#8952=AXIS2_PLACEMENT_3D('',#13496,#11008,#11009);
#8953=AXIS2_PLACEMENT_3D('',#13497,#11010,#11011);
#8954=AXIS2_PLACEMENT_3D('',#13501,#11013,#11014);
#8955=AXIS2_PLACEMENT_3D('',#13502,#11015,#11016);
#8956=AXIS2_PLACEMENT_3D('',#13503,#11017,#11018);
#8957=AXIS2_PLACEMENT_3D('',#13508,#11020,#11021);
#8958=AXIS2_PLACEMENT_3D('',#13511,#11023,#11024);
#8959=AXIS2_PLACEMENT_3D('',#13517,#11028,#11029);
#8960=AXIS2_PLACEMENT_3D('',#13518,#11030,#11031);
#8961=AXIS2_PLACEMENT_3D('',#13522,#11033,#11034);
#8962=AXIS2_PLACEMENT_3D('',#13523,#11035,#11036);
#8963=AXIS2_PLACEMENT_3D('',#13529,#11040,#11041);
#8964=AXIS2_PLACEMENT_3D('',#13530,#11042,#11043);
#8965=AXIS2_PLACEMENT_3D('',#13534,#11045,#11046);
#8966=AXIS2_PLACEMENT_3D('',#13535,#11047,#11048);
#8967=AXIS2_PLACEMENT_3D('',#13541,#11052,#11053);
#8968=AXIS2_PLACEMENT_3D('',#13542,#11054,#11055);
#8969=AXIS2_PLACEMENT_3D('',#13546,#11057,#11058);
#8970=AXIS2_PLACEMENT_3D('',#13547,#11059,#11060);
#8971=AXIS2_PLACEMENT_3D('',#13556,#11065,#11066);
#8972=AXIS2_PLACEMENT_3D('',#13562,#11070,#11071);
#8973=AXIS2_PLACEMENT_3D('',#13568,#11075,#11076);
#8974=AXIS2_PLACEMENT_3D('',#13577,#11081,#11082);
#8975=AXIS2_PLACEMENT_3D('',#13583,#11086,#11087);
#8976=AXIS2_PLACEMENT_3D('',#13589,#11091,#11092);
#8977=AXIS2_PLACEMENT_3D('',#13598,#11097,#11098);
#8978=AXIS2_PLACEMENT_3D('',#13604,#11102,#11103);
#8979=AXIS2_PLACEMENT_3D('',#13610,#11107,#11108);
#8980=AXIS2_PLACEMENT_3D('',#13613,#11111,#11112);
#8981=AXIS2_PLACEMENT_3D('',#13616,#11115,#11116);
#8982=AXIS2_PLACEMENT_3D('',#13619,#11119,#11120);
#8983=AXIS2_PLACEMENT_3D('',#13622,#11123,#11124);
#8984=AXIS2_PLACEMENT_3D('',#13625,#11127,#11128);
#8985=AXIS2_PLACEMENT_3D('',#13628,#11131,#11132);
#8986=AXIS2_PLACEMENT_3D('',#13631,#11135,#11136);
#8987=AXIS2_PLACEMENT_3D('',#13634,#11139,#11140);
#8988=AXIS2_PLACEMENT_3D('',#13637,#11143,#11144);
#8989=AXIS2_PLACEMENT_3D('',#13640,#11147,#11148);
#8990=AXIS2_PLACEMENT_3D('',#13643,#11151,#11152);
#8991=AXIS2_PLACEMENT_3D('',#13646,#11155,#11156);
#8992=AXIS2_PLACEMENT_3D('',#13649,#11159,#11160);
#8993=AXIS2_PLACEMENT_3D('',#13652,#11163,#11164);
#8994=AXIS2_PLACEMENT_3D('',#13655,#11167,#11168);
#8995=AXIS2_PLACEMENT_3D('',#13658,#11171,#11172);
#8996=AXIS2_PLACEMENT_3D('',#13661,#11175,#11176);
#8997=AXIS2_PLACEMENT_3D('',#13664,#11179,#11180);
#8998=AXIS2_PLACEMENT_3D('',#13665,#11181,#11182);
#8999=AXIS2_PLACEMENT_3D('',#13667,#11183,#11184);
#9000=AXIS2_PLACEMENT_3D('',#13669,#11185,#11186);
#9001=AXIS2_PLACEMENT_3D('',#13670,#11187,#11188);
#9002=AXIS2_PLACEMENT_3D('',#13672,#11189,#11190);
#9003=AXIS2_PLACEMENT_3D('',#13674,#11191,#11192);
#9004=AXIS2_PLACEMENT_3D('',#13675,#11193,#11194);
#9005=AXIS2_PLACEMENT_3D('',#13677,#11195,#11196);
#9006=AXIS2_PLACEMENT_3D('',#13679,#11197,#11198);
#9007=AXIS2_PLACEMENT_3D('',#13680,#11199,#11200);
#9008=AXIS2_PLACEMENT_3D('',#13682,#11201,#11202);
#9009=AXIS2_PLACEMENT_3D('',#13684,#11203,#11204);
#9010=AXIS2_PLACEMENT_3D('',#13687,#11207,#11208);
#9011=AXIS2_PLACEMENT_3D('',#13688,#11209,#11210);
#9012=DIRECTION('',(0.,0.,1.));
#9013=DIRECTION('',(1.,0.,0.));
#9014=DIRECTION('',(0.,-1.,0.));
#9015=DIRECTION('',(-1.,0.,0.));
#9016=DIRECTION('',(0.,0.,-1.));
#9017=DIRECTION('',(-1.,0.,0.));
#9018=DIRECTION('',(0.,0.,-1.));
#9019=DIRECTION('',(1.,0.,0.));
#9020=DIRECTION('',(1.,0.,0.));
#9021=DIRECTION('',(0.,-1.,0.));
#9022=DIRECTION('',(0.,0.,-1.));
#9023=DIRECTION('',(0.,-1.,0.));
#9024=DIRECTION('',(0.,1.,0.));
#9025=DIRECTION('',(-1.,0.,0.));
#9026=DIRECTION('',(0.,1.,0.));
#9027=DIRECTION('',(0.,1.,0.));
#9028=DIRECTION('',(0.,0.,-1.));
#9029=DIRECTION('',(0.,1.,0.));
#9030=DIRECTION('',(0.,0.,1.));
#9031=DIRECTION('',(1.,0.,0.));
#9032=DIRECTION('',(1.,0.,0.));
#9033=DIRECTION('',(0.,0.,-1.));
#9034=DIRECTION('',(-1.,0.,0.));
#9035=DIRECTION('',(0.,0.,-1.));
#9036=DIRECTION('',(-1.,0.,0.));
#9037=DIRECTION('',(0.,0.,-1.));
#9038=DIRECTION('',(-1.,0.,0.));
#9039=DIRECTION('',(0.,0.,-1.));
#9040=DIRECTION('',(-1.,0.,0.));
#9041=DIRECTION('',(0.,0.,-1.));
#9042=DIRECTION('',(-1.,0.,0.));
#9043=DIRECTION('',(0.,0.,-1.));
#9044=DIRECTION('',(-1.,0.,0.));
#9045=DIRECTION('',(0.,0.,-1.));
#9046=DIRECTION('',(-1.,0.,0.));
#9047=DIRECTION('',(0.,0.,-1.));
#9048=DIRECTION('',(-1.,0.,0.));
#9049=DIRECTION('',(0.,0.,-1.));
#9050=DIRECTION('',(-1.,0.,0.));
#9051=DIRECTION('',(0.,0.,-1.));
#9052=DIRECTION('',(-1.,0.,0.));
#9053=DIRECTION('',(0.,0.,-1.));
#9054=DIRECTION('',(-1.,0.,0.));
#9055=DIRECTION('',(0.,0.,-1.));
#9056=DIRECTION('',(-1.,0.,0.));
#9057=DIRECTION('',(0.,0.,-1.));
#9058=DIRECTION('',(-1.,0.,0.));
#9059=DIRECTION('',(0.,0.,-1.));
#9060=DIRECTION('',(-1.,0.,0.));
#9061=DIRECTION('',(0.,0.,-1.));
#9062=DIRECTION('',(-1.,0.,0.));
#9063=DIRECTION('',(0.,0.,-1.));
#9064=DIRECTION('',(-1.,0.,0.));
#9065=DIRECTION('',(0.,0.,-1.));
#9066=DIRECTION('',(-1.,0.,0.));
#9067=DIRECTION('',(0.,0.,-1.));
#9068=DIRECTION('',(-1.,0.,0.));
#9069=DIRECTION('',(0.,0.,-1.));
#9070=DIRECTION('',(-1.,0.,0.));
#9071=DIRECTION('',(0.,0.,-1.));
#9072=DIRECTION('',(-1.,0.,0.));
#9073=DIRECTION('',(0.,0.,-1.));
#9074=DIRECTION('',(-1.,0.,0.));
#9075=DIRECTION('',(0.,0.,-1.));
#9076=DIRECTION('',(-1.,0.,0.));
#9077=DIRECTION('',(0.,0.,-1.));
#9078=DIRECTION('',(-1.,0.,0.));
#9079=DIRECTION('',(0.,0.,-1.));
#9080=DIRECTION('',(-1.,0.,0.));
#9081=DIRECTION('',(0.,0.,-1.));
#9082=DIRECTION('',(-1.,0.,0.));
#9083=DIRECTION('',(0.,0.,-1.));
#9084=DIRECTION('',(-1.,0.,0.));
#9085=DIRECTION('',(0.,0.,-1.));
#9086=DIRECTION('',(-1.,0.,0.));
#9087=DIRECTION('',(0.,0.,-1.));
#9088=DIRECTION('',(-1.,0.,0.));
#9089=DIRECTION('',(0.,0.,-1.));
#9090=DIRECTION('',(-1.,0.,0.));
#9091=DIRECTION('',(0.,0.,-1.));
#9092=DIRECTION('',(-1.,0.,0.));
#9093=DIRECTION('',(0.,0.,-1.));
#9094=DIRECTION('',(-1.,0.,0.));
#9095=DIRECTION('',(0.,0.,-1.));
#9096=DIRECTION('',(-1.,0.,0.));
#9097=DIRECTION('',(0.,0.,-1.));
#9098=DIRECTION('',(-1.,0.,0.));
#9099=DIRECTION('',(0.,0.,-1.));
#9100=DIRECTION('',(-1.,0.,0.));
#9101=DIRECTION('',(0.,0.,-1.));
#9102=DIRECTION('',(-1.,0.,0.));
#9103=DIRECTION('',(0.,0.,-1.));
#9104=DIRECTION('',(-1.,0.,0.));
#9105=DIRECTION('',(0.,0.,-1.));
#9106=DIRECTION('',(-1.,0.,0.));
#9107=DIRECTION('',(0.,0.,-1.));
#9108=DIRECTION('',(-1.,0.,0.));
#9109=DIRECTION('',(0.,0.,-1.));
#9110=DIRECTION('',(-1.,0.,0.));
#9111=DIRECTION('',(0.,0.,-1.));
#9112=DIRECTION('',(-1.,0.,0.));
#9113=DIRECTION('',(0.,0.,-1.));
#9114=DIRECTION('',(-1.,0.,0.));
#9115=DIRECTION('',(0.,0.,-1.));
#9116=DIRECTION('',(-1.,0.,0.));
#9117=DIRECTION('',(0.,0.,-1.));
#9118=DIRECTION('',(-1.,0.,0.));
#9119=DIRECTION('',(0.,0.,-1.));
#9120=DIRECTION('',(-1.,0.,0.));
#9121=DIRECTION('',(0.,0.,-1.));
#9122=DIRECTION('',(-1.,0.,0.));
#9123=DIRECTION('',(0.,0.,-1.));
#9124=DIRECTION('',(-1.,0.,0.));
#9125=DIRECTION('',(0.,0.,-1.));
#9126=DIRECTION('',(-1.,0.,0.));
#9127=DIRECTION('',(0.,0.,-1.));
#9128=DIRECTION('',(-1.,0.,0.));
#9129=DIRECTION('',(0.,0.,-1.));
#9130=DIRECTION('',(-1.,0.,0.));
#9131=DIRECTION('',(0.,0.,-1.));
#9132=DIRECTION('',(-1.,0.,0.));
#9133=DIRECTION('',(0.,0.,-1.));
#9134=DIRECTION('',(-1.,0.,0.));
#9135=DIRECTION('',(0.,0.,-1.));
#9136=DIRECTION('',(-1.,0.,0.));
#9137=DIRECTION('',(0.,0.,-1.));
#9138=DIRECTION('',(-1.,0.,0.));
#9139=DIRECTION('',(0.,0.,-1.));
#9140=DIRECTION('',(-1.,0.,0.));
#9141=DIRECTION('',(0.,0.,-1.));
#9142=DIRECTION('',(-1.,0.,0.));
#9143=DIRECTION('',(0.,0.,-1.));
#9144=DIRECTION('',(-1.,0.,0.));
#9145=DIRECTION('',(0.,0.,-1.));
#9146=DIRECTION('',(-1.,0.,0.));
#9147=DIRECTION('',(0.,0.,-1.));
#9148=DIRECTION('',(-1.,0.,0.));
#9149=DIRECTION('',(0.,0.,-1.));
#9150=DIRECTION('',(-1.,0.,0.));
#9151=DIRECTION('',(0.,0.,-1.));
#9152=DIRECTION('',(-1.,0.,0.));
#9153=DIRECTION('',(0.,0.,-1.));
#9154=DIRECTION('',(-1.,0.,0.));
#9155=DIRECTION('',(0.,0.,-1.));
#9156=DIRECTION('',(-1.,0.,0.));
#9157=DIRECTION('',(0.,0.,-1.));
#9158=DIRECTION('',(-1.,0.,0.));
#9159=DIRECTION('',(0.,0.,-1.));
#9160=DIRECTION('',(-1.,0.,0.));
#9161=DIRECTION('',(0.,0.,-1.));
#9162=DIRECTION('',(-1.,0.,0.));
#9163=DIRECTION('',(0.,0.,-1.));
#9164=DIRECTION('',(-1.,0.,0.));
#9165=DIRECTION('',(0.,0.,-1.));
#9166=DIRECTION('',(-1.,0.,0.));
#9167=DIRECTION('',(0.,0.,-1.));
#9168=DIRECTION('',(-1.,0.,0.));
#9169=DIRECTION('',(0.,0.,-1.));
#9170=DIRECTION('',(-1.,0.,0.));
#9171=DIRECTION('',(0.,0.,-1.));
#9172=DIRECTION('',(-1.,0.,0.));
#9173=DIRECTION('',(0.,0.,-1.));
#9174=DIRECTION('',(-1.,0.,0.));
#9175=DIRECTION('',(0.,0.,-1.));
#9176=DIRECTION('',(-1.,0.,0.));
#9177=DIRECTION('',(0.,0.,-1.));
#9178=DIRECTION('',(-1.,0.,0.));
#9179=DIRECTION('',(0.,0.,-1.));
#9180=DIRECTION('',(-1.,0.,0.));
#9181=DIRECTION('',(0.,0.,-1.));
#9182=DIRECTION('',(-1.,0.,0.));
#9183=DIRECTION('',(0.,0.,-1.));
#9184=DIRECTION('',(-1.,0.,0.));
#9185=DIRECTION('',(0.,0.,-1.));
#9186=DIRECTION('',(-1.,0.,0.));
#9187=DIRECTION('',(0.,0.,-1.));
#9188=DIRECTION('',(-1.,0.,0.));
#9189=DIRECTION('',(0.,0.,-1.));
#9190=DIRECTION('',(-1.,0.,0.));
#9191=DIRECTION('',(0.,0.,-1.));
#9192=DIRECTION('',(-1.,0.,0.));
#9193=DIRECTION('',(0.,0.,-1.));
#9194=DIRECTION('',(-1.,0.,0.));
#9195=DIRECTION('',(0.,0.,-1.));
#9196=DIRECTION('',(-1.,0.,0.));
#9197=DIRECTION('',(0.,0.,-1.));
#9198=DIRECTION('',(-1.,0.,0.));
#9199=DIRECTION('',(0.,0.,-1.));
#9200=DIRECTION('',(-1.,0.,0.));
#9201=DIRECTION('',(0.,0.,-1.));
#9202=DIRECTION('',(-1.,0.,0.));
#9203=DIRECTION('',(0.,0.,-1.));
#9204=DIRECTION('',(-1.,0.,0.));
#9205=DIRECTION('',(0.,0.,-1.));
#9206=DIRECTION('',(-1.,0.,0.));
#9207=DIRECTION('',(0.,0.,-1.));
#9208=DIRECTION('',(-1.,0.,0.));
#9209=DIRECTION('',(0.,0.,-1.));
#9210=DIRECTION('',(-1.,0.,0.));
#9211=DIRECTION('',(0.,0.,-1.));
#9212=DIRECTION('',(-1.,0.,0.));
#9213=DIRECTION('',(0.,0.,-1.));
#9214=DIRECTION('',(-1.,0.,0.));
#9215=DIRECTION('',(0.,0.,-1.));
#9216=DIRECTION('',(-1.,0.,0.));
#9217=DIRECTION('',(0.,0.,-1.));
#9218=DIRECTION('',(-1.,0.,0.));
#9219=DIRECTION('',(0.,0.,-1.));
#9220=DIRECTION('',(-1.,0.,0.));
#9221=DIRECTION('',(0.,0.,-1.));
#9222=DIRECTION('',(-1.,0.,0.));
#9223=DIRECTION('',(0.,0.,-1.));
#9224=DIRECTION('',(-1.,0.,0.));
#9225=DIRECTION('',(0.,0.,-1.));
#9226=DIRECTION('',(-1.,0.,0.));
#9227=DIRECTION('',(0.,0.,-1.));
#9228=DIRECTION('',(-1.,0.,0.));
#9229=DIRECTION('',(0.,0.,-1.));
#9230=DIRECTION('',(-1.,0.,0.));
#9231=DIRECTION('',(0.,0.,-1.));
#9232=DIRECTION('',(-1.,0.,0.));
#9233=DIRECTION('',(0.,0.,-1.));
#9234=DIRECTION('',(-1.,0.,0.));
#9235=DIRECTION('',(0.,0.,-1.));
#9236=DIRECTION('',(-1.,0.,0.));
#9237=DIRECTION('',(0.,0.,-1.));
#9238=DIRECTION('',(-1.,0.,0.));
#9239=DIRECTION('',(0.,0.,-1.));
#9240=DIRECTION('',(-1.,0.,0.));
#9241=DIRECTION('',(0.,0.,-1.));
#9242=DIRECTION('',(-1.,0.,0.));
#9243=DIRECTION('',(0.,0.,-1.));
#9244=DIRECTION('',(-1.,0.,0.));
#9245=DIRECTION('',(0.,0.,-1.));
#9246=DIRECTION('',(-1.,0.,0.));
#9247=DIRECTION('',(0.,0.,-1.));
#9248=DIRECTION('',(-1.,0.,0.));
#9249=DIRECTION('',(0.,0.,-1.));
#9250=DIRECTION('',(-1.,0.,0.));
#9251=DIRECTION('',(0.,0.,-1.));
#9252=DIRECTION('',(-1.,0.,0.));
#9253=DIRECTION('',(0.,0.,-1.));
#9254=DIRECTION('',(-1.,0.,0.));
#9255=DIRECTION('',(0.,0.,-1.));
#9256=DIRECTION('',(-1.,0.,0.));
#9257=DIRECTION('',(0.,0.,-1.));
#9258=DIRECTION('',(-1.,0.,0.));
#9259=DIRECTION('',(0.,0.,-1.));
#9260=DIRECTION('',(-1.,0.,0.));
#9261=DIRECTION('',(0.,0.,-1.));
#9262=DIRECTION('',(-1.,0.,0.));
#9263=DIRECTION('',(0.,0.,-1.));
#9264=DIRECTION('',(-1.,0.,0.));
#9265=DIRECTION('',(0.,0.,-1.));
#9266=DIRECTION('',(-1.,0.,0.));
#9267=DIRECTION('',(0.,0.,-1.));
#9268=DIRECTION('',(-1.,0.,0.));
#9269=DIRECTION('',(0.,0.,-1.));
#9270=DIRECTION('',(-1.,0.,0.));
#9271=DIRECTION('',(0.,0.,-1.));
#9272=DIRECTION('',(-1.,0.,0.));
#9273=DIRECTION('',(0.,0.,-1.));
#9274=DIRECTION('',(-1.,0.,0.));
#9275=DIRECTION('',(0.,0.,-1.));
#9276=DIRECTION('',(-1.,0.,0.));
#9277=DIRECTION('',(0.,0.,-1.));
#9278=DIRECTION('',(-1.,0.,0.));
#9279=DIRECTION('',(0.,0.,-1.));
#9280=DIRECTION('',(-1.,0.,0.));
#9281=DIRECTION('',(0.,0.,-1.));
#9282=DIRECTION('',(-1.,0.,0.));
#9283=DIRECTION('',(0.,0.,-1.));
#9284=DIRECTION('',(-1.,0.,0.));
#9285=DIRECTION('',(0.,0.,-1.));
#9286=DIRECTION('',(-1.,0.,0.));
#9287=DIRECTION('',(0.,0.,-1.));
#9288=DIRECTION('',(-1.,0.,0.));
#9289=DIRECTION('',(0.,0.,-1.));
#9290=DIRECTION('',(-1.,0.,0.));
#9291=DIRECTION('',(0.,0.,-1.));
#9292=DIRECTION('',(-1.,0.,0.));
#9293=DIRECTION('',(0.,0.,1.));
#9294=DIRECTION('',(1.,0.,0.));
#9295=DIRECTION('',(1.,0.,0.));
#9296=DIRECTION('',(0.,0.,-1.));
#9297=DIRECTION('',(-1.,0.,0.));
#9298=DIRECTION('',(0.,0.,-1.));
#9299=DIRECTION('',(-1.,0.,0.));
#9300=DIRECTION('',(0.,0.,-1.));
#9301=DIRECTION('',(-1.,0.,0.));
#9302=DIRECTION('',(0.,0.,-1.));
#9303=DIRECTION('',(-1.,0.,0.));
#9304=DIRECTION('',(0.,0.,-1.));
#9305=DIRECTION('',(-1.,0.,0.));
#9306=DIRECTION('',(0.,0.,-1.));
#9307=DIRECTION('',(-1.,0.,0.));
#9308=DIRECTION('',(0.,0.,-1.));
#9309=DIRECTION('',(-1.,0.,0.));
#9310=DIRECTION('',(0.,0.,-1.));
#9311=DIRECTION('',(-1.,0.,0.));
#9312=DIRECTION('',(0.,0.,-1.));
#9313=DIRECTION('',(-1.,0.,0.));
#9314=DIRECTION('',(0.,0.,-1.));
#9315=DIRECTION('',(-1.,0.,0.));
#9316=DIRECTION('',(0.,0.,-1.));
#9317=DIRECTION('',(-1.,0.,0.));
#9318=DIRECTION('',(0.,0.,-1.));
#9319=DIRECTION('',(-1.,0.,0.));
#9320=DIRECTION('',(0.,0.,-1.));
#9321=DIRECTION('',(-1.,0.,0.));
#9322=DIRECTION('',(0.,0.,-1.));
#9323=DIRECTION('',(-1.,0.,0.));
#9324=DIRECTION('',(0.,0.,-1.));
#9325=DIRECTION('',(-1.,0.,0.));
#9326=DIRECTION('',(0.,0.,-1.));
#9327=DIRECTION('',(-1.,0.,0.));
#9328=DIRECTION('',(0.,0.,-1.));
#9329=DIRECTION('',(-1.,0.,0.));
#9330=DIRECTION('',(0.,0.,-1.));
#9331=DIRECTION('',(-1.,0.,0.));
#9332=DIRECTION('',(0.,0.,-1.));
#9333=DIRECTION('',(-1.,0.,0.));
#9334=DIRECTION('',(0.,0.,-1.));
#9335=DIRECTION('',(-1.,0.,0.));
#9336=DIRECTION('',(0.,0.,-1.));
#9337=DIRECTION('',(-1.,0.,0.));
#9338=DIRECTION('',(0.,0.,-1.));
#9339=DIRECTION('',(-1.,0.,0.));
#9340=DIRECTION('',(0.,0.,-1.));
#9341=DIRECTION('',(-1.,0.,0.));
#9342=DIRECTION('',(0.,0.,-1.));
#9343=DIRECTION('',(-1.,0.,0.));
#9344=DIRECTION('',(0.,0.,-1.));
#9345=DIRECTION('',(-1.,0.,0.));
#9346=DIRECTION('',(0.,0.,-1.));
#9347=DIRECTION('',(-1.,0.,0.));
#9348=DIRECTION('',(0.,0.,-1.));
#9349=DIRECTION('',(-1.,0.,0.));
#9350=DIRECTION('',(0.,0.,-1.));
#9351=DIRECTION('',(-1.,0.,0.));
#9352=DIRECTION('',(0.,0.,-1.));
#9353=DIRECTION('',(-1.,0.,0.));
#9354=DIRECTION('',(0.,0.,-1.));
#9355=DIRECTION('',(-1.,0.,0.));
#9356=DIRECTION('',(0.,0.,-1.));
#9357=DIRECTION('',(-1.,0.,0.));
#9358=DIRECTION('',(0.,0.,-1.));
#9359=DIRECTION('',(-1.,0.,0.));
#9360=DIRECTION('',(0.,0.,-1.));
#9361=DIRECTION('',(-1.,0.,0.));
#9362=DIRECTION('',(0.,0.,-1.));
#9363=DIRECTION('',(-1.,0.,0.));
#9364=DIRECTION('',(0.,0.,-1.));
#9365=DIRECTION('',(-1.,0.,0.));
#9366=DIRECTION('',(0.,0.,-1.));
#9367=DIRECTION('',(-1.,0.,0.));
#9368=DIRECTION('',(0.,0.,-1.));
#9369=DIRECTION('',(-1.,0.,0.));
#9370=DIRECTION('',(0.,0.,-1.));
#9371=DIRECTION('',(-1.,0.,0.));
#9372=DIRECTION('',(0.,0.,-1.));
#9373=DIRECTION('',(-1.,0.,0.));
#9374=DIRECTION('',(0.,0.,-1.));
#9375=DIRECTION('',(-1.,0.,0.));
#9376=DIRECTION('',(0.,0.,-1.));
#9377=DIRECTION('',(-1.,0.,0.));
#9378=DIRECTION('',(0.,0.,-1.));
#9379=DIRECTION('',(-1.,0.,0.));
#9380=DIRECTION('',(0.,0.,-1.));
#9381=DIRECTION('',(-1.,0.,0.));
#9382=DIRECTION('',(0.,0.,-1.));
#9383=DIRECTION('',(-1.,0.,0.));
#9384=DIRECTION('',(0.,0.,-1.));
#9385=DIRECTION('',(-1.,0.,0.));
#9386=DIRECTION('',(0.,0.,-1.));
#9387=DIRECTION('',(-1.,0.,0.));
#9388=DIRECTION('',(0.,0.,-1.));
#9389=DIRECTION('',(-1.,0.,0.));
#9390=DIRECTION('',(0.,0.,-1.));
#9391=DIRECTION('',(-1.,0.,0.));
#9392=DIRECTION('',(0.,0.,-1.));
#9393=DIRECTION('',(-1.,0.,0.));
#9394=DIRECTION('',(0.,0.,-1.));
#9395=DIRECTION('',(-1.,0.,0.));
#9396=DIRECTION('',(0.,0.,-1.));
#9397=DIRECTION('',(-1.,0.,0.));
#9398=DIRECTION('',(0.,0.,-1.));
#9399=DIRECTION('',(-1.,0.,0.));
#9400=DIRECTION('',(0.,0.,-1.));
#9401=DIRECTION('',(-1.,0.,0.));
#9402=DIRECTION('',(0.,0.,-1.));
#9403=DIRECTION('',(-1.,0.,0.));
#9404=DIRECTION('',(0.,0.,-1.));
#9405=DIRECTION('',(-1.,0.,0.));
#9406=DIRECTION('',(0.,0.,-1.));
#9407=DIRECTION('',(-1.,0.,0.));
#9408=DIRECTION('',(0.,0.,-1.));
#9409=DIRECTION('',(-1.,0.,0.));
#9410=DIRECTION('',(0.,0.,-1.));
#9411=DIRECTION('',(-1.,0.,0.));
#9412=DIRECTION('',(0.,0.,-1.));
#9413=DIRECTION('',(-1.,0.,0.));
#9414=DIRECTION('',(0.,0.,-1.));
#9415=DIRECTION('',(-1.,0.,0.));
#9416=DIRECTION('',(0.,0.,-1.));
#9417=DIRECTION('',(-1.,0.,0.));
#9418=DIRECTION('',(0.,0.,-1.));
#9419=DIRECTION('',(-1.,0.,0.));
#9420=DIRECTION('',(0.,0.,-1.));
#9421=DIRECTION('',(-1.,0.,0.));
#9422=DIRECTION('',(0.,0.,-1.));
#9423=DIRECTION('',(-1.,0.,0.));
#9424=DIRECTION('',(0.,0.,-1.));
#9425=DIRECTION('',(-1.,0.,0.));
#9426=DIRECTION('',(0.,0.,-1.));
#9427=DIRECTION('',(-1.,0.,0.));
#9428=DIRECTION('',(0.,0.,-1.));
#9429=DIRECTION('',(-1.,0.,0.));
#9430=DIRECTION('',(0.,0.,-1.));
#9431=DIRECTION('',(-1.,0.,0.));
#9432=DIRECTION('',(0.,0.,-1.));
#9433=DIRECTION('',(-1.,0.,0.));
#9434=DIRECTION('',(0.,0.,-1.));
#9435=DIRECTION('',(-1.,0.,0.));
#9436=DIRECTION('',(0.,0.,-1.));
#9437=DIRECTION('',(-1.,0.,0.));
#9438=DIRECTION('',(0.,0.,-1.));
#9439=DIRECTION('',(-1.,0.,0.));
#9440=DIRECTION('',(0.,0.,-1.));
#9441=DIRECTION('',(-1.,0.,0.));
#9442=DIRECTION('',(0.,0.,-1.));
#9443=DIRECTION('',(-1.,0.,0.));
#9444=DIRECTION('',(0.,0.,-1.));
#9445=DIRECTION('',(-1.,0.,0.));
#9446=DIRECTION('',(0.,0.,-1.));
#9447=DIRECTION('',(-1.,0.,0.));
#9448=DIRECTION('',(0.,0.,-1.));
#9449=DIRECTION('',(-1.,0.,0.));
#9450=DIRECTION('',(0.,0.,-1.));
#9451=DIRECTION('',(-1.,0.,0.));
#9452=DIRECTION('',(0.,0.,-1.));
#9453=DIRECTION('',(-1.,0.,0.));
#9454=DIRECTION('',(0.,0.,-1.));
#9455=DIRECTION('',(-1.,0.,0.));
#9456=DIRECTION('',(0.,0.,-1.));
#9457=DIRECTION('',(-1.,0.,0.));
#9458=DIRECTION('',(0.,0.,-1.));
#9459=DIRECTION('',(-1.,0.,0.));
#9460=DIRECTION('',(0.,0.,-1.));
#9461=DIRECTION('',(-1.,0.,0.));
#9462=DIRECTION('',(0.,0.,-1.));
#9463=DIRECTION('',(-1.,0.,0.));
#9464=DIRECTION('',(0.,0.,-1.));
#9465=DIRECTION('',(-1.,0.,0.));
#9466=DIRECTION('',(0.,0.,-1.));
#9467=DIRECTION('',(-1.,0.,0.));
#9468=DIRECTION('',(0.,0.,-1.));
#9469=DIRECTION('',(-1.,0.,0.));
#9470=DIRECTION('',(0.,0.,-1.));
#9471=DIRECTION('',(-1.,0.,0.));
#9472=DIRECTION('',(0.,0.,-1.));
#9473=DIRECTION('',(-1.,0.,0.));
#9474=DIRECTION('',(0.,0.,-1.));
#9475=DIRECTION('',(-1.,0.,0.));
#9476=DIRECTION('',(0.,0.,-1.));
#9477=DIRECTION('',(-1.,0.,0.));
#9478=DIRECTION('',(0.,0.,-1.));
#9479=DIRECTION('',(-1.,0.,0.));
#9480=DIRECTION('',(0.,0.,-1.));
#9481=DIRECTION('',(-1.,0.,0.));
#9482=DIRECTION('',(0.,0.,-1.));
#9483=DIRECTION('',(-1.,0.,0.));
#9484=DIRECTION('',(0.,0.,-1.));
#9485=DIRECTION('',(-1.,0.,0.));
#9486=DIRECTION('',(0.,0.,-1.));
#9487=DIRECTION('',(-1.,0.,0.));
#9488=DIRECTION('',(0.,0.,-1.));
#9489=DIRECTION('',(-1.,0.,0.));
#9490=DIRECTION('',(0.,0.,-1.));
#9491=DIRECTION('',(-1.,0.,0.));
#9492=DIRECTION('',(0.,0.,-1.));
#9493=DIRECTION('',(-1.,0.,0.));
#9494=DIRECTION('',(0.,0.,-1.));
#9495=DIRECTION('',(-1.,0.,0.));
#9496=DIRECTION('',(0.,0.,-1.));
#9497=DIRECTION('',(-1.,0.,0.));
#9498=DIRECTION('',(0.,0.,-1.));
#9499=DIRECTION('',(-1.,0.,0.));
#9500=DIRECTION('',(0.,0.,-1.));
#9501=DIRECTION('',(-1.,0.,0.));
#9502=DIRECTION('',(0.,0.,-1.));
#9503=DIRECTION('',(-1.,0.,0.));
#9504=DIRECTION('',(0.,0.,-1.));
#9505=DIRECTION('',(-1.,0.,0.));
#9506=DIRECTION('',(0.,0.,-1.));
#9507=DIRECTION('',(-1.,0.,0.));
#9508=DIRECTION('',(0.,0.,-1.));
#9509=DIRECTION('',(-1.,0.,0.));
#9510=DIRECTION('',(0.,0.,-1.));
#9511=DIRECTION('',(-1.,0.,0.));
#9512=DIRECTION('',(0.,0.,-1.));
#9513=DIRECTION('',(-1.,0.,0.));
#9514=DIRECTION('',(0.,0.,-1.));
#9515=DIRECTION('',(-1.,0.,0.));
#9516=DIRECTION('',(0.,0.,-1.));
#9517=DIRECTION('',(-1.,0.,0.));
#9518=DIRECTION('',(0.,0.,-1.));
#9519=DIRECTION('',(-1.,0.,0.));
#9520=DIRECTION('',(0.,0.,-1.));
#9521=DIRECTION('',(-1.,0.,0.));
#9522=DIRECTION('',(0.,0.,-1.));
#9523=DIRECTION('',(-1.,0.,0.));
#9524=DIRECTION('',(0.,0.,-1.));
#9525=DIRECTION('',(-1.,0.,0.));
#9526=DIRECTION('',(0.,0.,-1.));
#9527=DIRECTION('',(-1.,0.,0.));
#9528=DIRECTION('',(0.,0.,-1.));
#9529=DIRECTION('',(-1.,0.,0.));
#9530=DIRECTION('',(0.,0.,-1.));
#9531=DIRECTION('',(-1.,0.,0.));
#9532=DIRECTION('',(0.,0.,-1.));
#9533=DIRECTION('',(-1.,0.,0.));
#9534=DIRECTION('',(0.,0.,-1.));
#9535=DIRECTION('',(-1.,0.,0.));
#9536=DIRECTION('',(0.,0.,-1.));
#9537=DIRECTION('',(-1.,0.,0.));
#9538=DIRECTION('',(0.,0.,-1.));
#9539=DIRECTION('',(-1.,0.,0.));
#9540=DIRECTION('',(0.,0.,-1.));
#9541=DIRECTION('',(-1.,0.,0.));
#9542=DIRECTION('',(0.,0.,-1.));
#9543=DIRECTION('',(-1.,0.,0.));
#9544=DIRECTION('',(0.,0.,-1.));
#9545=DIRECTION('',(-1.,0.,0.));
#9546=DIRECTION('',(0.,0.,-1.));
#9547=DIRECTION('',(-1.,0.,0.));
#9548=DIRECTION('',(0.,0.,-1.));
#9549=DIRECTION('',(-1.,0.,0.));
#9550=DIRECTION('',(0.,0.,-1.));
#9551=DIRECTION('',(-1.,0.,0.));
#9552=DIRECTION('',(0.,0.,-1.));
#9553=DIRECTION('',(-1.,0.,0.));
#9554=DIRECTION('',(0.,0.,-1.));
#9555=DIRECTION('',(-1.,0.,0.));
#9556=DIRECTION('',(0.,1.,0.));
#9557=DIRECTION('',(1.,0.,0.));
#9558=DIRECTION('',(0.,0.,-1.));
#9559=DIRECTION('',(0.,-1.,0.));
#9560=DIRECTION('',(0.,0.,-1.));
#9561=DIRECTION('',(0.,-1.,0.));
#9562=DIRECTION('',(0.,0.,-1.));
#9563=DIRECTION('',(0.,-1.,0.));
#9564=DIRECTION('',(0.,0.,-1.));
#9565=DIRECTION('',(1.671865260612E-14,-1.,0.));
#9566=DIRECTION('',(0.,0.,-1.));
#9567=DIRECTION('',(1.671865260612E-14,-1.,0.));
#9568=DIRECTION('',(0.,0.,-1.));
#9569=DIRECTION('',(0.,-1.,0.));
#9570=DIRECTION('',(0.,0.,-1.));
#9571=DIRECTION('',(0.,-1.,0.));
#9572=DIRECTION('',(0.,0.,-1.));
#9573=DIRECTION('',(0.,-1.,0.));
#9574=DIRECTION('',(0.,0.,-1.));
#9575=DIRECTION('',(1.671865260612E-14,-1.,0.));
#9576=DIRECTION('',(0.,0.,-1.));
#9577=DIRECTION('',(1.671865260612E-14,-1.,0.));
#9578=DIRECTION('',(0.,0.,-1.));
#9579=DIRECTION('',(0.,-1.,0.));
#9580=DIRECTION('',(0.,0.,-1.));
#9581=DIRECTION('',(0.,-1.,0.));
#9582=DIRECTION('',(0.,0.,-1.));
#9583=DIRECTION('',(0.,-1.,0.));
#9584=DIRECTION('',(0.,0.,-1.));
#9585=DIRECTION('',(0.,-1.,0.));
#9586=DIRECTION('',(0.,0.,-1.));
#9587=DIRECTION('',(0.,-1.,0.));
#9588=DIRECTION('',(0.,0.,-1.));
#9589=DIRECTION('',(0.,-1.,0.));
#9590=DIRECTION('',(0.,0.,-1.));
#9591=DIRECTION('',(1.671865260612E-14,-1.,0.));
#9592=DIRECTION('',(0.,0.,-1.));
#9593=DIRECTION('',(1.671865260612E-14,-1.,0.));
#9594=DIRECTION('',(0.,0.,-1.));
#9595=DIRECTION('',(0.,-1.,0.));
#9596=DIRECTION('',(0.,0.,-1.));
#9597=DIRECTION('',(0.,-1.,0.));
#9598=DIRECTION('',(0.,0.,-1.));
#9599=DIRECTION('',(1.671865260612E-14,-1.,0.));
#9600=DIRECTION('',(0.,0.,-1.));
#9601=DIRECTION('',(1.671865260612E-14,-1.,0.));
#9602=DIRECTION('',(0.,0.,-1.));
#9603=DIRECTION('',(0.,-1.,0.));
#9604=DIRECTION('',(0.,0.,-1.));
#9605=DIRECTION('',(1.671865260612E-14,-1.,0.));
#9606=DIRECTION('',(0.,0.,-1.));
#9607=DIRECTION('',(0.,-1.,0.));
#9608=DIRECTION('',(0.,0.,-1.));
#9609=DIRECTION('',(0.,-1.,0.));
#9610=DIRECTION('',(0.,0.,-1.));
#9611=DIRECTION('',(1.671865260612E-14,-1.,0.));
#9612=DIRECTION('',(0.,0.,-1.));
#9613=DIRECTION('',(0.,-1.,0.));
#9614=DIRECTION('',(0.,0.,-1.));
#9615=DIRECTION('',(0.,-1.,0.));
#9616=DIRECTION('',(0.,0.,-1.));
#9617=DIRECTION('',(1.671865260612E-14,-1.,0.));
#9618=DIRECTION('',(0.,0.,-1.));
#9619=DIRECTION('',(1.671865260612E-14,-1.,0.));
#9620=DIRECTION('',(0.,0.,-1.));
#9621=DIRECTION('',(0.,-1.,0.));
#9622=DIRECTION('',(0.,0.,-1.));
#9623=DIRECTION('',(1.671865260612E-14,-1.,0.));
#9624=DIRECTION('',(0.,0.,-1.));
#9625=DIRECTION('',(1.671865260612E-14,-1.,0.));
#9626=DIRECTION('',(0.,0.,-1.));
#9627=DIRECTION('',(0.,-1.,0.));
#9628=DIRECTION('',(0.,0.,-1.));
#9629=DIRECTION('',(0.,-1.,0.));
#9630=DIRECTION('',(0.,0.,-1.));
#9631=DIRECTION('',(0.,-1.,0.));
#9632=DIRECTION('',(0.,0.,-1.));
#9633=DIRECTION('',(1.671865260612E-14,-1.,0.));
#9634=DIRECTION('',(0.,0.,-1.));
#9635=DIRECTION('',(0.,-1.,0.));
#9636=DIRECTION('',(0.,0.,-1.));
#9637=DIRECTION('',(0.,-1.,0.));
#9638=DIRECTION('',(0.,0.,-1.));
#9639=DIRECTION('',(0.,-1.,0.));
#9640=DIRECTION('',(0.,0.,-1.));
#9641=DIRECTION('',(0.,-1.,0.));
#9642=DIRECTION('',(0.,0.,-1.));
#9643=DIRECTION('',(0.,-1.,0.));
#9644=DIRECTION('',(0.,0.,-1.));
#9645=DIRECTION('',(0.,-1.,0.));
#9646=DIRECTION('',(0.,0.,-1.));
#9647=DIRECTION('',(0.,-1.,0.));
#9648=DIRECTION('',(0.,0.,-1.));
#9649=DIRECTION('',(0.,-1.,0.));
#9650=DIRECTION('',(0.,0.,-1.));
#9651=DIRECTION('',(0.,-1.,0.));
#9652=DIRECTION('',(0.,0.,-1.));
#9653=DIRECTION('',(0.,-1.,0.));
#9654=DIRECTION('',(0.,0.,-1.));
#9655=DIRECTION('',(0.,-1.,0.));
#9656=DIRECTION('',(0.,0.,-1.));
#9657=DIRECTION('',(0.,-1.,0.));
#9658=DIRECTION('',(0.,0.,-1.));
#9659=DIRECTION('',(0.,-1.,0.));
#9660=DIRECTION('',(0.,0.,-1.));
#9661=DIRECTION('',(0.,-1.,0.));
#9662=DIRECTION('',(0.,0.,-1.));
#9663=DIRECTION('',(0.,-1.,0.));
#9664=DIRECTION('',(0.,0.,-1.));
#9665=DIRECTION('',(0.,-1.,0.));
#9666=DIRECTION('',(0.,0.,-1.));
#9667=DIRECTION('',(1.671865260612E-14,-1.,0.));
#9668=DIRECTION('',(0.,0.,-1.));
#9669=DIRECTION('',(0.,-1.,0.));
#9670=DIRECTION('',(0.,0.,-1.));
#9671=DIRECTION('',(1.671865260612E-14,-1.,0.));
#9672=DIRECTION('',(0.,0.,-1.));
#9673=DIRECTION('',(0.,-1.,0.));
#9674=DIRECTION('',(0.,0.,-1.));
#9675=DIRECTION('',(0.,-1.,0.));
#9676=DIRECTION('',(0.,0.,-1.));
#9677=DIRECTION('',(1.671865260612E-14,-1.,0.));
#9678=DIRECTION('',(0.,0.,-1.));
#9679=DIRECTION('',(0.,-1.,0.));
#9680=DIRECTION('',(0.,0.,-1.));
#9681=DIRECTION('',(0.,-1.,0.));
#9682=DIRECTION('',(0.,0.,-1.));
#9683=DIRECTION('',(1.671865260612E-14,-1.,0.));
#9684=DIRECTION('',(0.,0.,-1.));
#9685=DIRECTION('',(0.,-1.,0.));
#9686=DIRECTION('',(0.,0.,-1.));
#9687=DIRECTION('',(0.,-1.,0.));
#9688=DIRECTION('',(0.,0.,-1.));
#9689=DIRECTION('',(0.,-1.,0.));
#9690=DIRECTION('',(0.,0.,-1.));
#9691=DIRECTION('',(0.,-1.,0.));
#9692=DIRECTION('',(0.,0.,-1.));
#9693=DIRECTION('',(0.,-1.,0.));
#9694=DIRECTION('',(0.,0.,-1.));
#9695=DIRECTION('',(0.,-1.,0.));
#9696=DIRECTION('',(0.,0.,-1.));
#9697=DIRECTION('',(0.,-1.,0.));
#9698=DIRECTION('',(0.,0.,-1.));
#9699=DIRECTION('',(0.,-1.,0.));
#9700=DIRECTION('',(0.,0.,-1.));
#9701=DIRECTION('',(0.,-1.,0.));
#9702=DIRECTION('',(0.,0.,-1.));
#9703=DIRECTION('',(0.,-1.,0.));
#9704=DIRECTION('',(0.,0.,-1.));
#9705=DIRECTION('',(0.,-1.,0.));
#9706=DIRECTION('',(0.,0.,-1.));
#9707=DIRECTION('',(0.,-1.,0.));
#9708=DIRECTION('',(0.,0.,-1.));
#9709=DIRECTION('',(0.,-1.,0.));
#9710=DIRECTION('',(0.,0.,-1.));
#9711=DIRECTION('',(0.,-1.,0.));
#9712=DIRECTION('',(0.,0.,-1.));
#9713=DIRECTION('',(0.,-1.,0.));
#9714=DIRECTION('',(0.,0.,-1.));
#9715=DIRECTION('',(0.,-1.,0.));
#9716=DIRECTION('',(0.,0.,-1.));
#9717=DIRECTION('',(0.,-1.,0.));
#9718=DIRECTION('',(0.,0.,-1.));
#9719=DIRECTION('',(0.,-1.,0.));
#9720=DIRECTION('',(0.,0.,-1.));
#9721=DIRECTION('',(0.,-1.,0.));
#9722=DIRECTION('',(0.,0.,-1.));
#9723=DIRECTION('',(0.,-1.,0.));
#9724=DIRECTION('',(0.,0.,-1.));
#9725=DIRECTION('',(0.,-1.,0.));
#9726=DIRECTION('',(0.,0.,-1.));
#9727=DIRECTION('',(1.671865260612E-14,-1.,0.));
#9728=DIRECTION('',(0.,0.,-1.));
#9729=DIRECTION('',(0.,-1.,0.));
#9730=DIRECTION('',(0.,0.,-1.));
#9731=DIRECTION('',(0.,-1.,0.));
#9732=DIRECTION('',(0.,0.,-1.));
#9733=DIRECTION('',(0.,-1.,0.));
#9734=DIRECTION('',(0.,0.,-1.));
#9735=DIRECTION('',(0.,-1.,0.));
#9736=DIRECTION('',(0.,0.,-1.));
#9737=DIRECTION('',(0.,-1.,0.));
#9738=DIRECTION('',(0.,0.,-1.));
#9739=DIRECTION('',(1.671865260612E-14,-1.,0.));
#9740=DIRECTION('',(0.,0.,-1.));
#9741=DIRECTION('',(1.671865260612E-14,-1.,0.));
#9742=DIRECTION('',(0.,0.,-1.));
#9743=DIRECTION('',(0.,-1.,0.));
#9744=DIRECTION('',(0.,0.,-1.));
#9745=DIRECTION('',(0.,-1.,0.));
#9746=DIRECTION('',(0.,0.,-1.));
#9747=DIRECTION('',(0.,-1.,0.));
#9748=DIRECTION('',(0.,0.,-1.));
#9749=DIRECTION('',(0.,-1.,0.));
#9750=DIRECTION('',(0.,0.,-1.));
#9751=DIRECTION('',(0.,-1.,0.));
#9752=DIRECTION('',(0.,0.,-1.));
#9753=DIRECTION('',(0.,-1.,0.));
#9754=DIRECTION('',(0.,0.,-1.));
#9755=DIRECTION('',(0.,-1.,0.));
#9756=DIRECTION('',(0.,0.,-1.));
#9757=DIRECTION('',(0.,-1.,0.));
#9758=DIRECTION('',(0.,0.,-1.));
#9759=DIRECTION('',(0.,-1.,0.));
#9760=DIRECTION('',(0.,0.,-1.));
#9761=DIRECTION('',(0.,-1.,0.));
#9762=DIRECTION('',(0.,0.,-1.));
#9763=DIRECTION('',(0.,-1.,0.));
#9764=DIRECTION('',(0.,0.,-1.));
#9765=DIRECTION('',(0.,-1.,0.));
#9766=DIRECTION('',(0.,0.,-1.));
#9767=DIRECTION('',(0.,-1.,0.));
#9768=DIRECTION('',(0.,0.,-1.));
#9769=DIRECTION('',(0.,-1.,0.));
#9770=DIRECTION('',(0.,0.,-1.));
#9771=DIRECTION('',(0.,-1.,0.));
#9772=DIRECTION('',(0.,0.,-1.));
#9773=DIRECTION('',(0.,-1.,0.));
#9774=DIRECTION('',(0.,0.,-1.));
#9775=DIRECTION('',(0.,-1.,0.));
#9776=DIRECTION('',(0.,0.,-1.));
#9777=DIRECTION('',(0.,-1.,0.));
#9778=DIRECTION('',(0.,0.,-1.));
#9779=DIRECTION('',(0.,-1.,0.));
#9780=DIRECTION('',(0.,0.,-1.));
#9781=DIRECTION('',(0.,-1.,0.));
#9782=DIRECTION('',(0.,0.,-1.));
#9783=DIRECTION('',(0.,-1.,0.));
#9784=DIRECTION('',(0.,0.,-1.));
#9785=DIRECTION('',(0.,-1.,0.));
#9786=DIRECTION('',(0.,0.,-1.));
#9787=DIRECTION('',(0.,-1.,0.));
#9788=DIRECTION('',(0.,0.,-1.));
#9789=DIRECTION('',(0.,-1.,0.));
#9790=DIRECTION('',(0.,0.,-1.));
#9791=DIRECTION('',(1.671865260612E-14,-1.,0.));
#9792=DIRECTION('',(0.,0.,-1.));
#9793=DIRECTION('',(1.671865260612E-14,-1.,0.));
#9794=DIRECTION('',(0.,0.,-1.));
#9795=DIRECTION('',(0.,-1.,0.));
#9796=DIRECTION('',(0.,0.,-1.));
#9797=DIRECTION('',(0.,-1.,0.));
#9798=DIRECTION('',(0.,0.,-1.));
#9799=DIRECTION('',(0.,-1.,0.));
#9800=DIRECTION('',(0.,0.,-1.));
#9801=DIRECTION('',(0.,-1.,0.));
#9802=DIRECTION('',(0.,0.,-1.));
#9803=DIRECTION('',(0.,-1.,0.));
#9804=DIRECTION('',(0.,0.,-1.));
#9805=DIRECTION('',(0.,-1.,0.));
#9806=DIRECTION('',(0.,0.,-1.));
#9807=DIRECTION('',(0.,-1.,0.));
#9808=DIRECTION('',(0.,0.,-1.));
#9809=DIRECTION('',(0.,-1.,0.));
#9810=DIRECTION('',(0.,0.,-1.));
#9811=DIRECTION('',(0.,-1.,0.));
#9812=DIRECTION('',(0.,0.,-1.));
#9813=DIRECTION('',(1.671865260612E-14,-1.,0.));
#9814=DIRECTION('',(0.,0.,-1.));
#9815=DIRECTION('',(0.,-1.,0.));
#9816=DIRECTION('',(0.,0.,-1.));
#9817=DIRECTION('',(0.,-1.,0.));
#9818=DIRECTION('',(0.,0.,1.));
#9819=DIRECTION('',(1.,0.,0.));
#9820=DIRECTION('',(1.,0.,0.));
#9821=DIRECTION('',(0.,0.,-1.));
#9822=DIRECTION('',(0.,1.,0.));
#9823=DIRECTION('',(0.,0.,-1.));
#9824=DIRECTION('',(0.,-0.9818767900572,-0.189520366048001));
#9825=DIRECTION('',(0.,0.,-1.));
#9826=DIRECTION('',(0.,1.,0.));
#9827=DIRECTION('',(0.,0.,1.));
#9828=DIRECTION('',(0.,-0.981657588779448,0.190652506911711));
#9829=DIRECTION('',(0.,0.,1.));
#9830=DIRECTION('',(0.,0.981657588779448,0.190652506911711));
#9831=DIRECTION('',(0.,0.,1.));
#9832=DIRECTION('',(0.,-1.,0.));
#9833=DIRECTION('',(0.,-0.989704405264647,0.143126483222887));
#9834=DIRECTION('',(0.,-0.330435441310837,0.943828596264021));
#9835=DIRECTION('',(0.,-1.,0.));
#9836=DIRECTION('',(0.,-0.328307616766084,-0.944570859583003));
#9837=DIRECTION('',(0.,-0.989704405264647,-0.143126483222887));
#9838=DIRECTION('',(0.,0.,-1.));
#9839=DIRECTION('',(0.,1.,0.));
#9840=DIRECTION('',(0.,0.,1.));
#9841=DIRECTION('',(0.,-0.984657825384,0.174496323485772));
#9842=DIRECTION('',(0.,0.304775727103783,0.952424147199324));
#9843=DIRECTION('',(0.,1.,0.));
#9844=DIRECTION('',(0.,0.304775727103783,-0.952424147199324));
#9845=DIRECTION('',(0.,-0.984562507785907,-0.175033334717494));
#9846=DIRECTION('',(0.,0.,-1.));
#9847=DIRECTION('',(0.,1.,0.));
#9848=DIRECTION('',(0.,0.,1.));
#9849=DIRECTION('',(0.,-0.989704405264647,0.143126483222887));
#9850=DIRECTION('',(0.,-0.330435441310837,0.943828596264021));
#9851=DIRECTION('',(0.,-1.,0.));
#9852=DIRECTION('',(0.,-0.328307616766084,-0.944570859583003));
#9853=DIRECTION('',(0.,-0.989704405264647,-0.143126483222887));
#9854=DIRECTION('',(0.,0.,-1.));
#9855=DIRECTION('',(0.,1.,0.));
#9856=DIRECTION('',(0.,0.,1.));
#9857=DIRECTION('',(0.,-0.984657825384,0.174496323485772));
#9858=DIRECTION('',(0.,0.304775727103783,0.952424147199324));
#9859=DIRECTION('',(0.,1.,0.));
#9860=DIRECTION('',(0.,0.304775727103783,-0.952424147199324));
#9861=DIRECTION('',(0.,-0.984562507785907,-0.175033334717494));
#9862=DIRECTION('',(0.,0.,-1.));
#9863=DIRECTION('',(0.,1.,0.));
#9864=DIRECTION('',(0.,0.,1.));
#9865=DIRECTION('',(0.,-1.,0.));
#9866=DIRECTION('',(0.,0.,-1.));
#9867=DIRECTION('',(0.,-1.,0.));
#9868=DIRECTION('',(0.,0.,-1.));
#9869=DIRECTION('',(0.,-1.,2.89120579329468E-16));
#9870=DIRECTION('',(0.,0.,-1.));
#9871=DIRECTION('',(0.,-1.,2.16840434497101E-16));
#9872=DIRECTION('',(0.,0.,-1.));
#9873=DIRECTION('',(0.,0.,1.));
#9874=DIRECTION('',(0.,-1.,0.));
#9875=DIRECTION('',(0.,0.,-1.));
#9876=DIRECTION('',(0.,0.9818767900572,-0.189520366048001));
#9877=DIRECTION('',(0.,0.,-1.));
#9878=DIRECTION('',(0.,-0.9818767900572,-0.189520366048001));
#9879=DIRECTION('',(0.,0.,-1.));
#9880=DIRECTION('',(0.,1.,0.));
#9881=DIRECTION('',(0.,0.,1.));
#9882=DIRECTION('',(0.,-0.9818767900572,0.189520366048001));
#9883=DIRECTION('',(0.,0.,1.));
#9884=DIRECTION('',(0.,0.9818767900572,0.189520366048001));
#9885=DIRECTION('',(0.,0.,-1.));
#9886=DIRECTION('',(0.,1.,0.));
#9887=DIRECTION('',(0.,0.,1.));
#9888=DIRECTION('',(0.,-0.981657588779448,0.190652506911711));
#9889=DIRECTION('',(0.,0.,1.));
#9890=DIRECTION('',(0.,0.981657588779448,0.190652506911711));
#9891=DIRECTION('',(0.,0.,1.));
#9892=DIRECTION('',(0.,-1.,0.));
#9893=DIRECTION('',(0.,0.,-1.));
#9894=DIRECTION('',(0.,-0.989949493661167,-0.141421356237309));
#9895=DIRECTION('',(0.,0.,-1.));
#9896=DIRECTION('',(0.,1.,0.));
#9897=DIRECTION('',(0.,0.,1.));
#9898=DIRECTION('',(0.,1.,0.));
#9899=DIRECTION('',(0.,0.,-1.));
#9900=DIRECTION('',(0.,-0.9818767900572,-0.189520366048001));
#9901=DIRECTION('',(0.,0.,-1.));
#9902=DIRECTION('',(0.,1.,0.));
#9903=DIRECTION('',(0.,0.,1.));
#9904=DIRECTION('',(0.,-0.981657588779448,0.190652506911711));
#9905=DIRECTION('',(0.,0.,1.));
#9906=DIRECTION('',(0.,0.981657588779448,0.190652506911711));
#9907=DIRECTION('',(0.,0.,1.));
#9908=DIRECTION('',(0.,-1.,0.));
#9909=DIRECTION('',(1.,5.83590740446361E-17,0.));
#9910=DIRECTION('',(-5.83590740446361E-17,1.,0.));
#9911=DIRECTION('',(5.83590740446361E-17,-1.,0.));
#9912=DIRECTION('',(0.,0.,-1.));
#9913=DIRECTION('',(5.83590740446361E-17,-1.,0.));
#9914=DIRECTION('',(0.,0.,-1.));
#9915=DIRECTION('',(0.,0.,1.));
#9916=DIRECTION('',(-5.83590740446361E-17,1.,-2.89120579329468E-16));
#9917=DIRECTION('',(0.,0.,1.));
#9918=DIRECTION('',(-5.83590740446361E-17,1.,-2.16840434497101E-16));
#9919=DIRECTION('',(0.,0.,1.));
#9920=DIRECTION('',(1.,0.,0.));
#9921=DIRECTION('',(0.,-1.,0.));
#9922=DIRECTION('',(-1.,0.,0.));
#9923=DIRECTION('',(0.,-1.,0.));
#9924=DIRECTION('',(1.,0.,0.));
#9925=DIRECTION('',(0.,1.,0.));
#9926=DIRECTION('',(0.,0.,1.));
#9927=DIRECTION('',(1.,0.,0.));
#9928=DIRECTION('',(1.,0.,0.));
#9929=DIRECTION('',(0.,1.,0.));
#9930=DIRECTION('',(0.,0.,1.));
#9931=DIRECTION('',(1.,0.,0.));
#9932=DIRECTION('',(1.,0.,0.));
#9933=DIRECTION('',(0.,0.,-1.));
#9934=DIRECTION('',(-1.,0.,0.));
#9935=DIRECTION('',(0.,0.,1.));
#9936=DIRECTION('',(1.,0.,0.));
#9937=DIRECTION('',(0.,0.,1.));
#9938=DIRECTION('',(1.,0.,0.));
#9939=DIRECTION('',(0.,0.,-1.));
#9940=DIRECTION('',(-1.,0.,0.));
#9941=DIRECTION('',(0.,0.,1.));
#9942=DIRECTION('',(1.,0.,0.));
#9943=DIRECTION('',(0.,0.,1.));
#9944=DIRECTION('',(1.,0.,0.));
#9945=DIRECTION('',(0.,0.,-1.));
#9946=DIRECTION('',(-1.,0.,0.));
#9947=DIRECTION('',(0.,0.,1.));
#9948=DIRECTION('',(1.,0.,0.));
#9949=DIRECTION('',(0.,0.,1.));
#9950=DIRECTION('',(1.,0.,0.));
#9951=DIRECTION('',(0.,0.,-1.));
#9952=DIRECTION('',(-1.,0.,0.));
#9953=DIRECTION('',(0.,0.,1.));
#9954=DIRECTION('',(1.,0.,0.));
#9955=DIRECTION('',(0.,0.,1.));
#9956=DIRECTION('',(1.,0.,0.));
#9957=DIRECTION('',(0.,0.,1.));
#9958=DIRECTION('',(1.,0.,0.));
#9959=DIRECTION('',(1.,0.,0.));
#9960=DIRECTION('',(0.,0.,-1.));
#9961=DIRECTION('',(0.,0.,1.));
#9962=DIRECTION('',(0.,-1.,0.));
#9963=DIRECTION('',(0.,0.,-1.));
#9964=DIRECTION('',(0.,-1.,0.));
#9965=DIRECTION('',(0.,0.,-1.));
#9966=DIRECTION('',(0.,0.,1.));
#9967=DIRECTION('',(0.,1.,-2.89120579329468E-16));
#9968=DIRECTION('',(0.,1.,0.));
#9969=DIRECTION('',(0.,0.,1.));
#9970=DIRECTION('',(1.,0.,0.));
#9971=DIRECTION('',(0.,0.,-1.));
#9972=DIRECTION('',(1.,0.,0.));
#9973=DIRECTION('',(1.,0.,0.));
#9974=DIRECTION('',(0.,0.,-1.));
#9975=DIRECTION('',(0.,-1.,0.));
#9976=DIRECTION('',(0.,0.,1.));
#9977=DIRECTION('',(0.,1.,-2.89120579329468E-16));
#9978=DIRECTION('',(0.,0.,1.));
#9979=DIRECTION('',(0.,0.,-1.));
#9980=DIRECTION('',(0.,-1.,0.));
#9981=DIRECTION('',(0.,1.,0.));
#9982=DIRECTION('',(0.,0.,1.));
#9983=DIRECTION('',(1.,0.,0.));
#9984=DIRECTION('',(0.,0.,1.));
#9985=DIRECTION('',(1.,0.,0.));
#9986=DIRECTION('',(0.,0.,1.));
#9987=DIRECTION('',(1.,0.,0.));
#9988=DIRECTION('',(-1.,0.,0.));
#9989=DIRECTION('',(0.,-2.89120579329468E-16,-1.));
#9990=DIRECTION('',(0.,1.,-2.89120579329468E-16));
#9991=DIRECTION('',(-1.,0.,0.));
#9992=DIRECTION('',(-1.,0.,0.));
#9993=DIRECTION('',(0.,-2.89120579329468E-16,-1.));
#9994=DIRECTION('',(0.,1.,-2.89120579329468E-16));
#9995=DIRECTION('',(-1.,0.,0.));
#9996=DIRECTION('',(-1.,0.,0.));
#9997=DIRECTION('',(0.,1.,0.));
#9998=DIRECTION('',(0.,0.,1.));
#9999=DIRECTION('',(-1.,0.,0.));
#10000=DIRECTION('',(0.,-2.16840434497101E-16,-1.));
#10001=DIRECTION('',(0.,1.,-2.16840434497101E-16));
#10002=DIRECTION('',(-1.,0.,0.));
#10003=DIRECTION('',(0.,1.,0.));
#10004=DIRECTION('',(0.,0.,1.));
#10005=DIRECTION('',(0.,-0.143126483222887,-0.989704405264647));
#10006=DIRECTION('',(0.,0.989704405264647,-0.143126483222887));
#10007=DIRECTION('',(-1.,0.,0.));
#10008=DIRECTION('',(0.,-0.989704405264647,0.143126483222887));
#10009=DIRECTION('',(-1.,0.,0.));
#10010=DIRECTION('',(0.,-1.,0.));
#10011=DIRECTION('',(0.,0.,-1.));
#10012=DIRECTION('',(-1.,0.,0.));
#10013=DIRECTION('',(0.,0.,1.));
#10014=DIRECTION('',(0.,0.,1.));
#10015=DIRECTION('',(1.,0.,0.));
#10016=DIRECTION('',(-1.,0.,0.));
#10017=DIRECTION('',(0.,1.,0.));
#10018=DIRECTION('',(0.,1.,0.));
#10019=DIRECTION('',(0.,0.,1.));
#10020=DIRECTION('',(-1.,0.,0.));
#10021=DIRECTION('',(0.,0.,-1.));
#10022=DIRECTION('',(0.,0.175033334717494,-0.984562507785907));
#10023=DIRECTION('',(0.,0.984562507785907,0.175033334717494));
#10024=DIRECTION('',(-1.,0.,0.));
#10025=DIRECTION('',(0.,-0.984562507785907,-0.175033334717494));
#10026=DIRECTION('',(0.,0.952424147199324,0.304775727103783));
#10027=DIRECTION('',(0.,-0.304775727103784,0.952424147199324));
#10028=DIRECTION('',(-1.,0.,0.));
#10029=DIRECTION('',(0.,0.304775727103783,-0.952424147199324));
#10030=DIRECTION('',(0.,0.,1.));
#10031=DIRECTION('',(1.,0.,0.));
#10032=DIRECTION('',(-1.,0.,0.));
#10033=DIRECTION('',(0.,1.,0.));
#10034=DIRECTION('',(0.,-0.952424147199324,0.304775727103783));
#10035=DIRECTION('',(0.,-0.304775727103784,-0.952424147199324));
#10036=DIRECTION('',(-1.,0.,0.));
#10037=DIRECTION('',(0.,0.304775727103783,0.952424147199324));
#10038=DIRECTION('',(0.,-0.174496323485772,-0.984657825384));
#10039=DIRECTION('',(0.,0.984657825384001,-0.174496323485772));
#10040=DIRECTION('',(-1.,0.,0.));
#10041=DIRECTION('',(0.,-0.984657825384,0.174496323485772));
#10042=DIRECTION('',(0.,-1.,0.));
#10043=DIRECTION('',(0.,0.,-1.));
#10044=DIRECTION('',(-1.,0.,0.));
#10045=DIRECTION('',(0.,0.,1.));
#10046=DIRECTION('',(0.,0.,1.));
#10047=DIRECTION('',(1.,0.,0.));
#10048=DIRECTION('',(-1.,0.,0.));
#10049=DIRECTION('',(0.,1.,0.));
#10050=DIRECTION('',(0.,1.,0.));
#10051=DIRECTION('',(0.,0.,1.));
#10052=DIRECTION('',(-1.,0.,0.));
#10053=DIRECTION('',(0.,0.,-1.));
#10054=DIRECTION('',(0.,0.143126483222887,-0.989704405264647));
#10055=DIRECTION('',(0.,0.989704405264647,0.143126483222887));
#10056=DIRECTION('',(-1.,0.,0.));
#10057=DIRECTION('',(0.,-0.989704405264647,-0.143126483222887));
#10058=DIRECTION('',(0.,0.944570859583003,-0.328307616766084));
#10059=DIRECTION('',(0.,0.328307616766084,0.944570859583003));
#10060=DIRECTION('',(-1.,0.,0.));
#10061=DIRECTION('',(0.,-0.328307616766084,-0.944570859583003));
#10062=DIRECTION('',(0.,0.,-1.));
#10063=DIRECTION('',(-1.,0.,0.));
#10064=DIRECTION('',(-1.,0.,0.));
#10065=DIRECTION('',(0.,-1.,0.));
#10066=DIRECTION('',(0.,-0.943828596264021,-0.330435441310837));
#10067=DIRECTION('',(0.,0.330435441310837,-0.943828596264021));
#10068=DIRECTION('',(0.,-0.330435441310837,0.943828596264021));
#10069=DIRECTION('',(-1.,0.,0.));
#10070=DIRECTION('',(0.,-1.,0.));
#10071=DIRECTION('',(0.,-1.,0.));
#10072=DIRECTION('',(0.,0.,-1.));
#10073=DIRECTION('',(-1.,0.,0.));
#10074=DIRECTION('',(0.,0.,1.));
#10075=DIRECTION('',(-1.,0.,0.));
#10076=DIRECTION('',(0.,-0.189520366048001,0.9818767900572));
#10077=DIRECTION('',(0.,-0.9818767900572,-0.189520366048001));
#10078=DIRECTION('',(-1.,0.,0.));
#10079=DIRECTION('',(0.,0.9818767900572,0.189520366048001));
#10080=DIRECTION('',(0.,-1.,0.));
#10081=DIRECTION('',(0.,0.,-1.));
#10082=DIRECTION('',(-1.,0.,0.));
#10083=DIRECTION('',(0.,0.,1.));
#10084=DIRECTION('',(0.,-0.189520366048001,-0.9818767900572));
#10085=DIRECTION('',(0.,0.9818767900572,-0.189520366048001));
#10086=DIRECTION('',(-1.,0.,0.));
#10087=DIRECTION('',(0.,-0.9818767900572,0.189520366048001));
#10088=DIRECTION('',(0.,-1.,0.));
#10089=DIRECTION('',(0.,0.,-1.));
#10090=DIRECTION('',(-1.,0.,0.));
#10091=DIRECTION('',(0.,0.,1.));
#10092=DIRECTION('',(0.,0.,1.));
#10093=DIRECTION('',(1.,0.,0.));
#10094=DIRECTION('',(-1.,0.,0.));
#10095=DIRECTION('',(0.,1.,0.));
#10096=DIRECTION('',(0.,1.,0.));
#10097=DIRECTION('',(0.,0.,1.));
#10098=DIRECTION('',(-1.,0.,0.));
#10099=DIRECTION('',(0.,0.,-1.));
#10100=DIRECTION('',(0.,0.189520366048001,-0.9818767900572));
#10101=DIRECTION('',(0.,0.9818767900572,0.189520366048001));
#10102=DIRECTION('',(-1.,0.,0.));
#10103=DIRECTION('',(0.,-0.9818767900572,-0.189520366048001));
#10104=DIRECTION('',(0.,1.,0.));
#10105=DIRECTION('',(0.,0.,1.));
#10106=DIRECTION('',(-1.,0.,0.));
#10107=DIRECTION('',(0.,0.,-1.));
#10108=DIRECTION('',(0.,0.189520366048001,0.9818767900572));
#10109=DIRECTION('',(0.,-0.9818767900572,0.189520366048001));
#10110=DIRECTION('',(-1.,0.,0.));
#10111=DIRECTION('',(0.,0.9818767900572,-0.189520366048001));
#10112=DIRECTION('',(0.,1.,0.));
#10113=DIRECTION('',(0.,0.,1.));
#10114=DIRECTION('',(-1.,0.,0.));
#10115=DIRECTION('',(0.,0.,-1.));
#10116=DIRECTION('',(0.,0.,-1.));
#10117=DIRECTION('',(-1.,0.,0.));
#10118=DIRECTION('',(0.,-1.,0.));
#10119=DIRECTION('',(-1.,0.,0.));
#10120=DIRECTION('',(0.,-1.,0.));
#10121=DIRECTION('',(0.,-0.143126483222887,-0.989704405264647));
#10122=DIRECTION('',(0.,0.989704405264647,-0.143126483222887));
#10123=DIRECTION('',(-1.,0.,0.));
#10124=DIRECTION('',(0.,-0.989704405264647,0.143126483222887));
#10125=DIRECTION('',(-1.,0.,0.));
#10126=DIRECTION('',(0.,-1.,0.));
#10127=DIRECTION('',(0.,0.,-1.));
#10128=DIRECTION('',(-1.,0.,0.));
#10129=DIRECTION('',(0.,0.,1.));
#10130=DIRECTION('',(0.,0.,1.));
#10131=DIRECTION('',(1.,0.,0.));
#10132=DIRECTION('',(-1.,0.,0.));
#10133=DIRECTION('',(0.,1.,0.));
#10134=DIRECTION('',(0.,1.,0.));
#10135=DIRECTION('',(0.,0.,1.));
#10136=DIRECTION('',(-1.,0.,0.));
#10137=DIRECTION('',(0.,0.,-1.));
#10138=DIRECTION('',(0.,0.175033334717494,-0.984562507785907));
#10139=DIRECTION('',(0.,0.984562507785907,0.175033334717494));
#10140=DIRECTION('',(-1.,0.,0.));
#10141=DIRECTION('',(0.,-0.984562507785907,-0.175033334717494));
#10142=DIRECTION('',(0.,0.952424147199324,0.304775727103783));
#10143=DIRECTION('',(0.,-0.304775727103784,0.952424147199324));
#10144=DIRECTION('',(-1.,0.,0.));
#10145=DIRECTION('',(0.,0.304775727103783,-0.952424147199324));
#10146=DIRECTION('',(0.,0.,1.));
#10147=DIRECTION('',(1.,0.,0.));
#10148=DIRECTION('',(-1.,0.,0.));
#10149=DIRECTION('',(0.,1.,0.));
#10150=DIRECTION('',(0.,-0.952424147199324,0.304775727103783));
#10151=DIRECTION('',(0.,-0.304775727103784,-0.952424147199324));
#10152=DIRECTION('',(-1.,0.,0.));
#10153=DIRECTION('',(0.,0.304775727103783,0.952424147199324));
#10154=DIRECTION('',(0.,-0.174496323485772,-0.984657825384));
#10155=DIRECTION('',(0.,0.984657825384001,-0.174496323485772));
#10156=DIRECTION('',(-1.,0.,0.));
#10157=DIRECTION('',(0.,-0.984657825384,0.174496323485772));
#10158=DIRECTION('',(0.,-1.,0.));
#10159=DIRECTION('',(0.,0.,-1.));
#10160=DIRECTION('',(-1.,0.,0.));
#10161=DIRECTION('',(0.,0.,1.));
#10162=DIRECTION('',(0.,0.,1.));
#10163=DIRECTION('',(1.,0.,0.));
#10164=DIRECTION('',(-1.,0.,0.));
#10165=DIRECTION('',(0.,1.,0.));
#10166=DIRECTION('',(0.,1.,0.));
#10167=DIRECTION('',(0.,0.,1.));
#10168=DIRECTION('',(-1.,0.,0.));
#10169=DIRECTION('',(0.,0.,-1.));
#10170=DIRECTION('',(0.,0.143126483222887,-0.989704405264647));
#10171=DIRECTION('',(0.,0.989704405264647,0.143126483222887));
#10172=DIRECTION('',(-1.,0.,0.));
#10173=DIRECTION('',(0.,-0.989704405264647,-0.143126483222887));
#10174=DIRECTION('',(0.,0.944570859583003,-0.328307616766084));
#10175=DIRECTION('',(0.,0.328307616766084,0.944570859583003));
#10176=DIRECTION('',(-1.,0.,0.));
#10177=DIRECTION('',(0.,-0.328307616766084,-0.944570859583003));
#10178=DIRECTION('',(0.,0.,-1.));
#10179=DIRECTION('',(-1.,0.,0.));
#10180=DIRECTION('',(-1.,0.,0.));
#10181=DIRECTION('',(0.,-1.,0.));
#10182=DIRECTION('',(0.,-0.943828596264021,-0.330435441310837));
#10183=DIRECTION('',(0.,0.330435441310837,-0.943828596264021));
#10184=DIRECTION('',(0.,-0.330435441310837,0.943828596264021));
#10185=DIRECTION('',(-1.,0.,0.));
#10186=DIRECTION('',(0.,-1.,0.));
#10187=DIRECTION('',(-1.,0.,0.));
#10188=DIRECTION('',(-1.,0.,0.));
#10189=DIRECTION('',(0.,0.,-1.));
#10190=DIRECTION('',(-1.,0.,0.));
#10191=DIRECTION('',(-1.,0.,0.));
#10192=DIRECTION('',(0.,-1.,0.));
#10193=DIRECTION('',(0.,-1.,0.));
#10194=DIRECTION('',(0.,0.,-1.));
#10195=DIRECTION('',(-1.,0.,0.));
#10196=DIRECTION('',(0.,0.,1.));
#10197=DIRECTION('',(0.,-0.190652506911711,0.981657588779448));
#10198=DIRECTION('',(0.,-0.981657588779448,-0.190652506911711));
#10199=DIRECTION('',(-1.,0.,0.));
#10200=DIRECTION('',(0.,0.981657588779448,0.190652506911711));
#10201=DIRECTION('',(0.,-1.,0.));
#10202=DIRECTION('',(0.,0.,-1.));
#10203=DIRECTION('',(-1.,0.,0.));
#10204=DIRECTION('',(0.,0.,1.));
#10205=DIRECTION('',(0.,-0.190652506911711,-0.981657588779448));
#10206=DIRECTION('',(0.,0.981657588779448,-0.190652506911711));
#10207=DIRECTION('',(-1.,0.,0.));
#10208=DIRECTION('',(0.,-0.981657588779448,0.190652506911711));
#10209=DIRECTION('',(0.,-1.,0.));
#10210=DIRECTION('',(0.,0.,-1.));
#10211=DIRECTION('',(-1.,0.,0.));
#10212=DIRECTION('',(0.,0.,1.));
#10213=DIRECTION('',(0.,0.,1.));
#10214=DIRECTION('',(1.,0.,0.));
#10215=DIRECTION('',(-1.,0.,0.));
#10216=DIRECTION('',(0.,1.,0.));
#10217=DIRECTION('',(-1.,0.,0.));
#10218=DIRECTION('',(-1.,0.,0.));
#10219=DIRECTION('',(0.,1.,0.));
#10220=DIRECTION('',(0.,0.,1.));
#10221=DIRECTION('',(-1.,0.,0.));
#10222=DIRECTION('',(0.,0.,-1.));
#10223=DIRECTION('',(-1.,0.,0.));
#10224=DIRECTION('',(0.,-1.,0.));
#10225=DIRECTION('',(-1.,0.,0.));
#10226=DIRECTION('',(-1.,0.,0.));
#10227=DIRECTION('',(0.,0.,-1.));
#10228=DIRECTION('',(-1.,0.,0.));
#10229=DIRECTION('',(-1.,0.,0.));
#10230=DIRECTION('',(0.,-1.,0.));
#10231=DIRECTION('',(0.,-1.,0.));
#10232=DIRECTION('',(0.,0.,-1.));
#10233=DIRECTION('',(-1.,0.,0.));
#10234=DIRECTION('',(0.,0.,1.));
#10235=DIRECTION('',(0.,-0.190652506911711,0.981657588779448));
#10236=DIRECTION('',(0.,-0.981657588779448,-0.190652506911711));
#10237=DIRECTION('',(-1.,0.,0.));
#10238=DIRECTION('',(0.,0.981657588779448,0.190652506911711));
#10239=DIRECTION('',(0.,-1.,0.));
#10240=DIRECTION('',(0.,0.,-1.));
#10241=DIRECTION('',(-1.,0.,0.));
#10242=DIRECTION('',(0.,0.,1.));
#10243=DIRECTION('',(0.,-0.190652506911711,-0.981657588779448));
#10244=DIRECTION('',(0.,0.981657588779448,-0.190652506911711));
#10245=DIRECTION('',(-1.,0.,0.));
#10246=DIRECTION('',(0.,-0.981657588779448,0.190652506911711));
#10247=DIRECTION('',(0.,-1.,0.));
#10248=DIRECTION('',(0.,0.,-1.));
#10249=DIRECTION('',(-1.,0.,0.));
#10250=DIRECTION('',(0.,0.,1.));
#10251=DIRECTION('',(0.,0.,1.));
#10252=DIRECTION('',(1.,0.,0.));
#10253=DIRECTION('',(-1.,0.,0.));
#10254=DIRECTION('',(0.,1.,0.));
#10255=DIRECTION('',(0.,1.,0.));
#10256=DIRECTION('',(0.,0.,1.));
#10257=DIRECTION('',(-1.,0.,0.));
#10258=DIRECTION('',(0.,0.,-1.));
#10259=DIRECTION('',(0.,0.189520366048001,-0.9818767900572));
#10260=DIRECTION('',(0.,0.9818767900572,0.189520366048001));
#10261=DIRECTION('',(-1.,0.,0.));
#10262=DIRECTION('',(0.,-0.9818767900572,-0.189520366048001));
#10263=DIRECTION('',(0.,1.,0.));
#10264=DIRECTION('',(0.,0.,1.));
#10265=DIRECTION('',(-1.,0.,0.));
#10266=DIRECTION('',(0.,0.,-1.));
#10267=DIRECTION('',(0.,0.,1.));
#10268=DIRECTION('',(1.,0.,0.));
#10269=DIRECTION('',(-1.,0.,0.));
#10270=DIRECTION('',(0.,1.,0.));
#10271=DIRECTION('',(-1.,0.,0.));
#10272=DIRECTION('',(-1.,0.,0.));
#10273=DIRECTION('',(-1.,0.,0.));
#10274=DIRECTION('',(0.,-1.,0.));
#10275=DIRECTION('',(-1.,0.,0.));
#10276=DIRECTION('',(-1.,0.,0.));
#10277=DIRECTION('',(0.,0.,-1.));
#10278=DIRECTION('',(-1.,0.,0.));
#10279=DIRECTION('',(-1.,0.,0.));
#10280=DIRECTION('',(0.,-1.,0.));
#10281=DIRECTION('',(0.,-1.,0.));
#10282=DIRECTION('',(0.,0.,-1.));
#10283=DIRECTION('',(-1.,0.,0.));
#10284=DIRECTION('',(0.,0.,1.));
#10285=DIRECTION('',(0.,-0.190652506911711,0.981657588779448));
#10286=DIRECTION('',(0.,-0.981657588779448,-0.190652506911711));
#10287=DIRECTION('',(-1.,0.,0.));
#10288=DIRECTION('',(0.,0.981657588779448,0.190652506911711));
#10289=DIRECTION('',(0.,-1.,0.));
#10290=DIRECTION('',(0.,0.,-1.));
#10291=DIRECTION('',(-1.,0.,0.));
#10292=DIRECTION('',(0.,0.,1.));
#10293=DIRECTION('',(0.,-0.190652506911711,-0.981657588779448));
#10294=DIRECTION('',(0.,0.981657588779448,-0.190652506911711));
#10295=DIRECTION('',(-1.,0.,0.));
#10296=DIRECTION('',(0.,-0.981657588779448,0.190652506911711));
#10297=DIRECTION('',(0.,-1.,0.));
#10298=DIRECTION('',(0.,0.,-1.));
#10299=DIRECTION('',(-1.,0.,0.));
#10300=DIRECTION('',(0.,0.,1.));
#10301=DIRECTION('',(0.,0.,1.));
#10302=DIRECTION('',(1.,0.,0.));
#10303=DIRECTION('',(-1.,0.,0.));
#10304=DIRECTION('',(0.,1.,0.));
#10305=DIRECTION('',(0.,1.,0.));
#10306=DIRECTION('',(0.,0.,1.));
#10307=DIRECTION('',(-1.,0.,0.));
#10308=DIRECTION('',(0.,0.,-1.));
#10309=DIRECTION('',(0.,0.189520366048001,-0.9818767900572));
#10310=DIRECTION('',(0.,0.9818767900572,0.189520366048001));
#10311=DIRECTION('',(-1.,0.,0.));
#10312=DIRECTION('',(0.,-0.9818767900572,-0.189520366048001));
#10313=DIRECTION('',(0.,1.,0.));
#10314=DIRECTION('',(0.,0.,1.));
#10315=DIRECTION('',(-1.,0.,0.));
#10316=DIRECTION('',(0.,0.,-1.));
#10317=DIRECTION('',(0.,0.,1.));
#10318=DIRECTION('',(1.,0.,0.));
#10319=DIRECTION('',(-1.,0.,0.));
#10320=DIRECTION('',(0.,1.,0.));
#10321=DIRECTION('',(-1.,0.,0.));
#10322=DIRECTION('',(-1.,0.,0.));
#10323=DIRECTION('',(0.,-1.,0.));
#10324=DIRECTION('',(0.,0.,-1.));
#10325=DIRECTION('',(-1.,0.,0.));
#10326=DIRECTION('',(0.,0.,1.));
#10327=DIRECTION('',(-1.,0.,0.));
#10328=DIRECTION('',(-1.,0.,0.));
#10329=DIRECTION('',(0.,0.,1.));
#10330=DIRECTION('',(1.,0.,0.));
#10331=DIRECTION('',(-1.,0.,0.));
#10332=DIRECTION('',(0.,1.,0.));
#10333=DIRECTION('',(0.,1.,0.));
#10334=DIRECTION('',(0.,0.,1.));
#10335=DIRECTION('',(-1.,0.,0.));
#10336=DIRECTION('',(0.,0.,-1.));
#10337=DIRECTION('',(0.,0.141421356237309,-0.989949493661167));
#10338=DIRECTION('',(0.,0.989949493661167,0.141421356237309));
#10339=DIRECTION('',(-1.,0.,0.));
#10340=DIRECTION('',(0.,-0.989949493661167,-0.141421356237309));
#10341=DIRECTION('',(-1.,0.,0.));
#10342=DIRECTION('',(-1.,0.,0.));
#10343=DIRECTION('',(0.,1.,0.));
#10344=DIRECTION('',(0.,0.,1.));
#10345=DIRECTION('',(-1.,0.,0.));
#10346=DIRECTION('',(0.,0.,-1.));
#10347=DIRECTION('',(-1.,0.,0.));
#10348=DIRECTION('',(-1.,0.,0.));
#10349=DIRECTION('',(-1.,0.,0.));
#10350=DIRECTION('',(-1.,0.,0.));
#10351=DIRECTION('',(-1.,0.,0.));
#10352=DIRECTION('',(0.,-1.,0.));
#10353=DIRECTION('',(0.,0.,1.));
#10354=DIRECTION('',(1.,0.,0.));
#10355=DIRECTION('',(0.,0.,-1.));
#10356=DIRECTION('',(-1.,0.,0.));
#10357=DIRECTION('',(0.,0.,1.));
#10358=DIRECTION('',(1.,0.,0.));
#10359=DIRECTION('',(0.,0.,-1.));
#10360=DIRECTION('',(0.,0.,1.));
#10361=DIRECTION('',(1.,0.,0.));
#10362=DIRECTION('',(0.,0.,-1.));
#10363=DIRECTION('',(0.,1.,0.));
#10364=DIRECTION('',(0.,0.,1.));
#10365=DIRECTION('',(1.,0.,0.));
#10366=DIRECTION('',(0.,0.,-1.));
#10367=DIRECTION('',(1.,0.,0.));
#10368=DIRECTION('',(0.,0.,-1.));
#10369=DIRECTION('',(-1.,0.,0.));
#10370=DIRECTION('',(0.,0.,1.));
#10371=DIRECTION('',(1.,0.,0.));
#10372=DIRECTION('',(0.,0.,-1.));
#10373=DIRECTION('',(0.,0.,1.));
#10374=DIRECTION('',(1.,0.,0.));
#10375=DIRECTION('',(1.,0.,0.));
#10376=DIRECTION('',(0.,0.,-1.));
#10377=DIRECTION('',(0.,-1.,0.));
#10378=DIRECTION('',(0.,0.,-1.));
#10379=DIRECTION('',(0.,-1.,0.));
#10380=DIRECTION('',(0.,0.,-1.));
#10381=DIRECTION('',(-1.,0.,0.));
#10382=DIRECTION('',(0.,0.,1.));
#10383=DIRECTION('',(1.,0.,0.));
#10384=DIRECTION('',(0.,0.,-1.));
#10385=DIRECTION('',(0.,0.,1.));
#10386=DIRECTION('',(1.,0.,0.));
#10387=DIRECTION('',(0.,1.,0.));
#10388=DIRECTION('',(0.,0.,1.));
#10389=DIRECTION('',(1.,0.,0.));
#10390=DIRECTION('',(0.,0.,-1.));
#10391=DIRECTION('',(1.,0.,0.));
#10392=DIRECTION('',(0.,0.,-1.));
#10393=DIRECTION('',(-1.,0.,0.));
#10394=DIRECTION('',(0.,0.,1.));
#10395=DIRECTION('',(1.,0.,0.));
#10396=DIRECTION('',(0.,0.,-1.));
#10397=DIRECTION('',(0.,0.,1.));
#10398=DIRECTION('',(1.,0.,0.));
#10399=DIRECTION('',(0.,0.,-1.));
#10400=DIRECTION('',(-1.,0.,0.));
#10401=DIRECTION('',(0.,0.,1.));
#10402=DIRECTION('',(1.,0.,0.));
#10403=DIRECTION('',(0.,0.,-1.));
#10404=DIRECTION('',(0.,0.,1.));
#10405=DIRECTION('',(1.,0.,0.));
#10406=DIRECTION('',(0.,0.,-1.));
#10407=DIRECTION('',(0.,1.,0.));
#10408=DIRECTION('',(0.,0.,1.));
#10409=DIRECTION('',(1.,0.,0.));
#10410=DIRECTION('',(0.,0.,-1.));
#10411=DIRECTION('',(1.,0.,0.));
#10412=DIRECTION('',(0.,0.,-1.));
#10413=DIRECTION('',(-1.,0.,0.));
#10414=DIRECTION('',(0.,0.,1.));
#10415=DIRECTION('',(1.,0.,0.));
#10416=DIRECTION('',(0.,0.,-1.));
#10417=DIRECTION('',(0.,0.,1.));
#10418=DIRECTION('',(1.,0.,0.));
#10419=DIRECTION('',(1.,0.,0.));
#10420=DIRECTION('',(0.,0.,-1.));
#10421=DIRECTION('',(0.,-1.,0.));
#10422=DIRECTION('',(0.,0.,-1.));
#10423=DIRECTION('',(0.,-1.,0.));
#10424=DIRECTION('',(0.,0.,-1.));
#10425=DIRECTION('',(-1.,0.,0.));
#10426=DIRECTION('',(0.,0.,1.));
#10427=DIRECTION('',(1.,0.,0.));
#10428=DIRECTION('',(0.,0.,-1.));
#10429=DIRECTION('',(0.,0.,1.));
#10430=DIRECTION('',(1.,0.,0.));
#10431=DIRECTION('',(0.,1.,0.));
#10432=DIRECTION('',(0.,0.,1.));
#10433=DIRECTION('',(1.,0.,0.));
#10434=DIRECTION('',(0.,0.,-1.));
#10435=DIRECTION('',(1.,0.,0.));
#10436=DIRECTION('',(0.,0.,-1.));
#10437=DIRECTION('',(-1.,0.,0.));
#10438=DIRECTION('',(0.,0.,1.));
#10439=DIRECTION('',(1.,0.,0.));
#10440=DIRECTION('',(0.,0.,-1.));
#10441=DIRECTION('',(0.,0.,1.));
#10442=DIRECTION('',(1.,0.,0.));
#10443=DIRECTION('',(0.,0.,-1.));
#10444=DIRECTION('',(-1.,0.,0.));
#10445=DIRECTION('',(0.,0.,1.));
#10446=DIRECTION('',(1.,0.,0.));
#10447=DIRECTION('',(0.,0.,-1.));
#10448=DIRECTION('',(0.,0.,1.));
#10449=DIRECTION('',(1.,0.,0.));
#10450=DIRECTION('',(0.,0.,-1.));
#10451=DIRECTION('',(0.,1.,0.));
#10452=DIRECTION('',(0.,0.,1.));
#10453=DIRECTION('',(1.,0.,0.));
#10454=DIRECTION('',(0.,0.,-1.));
#10455=DIRECTION('',(1.,0.,0.));
#10456=DIRECTION('',(0.,0.,-1.));
#10457=DIRECTION('',(-1.,0.,0.));
#10458=DIRECTION('',(0.,0.,1.));
#10459=DIRECTION('',(1.,0.,0.));
#10460=DIRECTION('',(0.,0.,-1.));
#10461=DIRECTION('',(0.,0.,1.));
#10462=DIRECTION('',(1.,0.,0.));
#10463=DIRECTION('',(1.,0.,0.));
#10464=DIRECTION('',(0.,0.,-1.));
#10465=DIRECTION('',(0.,-1.,0.));
#10466=DIRECTION('',(0.,0.,-1.));
#10467=DIRECTION('',(0.,-1.,0.));
#10468=DIRECTION('',(0.,0.,-1.));
#10469=DIRECTION('',(-1.,0.,0.));
#10470=DIRECTION('',(0.,0.,1.));
#10471=DIRECTION('',(1.,0.,0.));
#10472=DIRECTION('',(0.,0.,-1.));
#10473=DIRECTION('',(0.,0.,1.));
#10474=DIRECTION('',(1.,0.,0.));
#10475=DIRECTION('',(0.,1.,0.));
#10476=DIRECTION('',(0.,0.,1.));
#10477=DIRECTION('',(1.,0.,0.));
#10478=DIRECTION('',(0.,0.,-1.));
#10479=DIRECTION('',(1.,0.,0.));
#10480=DIRECTION('',(0.,0.,-1.));
#10481=DIRECTION('',(-1.,0.,0.));
#10482=DIRECTION('',(0.,0.,1.));
#10483=DIRECTION('',(1.,0.,0.));
#10484=DIRECTION('',(0.,0.,-1.));
#10485=DIRECTION('',(0.,0.,1.));
#10486=DIRECTION('',(1.,0.,0.));
#10487=DIRECTION('',(0.,0.,-1.));
#10488=DIRECTION('',(-1.,0.,0.));
#10489=DIRECTION('',(0.,0.,1.));
#10490=DIRECTION('',(1.,0.,0.));
#10491=DIRECTION('',(0.,0.,-1.));
#10492=DIRECTION('',(0.,0.,1.));
#10493=DIRECTION('',(1.,0.,0.));
#10494=DIRECTION('',(0.,0.,-1.));
#10495=DIRECTION('',(0.,1.,0.));
#10496=DIRECTION('',(0.,0.,1.));
#10497=DIRECTION('',(1.,0.,0.));
#10498=DIRECTION('',(0.,0.,-1.));
#10499=DIRECTION('',(1.,0.,0.));
#10500=DIRECTION('',(0.,0.,-1.));
#10501=DIRECTION('',(-1.,0.,0.));
#10502=DIRECTION('',(0.,0.,1.));
#10503=DIRECTION('',(1.,0.,0.));
#10504=DIRECTION('',(0.,0.,-1.));
#10505=DIRECTION('',(0.,0.,1.));
#10506=DIRECTION('',(1.,0.,0.));
#10507=DIRECTION('',(1.,0.,0.));
#10508=DIRECTION('',(0.,0.,-1.));
#10509=DIRECTION('',(0.,-1.,0.));
#10510=DIRECTION('',(0.,0.,-1.));
#10511=DIRECTION('',(0.,-1.,0.));
#10512=DIRECTION('',(0.,0.,-1.));
#10513=DIRECTION('',(-1.,0.,0.));
#10514=DIRECTION('',(0.,0.,1.));
#10515=DIRECTION('',(1.,0.,0.));
#10516=DIRECTION('',(0.,0.,-1.));
#10517=DIRECTION('',(0.,0.,1.));
#10518=DIRECTION('',(1.,0.,0.));
#10519=DIRECTION('',(0.,1.,0.));
#10520=DIRECTION('',(0.,0.,1.));
#10521=DIRECTION('',(1.,0.,0.));
#10522=DIRECTION('',(0.,0.,-1.));
#10523=DIRECTION('',(1.,0.,0.));
#10524=DIRECTION('',(0.,0.,-1.));
#10525=DIRECTION('',(-1.,0.,0.));
#10526=DIRECTION('',(0.,0.,1.));
#10527=DIRECTION('',(1.,0.,0.));
#10528=DIRECTION('',(0.,0.,-1.));
#10529=DIRECTION('',(0.,0.,1.));
#10530=DIRECTION('',(1.,0.,0.));
#10531=DIRECTION('',(0.,0.,-1.));
#10532=DIRECTION('',(-1.,0.,0.));
#10533=DIRECTION('',(0.,0.,1.));
#10534=DIRECTION('',(1.,0.,0.));
#10535=DIRECTION('',(0.,0.,-1.));
#10536=DIRECTION('',(0.,0.,1.));
#10537=DIRECTION('',(1.,0.,0.));
#10538=DIRECTION('',(0.,0.,-1.));
#10539=DIRECTION('',(0.,1.,0.));
#10540=DIRECTION('',(0.,0.,1.));
#10541=DIRECTION('',(1.,0.,0.));
#10542=DIRECTION('',(0.,0.,-1.));
#10543=DIRECTION('',(1.,0.,0.));
#10544=DIRECTION('',(0.,0.,-1.));
#10545=DIRECTION('',(-1.,0.,0.));
#10546=DIRECTION('',(0.,0.,1.));
#10547=DIRECTION('',(1.,0.,0.));
#10548=DIRECTION('',(0.,0.,-1.));
#10549=DIRECTION('',(0.,0.,1.));
#10550=DIRECTION('',(1.,0.,0.));
#10551=DIRECTION('',(1.,0.,0.));
#10552=DIRECTION('',(0.,0.,-1.));
#10553=DIRECTION('',(0.,-1.,0.));
#10554=DIRECTION('',(0.,0.,-1.));
#10555=DIRECTION('',(0.,-1.,0.));
#10556=DIRECTION('',(0.,0.,-1.));
#10557=DIRECTION('',(-1.,0.,0.));
#10558=DIRECTION('',(0.,0.,1.));
#10559=DIRECTION('',(1.,0.,0.));
#10560=DIRECTION('',(0.,0.,-1.));
#10561=DIRECTION('',(0.,0.,1.));
#10562=DIRECTION('',(1.,0.,0.));
#10563=DIRECTION('',(0.,1.,0.));
#10564=DIRECTION('',(0.,0.,1.));
#10565=DIRECTION('',(1.,0.,0.));
#10566=DIRECTION('',(0.,0.,-1.));
#10567=DIRECTION('',(1.,0.,0.));
#10568=DIRECTION('',(0.,0.,-1.));
#10569=DIRECTION('',(-1.,0.,0.));
#10570=DIRECTION('',(0.,0.,1.));
#10571=DIRECTION('',(1.,0.,0.));
#10572=DIRECTION('',(0.,0.,-1.));
#10573=DIRECTION('',(0.,0.,1.));
#10574=DIRECTION('',(1.,0.,0.));
#10575=DIRECTION('',(0.,0.,-1.));
#10576=DIRECTION('',(-1.,0.,0.));
#10577=DIRECTION('',(0.,0.,1.));
#10578=DIRECTION('',(1.,0.,0.));
#10579=DIRECTION('',(0.,0.,-1.));
#10580=DIRECTION('',(0.,0.,1.));
#10581=DIRECTION('',(1.,0.,0.));
#10582=DIRECTION('',(0.,0.,-1.));
#10583=DIRECTION('',(0.,1.,0.));
#10584=DIRECTION('',(0.,0.,1.));
#10585=DIRECTION('',(1.,0.,0.));
#10586=DIRECTION('',(0.,0.,-1.));
#10587=DIRECTION('',(1.,0.,0.));
#10588=DIRECTION('',(0.,0.,-1.));
#10589=DIRECTION('',(-1.,0.,0.));
#10590=DIRECTION('',(0.,0.,1.));
#10591=DIRECTION('',(1.,0.,0.));
#10592=DIRECTION('',(0.,0.,-1.));
#10593=DIRECTION('',(0.,0.,1.));
#10594=DIRECTION('',(1.,0.,0.));
#10595=DIRECTION('',(1.,0.,0.));
#10596=DIRECTION('',(0.,0.,-1.));
#10597=DIRECTION('',(0.,-1.,0.));
#10598=DIRECTION('',(0.,0.,-1.));
#10599=DIRECTION('',(0.,-1.,0.));
#10600=DIRECTION('',(0.,0.,-1.));
#10601=DIRECTION('',(-1.,0.,0.));
#10602=DIRECTION('',(0.,0.,1.));
#10603=DIRECTION('',(1.,0.,0.));
#10604=DIRECTION('',(0.,0.,-1.));
#10605=DIRECTION('',(0.,0.,1.));
#10606=DIRECTION('',(1.,0.,0.));
#10607=DIRECTION('',(0.,1.,0.));
#10608=DIRECTION('',(0.,0.,1.));
#10609=DIRECTION('',(1.,0.,0.));
#10610=DIRECTION('',(0.,0.,-1.));
#10611=DIRECTION('',(1.,0.,0.));
#10612=DIRECTION('',(0.,0.,-1.));
#10613=DIRECTION('',(-1.,0.,0.));
#10614=DIRECTION('',(0.,0.,1.));
#10615=DIRECTION('',(1.,0.,0.));
#10616=DIRECTION('',(0.,0.,-1.));
#10617=DIRECTION('',(0.,0.,1.));
#10618=DIRECTION('',(1.,0.,0.));
#10619=DIRECTION('',(0.,0.,-1.));
#10620=DIRECTION('',(-1.,0.,0.));
#10621=DIRECTION('',(0.,0.,1.));
#10622=DIRECTION('',(1.,0.,0.));
#10623=DIRECTION('',(0.,0.,-1.));
#10624=DIRECTION('',(0.,0.,1.));
#10625=DIRECTION('',(1.,0.,0.));
#10626=DIRECTION('',(0.,0.,-1.));
#10627=DIRECTION('',(0.,1.,0.));
#10628=DIRECTION('',(0.,0.,1.));
#10629=DIRECTION('',(1.,0.,0.));
#10630=DIRECTION('',(0.,0.,-1.));
#10631=DIRECTION('',(1.,0.,0.));
#10632=DIRECTION('',(0.,0.,-1.));
#10633=DIRECTION('',(-1.,0.,0.));
#10634=DIRECTION('',(0.,0.,1.));
#10635=DIRECTION('',(1.,0.,0.));
#10636=DIRECTION('',(0.,0.,-1.));
#10637=DIRECTION('',(0.,0.,1.));
#10638=DIRECTION('',(1.,0.,0.));
#10639=DIRECTION('',(1.,0.,0.));
#10640=DIRECTION('',(0.,0.,-1.));
#10641=DIRECTION('',(0.,-1.,0.));
#10642=DIRECTION('',(0.,0.,-1.));
#10643=DIRECTION('',(0.,-1.,0.));
#10644=DIRECTION('',(0.,0.,-1.));
#10645=DIRECTION('',(-1.,0.,0.));
#10646=DIRECTION('',(0.,0.,1.));
#10647=DIRECTION('',(1.,0.,0.));
#10648=DIRECTION('',(0.,0.,-1.));
#10649=DIRECTION('',(0.,0.,1.));
#10650=DIRECTION('',(1.,0.,0.));
#10651=DIRECTION('',(0.,1.,0.));
#10652=DIRECTION('',(0.,0.,1.));
#10653=DIRECTION('',(1.,0.,0.));
#10654=DIRECTION('',(0.,0.,-1.));
#10655=DIRECTION('',(1.,0.,0.));
#10656=DIRECTION('',(0.,0.,-1.));
#10657=DIRECTION('',(-1.,0.,0.));
#10658=DIRECTION('',(0.,0.,1.));
#10659=DIRECTION('',(1.,0.,0.));
#10660=DIRECTION('',(0.,0.,-1.));
#10661=DIRECTION('',(0.,0.,1.));
#10662=DIRECTION('',(1.,0.,0.));
#10663=DIRECTION('',(0.,0.,-1.));
#10664=DIRECTION('',(-1.,0.,0.));
#10665=DIRECTION('',(0.,0.,1.));
#10666=DIRECTION('',(1.,0.,0.));
#10667=DIRECTION('',(0.,0.,-1.));
#10668=DIRECTION('',(0.,0.,1.));
#10669=DIRECTION('',(1.,0.,0.));
#10670=DIRECTION('',(0.,0.,-1.));
#10671=DIRECTION('',(0.,1.,0.));
#10672=DIRECTION('',(0.,0.,1.));
#10673=DIRECTION('',(1.,0.,0.));
#10674=DIRECTION('',(0.,0.,-1.));
#10675=DIRECTION('',(1.,0.,0.));
#10676=DIRECTION('',(0.,0.,-1.));
#10677=DIRECTION('',(-1.,0.,0.));
#10678=DIRECTION('',(0.,0.,1.));
#10679=DIRECTION('',(1.,0.,0.));
#10680=DIRECTION('',(0.,0.,-1.));
#10681=DIRECTION('',(0.,0.,1.));
#10682=DIRECTION('',(1.,0.,0.));
#10683=DIRECTION('',(1.,0.,0.));
#10684=DIRECTION('',(0.,0.,-1.));
#10685=DIRECTION('',(0.,-1.,0.));
#10686=DIRECTION('',(0.,0.,-1.));
#10687=DIRECTION('',(0.,-1.,0.));
#10688=DIRECTION('',(0.,0.,-1.));
#10689=DIRECTION('',(-1.,0.,0.));
#10690=DIRECTION('',(0.,0.,1.));
#10691=DIRECTION('',(1.,0.,0.));
#10692=DIRECTION('',(0.,0.,-1.));
#10693=DIRECTION('',(0.,0.,1.));
#10694=DIRECTION('',(1.,0.,0.));
#10695=DIRECTION('',(0.,1.,0.));
#10696=DIRECTION('',(0.,0.,1.));
#10697=DIRECTION('',(1.,0.,0.));
#10698=DIRECTION('',(0.,0.,-1.));
#10699=DIRECTION('',(1.,0.,0.));
#10700=DIRECTION('',(0.,0.,-1.));
#10701=DIRECTION('',(-1.,0.,0.));
#10702=DIRECTION('',(0.,0.,1.));
#10703=DIRECTION('',(1.,0.,0.));
#10704=DIRECTION('',(0.,0.,-1.));
#10705=DIRECTION('',(0.,0.,1.));
#10706=DIRECTION('',(1.,0.,0.));
#10707=DIRECTION('',(0.,0.,-1.));
#10708=DIRECTION('',(-1.,0.,0.));
#10709=DIRECTION('',(0.,0.,1.));
#10710=DIRECTION('',(1.,0.,0.));
#10711=DIRECTION('',(0.,0.,-1.));
#10712=DIRECTION('',(0.,0.,1.));
#10713=DIRECTION('',(1.,0.,0.));
#10714=DIRECTION('',(0.,0.,-1.));
#10715=DIRECTION('',(0.,1.,0.));
#10716=DIRECTION('',(0.,0.,1.));
#10717=DIRECTION('',(1.,0.,0.));
#10718=DIRECTION('',(0.,0.,-1.));
#10719=DIRECTION('',(1.,0.,0.));
#10720=DIRECTION('',(0.,0.,-1.));
#10721=DIRECTION('',(-1.,0.,0.));
#10722=DIRECTION('',(0.,0.,1.));
#10723=DIRECTION('',(1.,0.,0.));
#10724=DIRECTION('',(0.,0.,-1.));
#10725=DIRECTION('',(0.,0.,1.));
#10726=DIRECTION('',(1.,0.,0.));
#10727=DIRECTION('',(1.,0.,0.));
#10728=DIRECTION('',(0.,0.,-1.));
#10729=DIRECTION('',(0.,-1.,0.));
#10730=DIRECTION('',(0.,0.,-1.));
#10731=DIRECTION('',(0.,-1.,0.));
#10732=DIRECTION('',(0.,0.,-1.));
#10733=DIRECTION('',(-1.,0.,0.));
#10734=DIRECTION('',(0.,0.,1.));
#10735=DIRECTION('',(1.,0.,0.));
#10736=DIRECTION('',(0.,0.,-1.));
#10737=DIRECTION('',(0.,0.,1.));
#10738=DIRECTION('',(1.,0.,0.));
#10739=DIRECTION('',(0.,1.,0.));
#10740=DIRECTION('',(0.,0.,1.));
#10741=DIRECTION('',(1.,0.,0.));
#10742=DIRECTION('',(0.,0.,-1.));
#10743=DIRECTION('',(1.,0.,0.));
#10744=DIRECTION('',(0.,0.,-1.));
#10745=DIRECTION('',(-1.,0.,0.));
#10746=DIRECTION('',(0.,0.,1.));
#10747=DIRECTION('',(1.,0.,0.));
#10748=DIRECTION('',(0.,0.,-1.));
#10749=DIRECTION('',(0.,0.,1.));
#10750=DIRECTION('',(1.,0.,0.));
#10751=DIRECTION('',(0.,0.,-1.));
#10752=DIRECTION('',(-1.,0.,0.));
#10753=DIRECTION('',(0.,0.,1.));
#10754=DIRECTION('',(1.,0.,0.));
#10755=DIRECTION('',(0.,0.,-1.));
#10756=DIRECTION('',(0.,0.,1.));
#10757=DIRECTION('',(1.,0.,0.));
#10758=DIRECTION('',(0.,0.,-1.));
#10759=DIRECTION('',(0.,1.,0.));
#10760=DIRECTION('',(0.,0.,1.));
#10761=DIRECTION('',(1.,0.,0.));
#10762=DIRECTION('',(0.,0.,-1.));
#10763=DIRECTION('',(1.,0.,0.));
#10764=DIRECTION('',(0.,0.,-1.));
#10765=DIRECTION('',(-1.,0.,0.));
#10766=DIRECTION('',(0.,0.,1.));
#10767=DIRECTION('',(1.,0.,0.));
#10768=DIRECTION('',(0.,0.,-1.));
#10769=DIRECTION('',(0.,0.,1.));
#10770=DIRECTION('',(1.,0.,0.));
#10771=DIRECTION('',(1.,0.,0.));
#10772=DIRECTION('',(0.,0.,-1.));
#10773=DIRECTION('',(0.,-1.,0.));
#10774=DIRECTION('',(0.,0.,-1.));
#10775=DIRECTION('',(0.,-1.,0.));
#10776=DIRECTION('',(0.,0.,-1.));
#10777=DIRECTION('',(-1.,0.,0.));
#10778=DIRECTION('',(0.,0.,1.));
#10779=DIRECTION('',(1.,0.,0.));
#10780=DIRECTION('',(0.,0.,-1.));
#10781=DIRECTION('',(0.,0.,1.));
#10782=DIRECTION('',(1.,0.,0.));
#10783=DIRECTION('',(0.,1.,0.));
#10784=DIRECTION('',(0.,0.,1.));
#10785=DIRECTION('',(1.,0.,0.));
#10786=DIRECTION('',(0.,0.,-1.));
#10787=DIRECTION('',(1.,0.,0.));
#10788=DIRECTION('',(0.,0.,-1.));
#10789=DIRECTION('',(-1.,0.,0.));
#10790=DIRECTION('',(0.,0.,1.));
#10791=DIRECTION('',(1.,0.,0.));
#10792=DIRECTION('',(0.,0.,-1.));
#10793=DIRECTION('',(0.,0.,1.));
#10794=DIRECTION('',(1.,0.,0.));
#10795=DIRECTION('',(0.,0.,-1.));
#10796=DIRECTION('',(-1.,0.,0.));
#10797=DIRECTION('',(0.,0.,1.));
#10798=DIRECTION('',(1.,0.,0.));
#10799=DIRECTION('',(0.,0.,-1.));
#10800=DIRECTION('',(0.,0.,1.));
#10801=DIRECTION('',(1.,0.,0.));
#10802=DIRECTION('',(0.,0.,-1.));
#10803=DIRECTION('',(0.,1.,0.));
#10804=DIRECTION('',(0.,0.,1.));
#10805=DIRECTION('',(1.,0.,0.));
#10806=DIRECTION('',(0.,0.,-1.));
#10807=DIRECTION('',(1.,0.,0.));
#10808=DIRECTION('',(0.,0.,-1.));
#10809=DIRECTION('',(-1.,0.,0.));
#10810=DIRECTION('',(0.,0.,1.));
#10811=DIRECTION('',(1.,0.,0.));
#10812=DIRECTION('',(0.,0.,-1.));
#10813=DIRECTION('',(0.,0.,1.));
#10814=DIRECTION('',(1.,0.,0.));
#10815=DIRECTION('',(1.,0.,0.));
#10816=DIRECTION('',(0.,0.,-1.));
#10817=DIRECTION('',(0.,-1.,0.));
#10818=DIRECTION('',(0.,0.,-1.));
#10819=DIRECTION('',(0.,-1.,0.));
#10820=DIRECTION('',(0.,0.,-1.));
#10821=DIRECTION('',(-1.,0.,0.));
#10822=DIRECTION('',(0.,0.,1.));
#10823=DIRECTION('',(1.,0.,0.));
#10824=DIRECTION('',(0.,0.,-1.));
#10825=DIRECTION('',(0.,0.,1.));
#10826=DIRECTION('',(1.,0.,0.));
#10827=DIRECTION('',(0.,1.,0.));
#10828=DIRECTION('',(0.,0.,1.));
#10829=DIRECTION('',(1.,0.,0.));
#10830=DIRECTION('',(0.,0.,-1.));
#10831=DIRECTION('',(1.,0.,0.));
#10832=DIRECTION('',(0.,0.,-1.));
#10833=DIRECTION('',(-1.,0.,0.));
#10834=DIRECTION('',(0.,0.,1.));
#10835=DIRECTION('',(1.,0.,0.));
#10836=DIRECTION('',(0.,0.,-1.));
#10837=DIRECTION('',(0.,0.,1.));
#10838=DIRECTION('',(1.,0.,0.));
#10839=DIRECTION('',(0.,0.,-1.));
#10840=DIRECTION('',(-1.,0.,0.));
#10841=DIRECTION('',(0.,0.,1.));
#10842=DIRECTION('',(1.,0.,0.));
#10843=DIRECTION('',(0.,0.,-1.));
#10844=DIRECTION('',(0.,0.,1.));
#10845=DIRECTION('',(1.,0.,0.));
#10846=DIRECTION('',(0.,0.,-1.));
#10847=DIRECTION('',(0.,1.,0.));
#10848=DIRECTION('',(0.,0.,1.));
#10849=DIRECTION('',(1.,0.,0.));
#10850=DIRECTION('',(0.,0.,-1.));
#10851=DIRECTION('',(1.,0.,0.));
#10852=DIRECTION('',(0.,0.,-1.));
#10853=DIRECTION('',(-1.,0.,0.));
#10854=DIRECTION('',(0.,0.,1.));
#10855=DIRECTION('',(1.,0.,0.));
#10856=DIRECTION('',(0.,0.,-1.));
#10857=DIRECTION('',(0.,0.,1.));
#10858=DIRECTION('',(1.,0.,0.));
#10859=DIRECTION('',(1.,0.,0.));
#10860=DIRECTION('',(0.,0.,-1.));
#10861=DIRECTION('',(0.,-1.,0.));
#10862=DIRECTION('',(0.,0.,-1.));
#10863=DIRECTION('',(0.,-1.,0.));
#10864=DIRECTION('',(0.,0.,-1.));
#10865=DIRECTION('',(-1.,0.,0.));
#10866=DIRECTION('',(0.,0.,1.));
#10867=DIRECTION('',(1.,0.,0.));
#10868=DIRECTION('',(0.,0.,-1.));
#10869=DIRECTION('',(0.,0.,1.));
#10870=DIRECTION('',(1.,0.,0.));
#10871=DIRECTION('',(0.,1.,0.));
#10872=DIRECTION('',(0.,0.,1.));
#10873=DIRECTION('',(1.,0.,0.));
#10874=DIRECTION('',(0.,0.,-1.));
#10875=DIRECTION('',(1.,0.,0.));
#10876=DIRECTION('',(0.,0.,-1.));
#10877=DIRECTION('',(-1.,0.,0.));
#10878=DIRECTION('',(0.,0.,1.));
#10879=DIRECTION('',(1.,0.,0.));
#10880=DIRECTION('',(0.,0.,-1.));
#10881=DIRECTION('',(0.,0.,1.));
#10882=DIRECTION('',(1.,0.,0.));
#10883=DIRECTION('',(0.,0.,-1.));
#10884=DIRECTION('',(-1.,0.,0.));
#10885=DIRECTION('',(0.,0.,1.));
#10886=DIRECTION('',(1.,0.,0.));
#10887=DIRECTION('',(0.,0.,-1.));
#10888=DIRECTION('',(0.,0.,1.));
#10889=DIRECTION('',(1.,0.,0.));
#10890=DIRECTION('',(0.,0.,-1.));
#10891=DIRECTION('',(0.,1.,0.));
#10892=DIRECTION('',(0.,0.,1.));
#10893=DIRECTION('',(1.,0.,0.));
#10894=DIRECTION('',(0.,0.,-1.));
#10895=DIRECTION('',(1.,0.,0.));
#10896=DIRECTION('',(0.,0.,-1.));
#10897=DIRECTION('',(-1.,0.,0.));
#10898=DIRECTION('',(0.,0.,1.));
#10899=DIRECTION('',(1.,0.,0.));
#10900=DIRECTION('',(0.,0.,-1.));
#10901=DIRECTION('',(0.,0.,1.));
#10902=DIRECTION('',(1.,0.,0.));
#10903=DIRECTION('',(1.,0.,0.));
#10904=DIRECTION('',(0.,0.,-1.));
#10905=DIRECTION('',(0.,-1.,0.));
#10906=DIRECTION('',(0.,0.,-1.));
#10907=DIRECTION('',(0.,-1.,0.));
#10908=DIRECTION('',(0.,0.,-1.));
#10909=DIRECTION('',(-1.,0.,0.));
#10910=DIRECTION('',(0.,0.,1.));
#10911=DIRECTION('',(1.,0.,0.));
#10912=DIRECTION('',(0.,0.,-1.));
#10913=DIRECTION('',(0.,0.,1.));
#10914=DIRECTION('',(1.,0.,0.));
#10915=DIRECTION('',(0.,1.,0.));
#10916=DIRECTION('',(0.,0.,1.));
#10917=DIRECTION('',(1.,0.,0.));
#10918=DIRECTION('',(0.,0.,-1.));
#10919=DIRECTION('',(1.,0.,0.));
#10920=DIRECTION('',(0.,0.,-1.));
#10921=DIRECTION('',(-1.,0.,0.));
#10922=DIRECTION('',(0.,0.,1.));
#10923=DIRECTION('',(1.,0.,0.));
#10924=DIRECTION('',(0.,0.,-1.));
#10925=DIRECTION('',(0.,0.,1.));
#10926=DIRECTION('',(1.,0.,0.));
#10927=DIRECTION('',(0.,0.,-1.));
#10928=DIRECTION('',(-1.,0.,0.));
#10929=DIRECTION('',(0.,0.,1.));
#10930=DIRECTION('',(1.,0.,0.));
#10931=DIRECTION('',(0.,0.,-1.));
#10932=DIRECTION('',(0.,0.,1.));
#10933=DIRECTION('',(1.,0.,0.));
#10934=DIRECTION('',(0.,0.,-1.));
#10935=DIRECTION('',(0.,1.,0.));
#10936=DIRECTION('',(0.,0.,1.));
#10937=DIRECTION('',(1.,0.,0.));
#10938=DIRECTION('',(0.,0.,-1.));
#10939=DIRECTION('',(1.,0.,0.));
#10940=DIRECTION('',(0.,0.,-1.));
#10941=DIRECTION('',(-1.,0.,0.));
#10942=DIRECTION('',(0.,0.,1.));
#10943=DIRECTION('',(1.,0.,0.));
#10944=DIRECTION('',(0.,0.,-1.));
#10945=DIRECTION('',(0.,0.,1.));
#10946=DIRECTION('',(1.,0.,0.));
#10947=DIRECTION('',(1.,0.,0.));
#10948=DIRECTION('',(0.,0.,-1.));
#10949=DIRECTION('',(0.,-1.,0.));
#10950=DIRECTION('',(0.,0.,-1.));
#10951=DIRECTION('',(0.,-1.,0.));
#10952=DIRECTION('',(0.,0.,-1.));
#10953=DIRECTION('',(-1.,0.,0.));
#10954=DIRECTION('',(0.,0.,1.));
#10955=DIRECTION('',(1.,0.,0.));
#10956=DIRECTION('',(0.,0.,-1.));
#10957=DIRECTION('',(0.,0.,1.));
#10958=DIRECTION('',(1.,0.,0.));
#10959=DIRECTION('',(0.,1.,0.));
#10960=DIRECTION('',(0.,0.,1.));
#10961=DIRECTION('',(1.,0.,0.));
#10962=DIRECTION('',(0.,0.,-1.));
#10963=DIRECTION('',(1.,0.,0.));
#10964=DIRECTION('',(0.,0.,-1.));
#10965=DIRECTION('',(-1.,0.,0.));
#10966=DIRECTION('',(0.,0.,1.));
#10967=DIRECTION('',(1.,0.,0.));
#10968=DIRECTION('',(0.,0.,-1.));
#10969=DIRECTION('',(0.,0.,1.));
#10970=DIRECTION('',(1.,0.,0.));
#10971=DIRECTION('',(0.,0.,-1.));
#10972=DIRECTION('',(-1.,0.,0.));
#10973=DIRECTION('',(0.,0.,1.));
#10974=DIRECTION('',(1.,0.,0.));
#10975=DIRECTION('',(0.,0.,-1.));
#10976=DIRECTION('',(0.,0.,1.));
#10977=DIRECTION('',(1.,0.,0.));
#10978=DIRECTION('',(0.,0.,-1.));
#10979=DIRECTION('',(0.,1.,0.));
#10980=DIRECTION('',(0.,0.,1.));
#10981=DIRECTION('',(1.,0.,0.));
#10982=DIRECTION('',(0.,0.,-1.));
#10983=DIRECTION('',(1.,0.,0.));
#10984=DIRECTION('',(0.,0.,-1.));
#10985=DIRECTION('',(-1.,0.,0.));
#10986=DIRECTION('',(0.,0.,1.));
#10987=DIRECTION('',(1.,0.,0.));
#10988=DIRECTION('',(0.,0.,-1.));
#10989=DIRECTION('',(0.,0.,1.));
#10990=DIRECTION('',(1.,0.,0.));
#10991=DIRECTION('',(1.,0.,0.));
#10992=DIRECTION('',(0.,0.,-1.));
#10993=DIRECTION('',(0.,-1.,0.));
#10994=DIRECTION('',(0.,0.,-1.));
#10995=DIRECTION('',(0.,-1.,0.));
#10996=DIRECTION('',(0.,0.,-1.));
#10997=DIRECTION('',(-1.,0.,0.));
#10998=DIRECTION('',(0.,0.,1.));
#10999=DIRECTION('',(1.,0.,0.));
#11000=DIRECTION('',(0.,0.,-1.));
#11001=DIRECTION('',(0.,0.,1.));
#11002=DIRECTION('',(1.,0.,0.));
#11003=DIRECTION('',(0.,1.,0.));
#11004=DIRECTION('',(0.,0.,1.));
#11005=DIRECTION('',(1.,0.,0.));
#11006=DIRECTION('',(0.,0.,-1.));
#11007=DIRECTION('',(1.,0.,0.));
#11008=DIRECTION('',(0.,0.,-1.));
#11009=DIRECTION('',(-1.,0.,0.));
#11010=DIRECTION('',(0.,0.,1.));
#11011=DIRECTION('',(1.,0.,0.));
#11012=DIRECTION('',(0.,0.,-1.));
#11013=DIRECTION('',(0.,0.,1.));
#11014=DIRECTION('',(1.,0.,0.));
#11015=DIRECTION('',(0.,0.,-1.));
#11016=DIRECTION('',(-1.,0.,0.));
#11017=DIRECTION('',(0.,0.,1.));
#11018=DIRECTION('',(1.,0.,0.));
#11019=DIRECTION('',(0.,0.,-1.));
#11020=DIRECTION('',(0.,0.,1.));
#11021=DIRECTION('',(1.,0.,0.));
#11022=DIRECTION('',(0.,0.,-1.));
#11023=DIRECTION('',(0.,1.,0.));
#11024=DIRECTION('',(0.,0.,1.));
#11025=DIRECTION('',(1.,0.,0.));
#11026=DIRECTION('',(0.,0.,-1.));
#11027=DIRECTION('',(1.,0.,0.));
#11028=DIRECTION('',(0.,0.,-1.));
#11029=DIRECTION('',(-1.,0.,0.));
#11030=DIRECTION('',(0.,0.,1.));
#11031=DIRECTION('',(1.,0.,0.));
#11032=DIRECTION('',(0.,0.,-1.));
#11033=DIRECTION('',(0.,0.,1.));
#11034=DIRECTION('',(1.,0.,0.));
#11035=DIRECTION('',(1.,0.,0.));
#11036=DIRECTION('',(0.,0.,-1.));
#11037=DIRECTION('',(0.,-1.,0.));
#11038=DIRECTION('',(0.,0.,-1.));
#11039=DIRECTION('',(0.,-1.,0.));
#11040=DIRECTION('',(0.,0.,-1.));
#11041=DIRECTION('',(-1.,0.,0.));
#11042=DIRECTION('',(0.,0.,1.));
#11043=DIRECTION('',(1.,0.,0.));
#11044=DIRECTION('',(0.,0.,-1.));
#11045=DIRECTION('',(0.,0.,1.));
#11046=DIRECTION('',(1.,0.,0.));
#11047=DIRECTION('',(0.,1.,0.));
#11048=DIRECTION('',(0.,0.,1.));
#11049=DIRECTION('',(1.,0.,0.));
#11050=DIRECTION('',(0.,0.,-1.));
#11051=DIRECTION('',(1.,0.,0.));
#11052=DIRECTION('',(0.,0.,-1.));
#11053=DIRECTION('',(-1.,0.,0.));
#11054=DIRECTION('',(0.,0.,1.));
#11055=DIRECTION('',(1.,0.,0.));
#11056=DIRECTION('',(0.,0.,-1.));
#11057=DIRECTION('',(0.,0.,1.));
#11058=DIRECTION('',(1.,0.,0.));
#11059=DIRECTION('',(0.,1.,0.));
#11060=DIRECTION('',(0.,0.,1.));
#11061=DIRECTION('',(1.,0.,0.));
#11062=DIRECTION('',(0.,0.,-1.));
#11063=DIRECTION('',(1.,0.,0.));
#11064=DIRECTION('',(0.,0.,-1.));
#11065=DIRECTION('',(1.,0.,0.));
#11066=DIRECTION('',(0.,0.,-1.));
#11067=DIRECTION('',(0.,-1.,0.));
#11068=DIRECTION('',(0.,0.,-1.));
#11069=DIRECTION('',(0.,-1.,0.));
#11070=DIRECTION('',(0.,1.,0.));
#11071=DIRECTION('',(0.,0.,1.));
#11072=DIRECTION('',(1.,0.,0.));
#11073=DIRECTION('',(0.,0.,-1.));
#11074=DIRECTION('',(1.,0.,0.));
#11075=DIRECTION('',(1.,0.,0.));
#11076=DIRECTION('',(0.,0.,-1.));
#11077=DIRECTION('',(0.,-1.,0.));
#11078=DIRECTION('',(0.,0.,-1.));
#11079=DIRECTION('',(0.,-1.,0.));
#11080=DIRECTION('',(0.,0.,-1.));
#11081=DIRECTION('',(0.,1.,0.));
#11082=DIRECTION('',(0.,0.,1.));
#11083=DIRECTION('',(1.,0.,0.));
#11084=DIRECTION('',(0.,0.,-1.));
#11085=DIRECTION('',(1.,0.,0.));
#11086=DIRECTION('',(1.,0.,0.));
#11087=DIRECTION('',(0.,0.,-1.));
#11088=DIRECTION('',(0.,-1.,0.));
#11089=DIRECTION('',(0.,0.,-1.));
#11090=DIRECTION('',(0.,-1.,0.));
#11091=DIRECTION('',(1.,0.,0.));
#11092=DIRECTION('',(0.,0.,-1.));
#11093=DIRECTION('',(0.,-1.,0.));
#11094=DIRECTION('',(0.,0.,-1.));
#11095=DIRECTION('',(0.,-1.,0.));
#11096=DIRECTION('',(0.,0.,-1.));
#11097=DIRECTION('',(0.,1.,0.));
#11098=DIRECTION('',(0.,0.,1.));
#11099=DIRECTION('',(1.,0.,0.));
#11100=DIRECTION('',(0.,0.,-1.));
#11101=DIRECTION('',(1.,0.,0.));
#11102=DIRECTION('',(1.,0.,0.));
#11103=DIRECTION('',(0.,0.,-1.));
#11104=DIRECTION('',(0.,-1.,0.));
#11105=DIRECTION('',(0.,0.,-1.));
#11106=DIRECTION('',(0.,-1.,0.));
#11107=DIRECTION('',(1.,0.,0.));
#11108=DIRECTION('',(0.,0.,-1.));
#11109=DIRECTION('',(0.,-1.,0.));
#11110=DIRECTION('',(0.,-1.,0.));
#11111=DIRECTION('',(1.,0.,0.));
#11112=DIRECTION('',(0.,0.,-1.));
#11113=DIRECTION('',(0.,-1.,0.));
#11114=DIRECTION('',(0.,-1.,0.));
#11115=DIRECTION('',(1.,0.,0.));
#11116=DIRECTION('',(0.,0.,-1.));
#11117=DIRECTION('',(0.,-1.,0.));
#11118=DIRECTION('',(0.,-1.,0.));
#11119=DIRECTION('',(1.,0.,0.));
#11120=DIRECTION('',(0.,0.,-1.));
#11121=DIRECTION('',(0.,-1.,0.));
#11122=DIRECTION('',(0.,-1.,0.));
#11123=DIRECTION('',(1.,0.,0.));
#11124=DIRECTION('',(0.,0.,-1.));
#11125=DIRECTION('',(0.,-1.,0.));
#11126=DIRECTION('',(0.,-1.,0.));
#11127=DIRECTION('',(1.,0.,0.));
#11128=DIRECTION('',(0.,0.,-1.));
#11129=DIRECTION('',(0.,-1.,0.));
#11130=DIRECTION('',(0.,-1.,0.));
#11131=DIRECTION('',(1.,0.,0.));
#11132=DIRECTION('',(0.,0.,-1.));
#11133=DIRECTION('',(0.,-1.,0.));
#11134=DIRECTION('',(0.,-1.,0.));
#11135=DIRECTION('',(1.,0.,0.));
#11136=DIRECTION('',(0.,0.,-1.));
#11137=DIRECTION('',(0.,-1.,0.));
#11138=DIRECTION('',(0.,-1.,0.));
#11139=DIRECTION('',(1.,0.,0.));
#11140=DIRECTION('',(0.,0.,-1.));
#11141=DIRECTION('',(0.,-1.,0.));
#11142=DIRECTION('',(0.,-1.,0.));
#11143=DIRECTION('',(1.,0.,0.));
#11144=DIRECTION('',(0.,0.,-1.));
#11145=DIRECTION('',(0.,-1.,0.));
#11146=DIRECTION('',(0.,-1.,0.));
#11147=DIRECTION('',(1.,0.,0.));
#11148=DIRECTION('',(0.,0.,-1.));
#11149=DIRECTION('',(0.,-1.,0.));
#11150=DIRECTION('',(0.,-1.,0.));
#11151=DIRECTION('',(1.,0.,0.));
#11152=DIRECTION('',(0.,0.,-1.));
#11153=DIRECTION('',(0.,-1.,0.));
#11154=DIRECTION('',(0.,-1.,0.));
#11155=DIRECTION('',(1.,0.,0.));
#11156=DIRECTION('',(0.,0.,-1.));
#11157=DIRECTION('',(0.,-1.,0.));
#11158=DIRECTION('',(0.,-1.,0.));
#11159=DIRECTION('',(1.,0.,0.));
#11160=DIRECTION('',(0.,0.,-1.));
#11161=DIRECTION('',(0.,-1.,0.));
#11162=DIRECTION('',(0.,-1.,0.));
#11163=DIRECTION('',(1.,0.,0.));
#11164=DIRECTION('',(0.,0.,-1.));
#11165=DIRECTION('',(0.,-1.,0.));
#11166=DIRECTION('',(0.,-1.,0.));
#11167=DIRECTION('',(1.,0.,0.));
#11168=DIRECTION('',(0.,0.,-1.));
#11169=DIRECTION('',(0.,-1.,0.));
#11170=DIRECTION('',(0.,-1.,0.));
#11171=DIRECTION('',(0.,1.,0.));
#11172=DIRECTION('',(0.,0.,1.));
#11173=DIRECTION('',(1.,0.,0.));
#11174=DIRECTION('',(1.,0.,0.));
#11175=DIRECTION('',(0.,1.,0.));
#11176=DIRECTION('',(0.,0.,1.));
#11177=DIRECTION('',(1.,0.,0.));
#11178=DIRECTION('',(1.,0.,0.));
#11179=DIRECTION('',(0.,0.,-1.));
#11180=DIRECTION('',(-1.,0.,0.));
#11181=DIRECTION('',(0.,0.,1.));
#11182=DIRECTION('',(1.,0.,0.));
#11183=DIRECTION('',(0.,0.,1.));
#11184=DIRECTION('',(1.,0.,0.));
#11185=DIRECTION('',(0.,0.,-1.));
#11186=DIRECTION('',(-1.,0.,0.));
#11187=DIRECTION('',(0.,0.,1.));
#11188=DIRECTION('',(1.,0.,0.));
#11189=DIRECTION('',(0.,0.,1.));
#11190=DIRECTION('',(1.,0.,0.));
#11191=DIRECTION('',(0.,0.,-1.));
#11192=DIRECTION('',(-1.,0.,0.));
#11193=DIRECTION('',(0.,0.,1.));
#11194=DIRECTION('',(1.,0.,0.));
#11195=DIRECTION('',(0.,0.,1.));
#11196=DIRECTION('',(1.,0.,0.));
#11197=DIRECTION('',(0.,0.,-1.));
#11198=DIRECTION('',(-1.,0.,0.));
#11199=DIRECTION('',(0.,0.,1.));
#11200=DIRECTION('',(1.,0.,0.));
#11201=DIRECTION('',(0.,0.,1.));
#11202=DIRECTION('',(1.,0.,0.));
#11203=DIRECTION('',(1.,0.,0.));
#11204=DIRECTION('',(0.,0.,-1.));
#11205=DIRECTION('',(0.,-1.,0.));
#11206=DIRECTION('',(0.,-1.,0.));
#11207=DIRECTION('',(0.,0.,1.));
#11208=DIRECTION('',(1.,0.,0.));
#11209=DIRECTION('',(0.,0.,1.));
#11210=DIRECTION('',(1.,0.,0.));
#11211=CARTESIAN_POINT('',(0.,0.,0.));
#11212=CARTESIAN_POINT('',(-0.0224,-0.1041,0.003));
#11213=CARTESIAN_POINT('',(-0.0224,-0.1041,0.003));
#11214=CARTESIAN_POINT('',(-0.0224,-0.1041,0.003));
#11215=CARTESIAN_POINT('',(-0.0224,-0.1041,0.00451));
#11216=CARTESIAN_POINT('',(-0.0224,-0.1041,0.00451));
#11217=CARTESIAN_POINT('',(-0.1114,-0.1041,0.00451));
#11218=CARTESIAN_POINT('',(-0.1114,-0.1041,0.003));
#11219=CARTESIAN_POINT('',(-0.1114,-0.1041,0.003));
#11220=CARTESIAN_POINT('',(-0.1659,-0.1041,0.003));
#11221=CARTESIAN_POINT('',(-0.0224,-0.0056,0.003));
#11222=CARTESIAN_POINT('',(-0.0224,-0.0056,0.003));
#11223=CARTESIAN_POINT('',(-0.0224,-0.0056,0.003));
#11224=CARTESIAN_POINT('',(-0.0224,-0.0056,0.00451));
#11225=CARTESIAN_POINT('',(-0.0224,-0.0056,0.00451));
#11226=CARTESIAN_POINT('',(-0.0224,0.0184,0.003));
#11227=CARTESIAN_POINT('',(-0.1114,-0.1041,0.003));
#11228=CARTESIAN_POINT('',(-0.1114,-0.1041,0.00451));
#11229=CARTESIAN_POINT('',(-0.1114,-0.0056,0.00451));
#11230=CARTESIAN_POINT('',(-0.1114,-0.0056,0.003));
#11231=CARTESIAN_POINT('',(-0.1114,-0.0056,0.003));
#11232=CARTESIAN_POINT('',(-0.1114,0.0184,0.003));
#11233=CARTESIAN_POINT('',(-0.1659,0.0184,0.003));
#11234=CARTESIAN_POINT('',(-0.1659,-0.0056,0.003));
#11235=CARTESIAN_POINT('',(-0.10636,-0.093725,0.003));
#11236=CARTESIAN_POINT('',(-0.10721,-0.093725,0.003));
#11237=CARTESIAN_POINT('',(-0.10509,-0.091185,0.003));
#11238=CARTESIAN_POINT('',(-0.10584,-0.091185,0.003));
#11239=CARTESIAN_POINT('',(-0.10128,-0.093725,0.003));
#11240=CARTESIAN_POINT('',(-0.10328,-0.093725,0.003));
#11241=CARTESIAN_POINT('',(-0.0962,-0.093725,0.003));
#11242=CARTESIAN_POINT('',(-0.09705,-0.093725,0.003));
#11243=CARTESIAN_POINT('',(-0.08736,-0.093725,0.003));
#11244=CARTESIAN_POINT('',(-0.08821,-0.093725,0.003));
#11245=CARTESIAN_POINT('',(-0.09874,-0.088645,0.003));
#11246=CARTESIAN_POINT('',(-0.09949,-0.088645,0.003));
#11247=CARTESIAN_POINT('',(-0.08228,-0.093725,0.003));
#11248=CARTESIAN_POINT('',(-0.08428,-0.093725,0.003));
#11249=CARTESIAN_POINT('',(-0.08609,-0.091185,0.003));
#11250=CARTESIAN_POINT('',(-0.08684,-0.091185,0.003));
#11251=CARTESIAN_POINT('',(-0.0772,-0.093725,0.003));
#11252=CARTESIAN_POINT('',(-0.07805,-0.093725,0.003));
#11253=CARTESIAN_POINT('',(-0.06836,-0.093725,0.003));
#11254=CARTESIAN_POINT('',(-0.06921,-0.093725,0.003));
#11255=CARTESIAN_POINT('',(-0.06709,-0.091185,0.003));
#11256=CARTESIAN_POINT('',(-0.06784,-0.091185,0.003));
#11257=CARTESIAN_POINT('',(-0.07974,-0.088645,0.003));
#11258=CARTESIAN_POINT('',(-0.08049,-0.088645,0.003));
#11259=CARTESIAN_POINT('',(-0.10636,-0.074725,0.003));
#11260=CARTESIAN_POINT('',(-0.10721,-0.074725,0.003));
#11261=CARTESIAN_POINT('',(-0.10128,-0.074725,0.003));
#11262=CARTESIAN_POINT('',(-0.10328,-0.074725,0.003));
#11263=CARTESIAN_POINT('',(-0.10509,-0.072185,0.003));
#11264=CARTESIAN_POINT('',(-0.10584,-0.072185,0.003));
#11265=CARTESIAN_POINT('',(-0.09874,-0.069645,0.003));
#11266=CARTESIAN_POINT('',(-0.09949,-0.069645,0.003));
#11267=CARTESIAN_POINT('',(-0.0962,-0.074725,0.003));
#11268=CARTESIAN_POINT('',(-0.09705,-0.074725,0.003));
#11269=CARTESIAN_POINT('',(-0.08736,-0.074725,0.003));
#11270=CARTESIAN_POINT('',(-0.08821,-0.074725,0.003));
#11271=CARTESIAN_POINT('',(-0.10636,-0.055725,0.003));
#11272=CARTESIAN_POINT('',(-0.10721,-0.055725,0.003));
#11273=CARTESIAN_POINT('',(-0.10128,-0.055725,0.003));
#11274=CARTESIAN_POINT('',(-0.10328,-0.055725,0.003));
#11275=CARTESIAN_POINT('',(-0.0962,-0.055725,0.003));
#11276=CARTESIAN_POINT('',(-0.09705,-0.055725,0.003));
#11277=CARTESIAN_POINT('',(-0.08736,-0.055725,0.003));
#11278=CARTESIAN_POINT('',(-0.08821,-0.055725,0.003));
#11279=CARTESIAN_POINT('',(-0.08228,-0.074725,0.003));
#11280=CARTESIAN_POINT('',(-0.08428,-0.074725,0.003));
#11281=CARTESIAN_POINT('',(-0.0772,-0.074725,0.003));
#11282=CARTESIAN_POINT('',(-0.07805,-0.074725,0.003));
#11283=CARTESIAN_POINT('',(-0.08609,-0.072185,0.003));
#11284=CARTESIAN_POINT('',(-0.08684,-0.072185,0.003));
#11285=CARTESIAN_POINT('',(-0.07974,-0.069645,0.003));
#11286=CARTESIAN_POINT('',(-0.08049,-0.069645,0.003));
#11287=CARTESIAN_POINT('',(-0.06836,-0.074725,0.003));
#11288=CARTESIAN_POINT('',(-0.06921,-0.074725,0.003));
#11289=CARTESIAN_POINT('',(-0.06709,-0.072185,0.003));
#11290=CARTESIAN_POINT('',(-0.06784,-0.072185,0.003));
#11291=CARTESIAN_POINT('',(-0.08228,-0.055725,0.003));
#11292=CARTESIAN_POINT('',(-0.08428,-0.055725,0.003));
#11293=CARTESIAN_POINT('',(-0.0772,-0.055725,0.003));
#11294=CARTESIAN_POINT('',(-0.07805,-0.055725,0.003));
#11295=CARTESIAN_POINT('',(-0.06836,-0.055725,0.003));
#11296=CARTESIAN_POINT('',(-0.06921,-0.055725,0.003));
#11297=CARTESIAN_POINT('',(-0.06328,-0.093725,0.003));
#11298=CARTESIAN_POINT('',(-0.06528,-0.093725,0.003));
#11299=CARTESIAN_POINT('',(-0.0582,-0.093725,0.003));
#11300=CARTESIAN_POINT('',(-0.05905,-0.093725,0.003));
#11301=CARTESIAN_POINT('',(-0.04936,-0.093725,0.003));
#11302=CARTESIAN_POINT('',(-0.05021,-0.093725,0.003));
#11303=CARTESIAN_POINT('',(-0.04809,-0.091185,0.003));
#11304=CARTESIAN_POINT('',(-0.04884,-0.091185,0.003));
#11305=CARTESIAN_POINT('',(-0.06074,-0.088645,0.003));
#11306=CARTESIAN_POINT('',(-0.06149,-0.088645,0.003));
#11307=CARTESIAN_POINT('',(-0.04428,-0.093725,0.003));
#11308=CARTESIAN_POINT('',(-0.04628,-0.093725,0.003));
#11309=CARTESIAN_POINT('',(-0.0392,-0.093725,0.003));
#11310=CARTESIAN_POINT('',(-0.04005,-0.093725,0.003));
#11311=CARTESIAN_POINT('',(-0.03209,-0.10185,0.003));
#11312=CARTESIAN_POINT('',(-0.03249,-0.10185,0.003));
#11313=CARTESIAN_POINT('',(-0.03209,-0.097525,0.003));
#11314=CARTESIAN_POINT('',(-0.03249,-0.097525,0.003));
#11315=CARTESIAN_POINT('',(-0.02447,-0.10185,0.003));
#11316=CARTESIAN_POINT('',(-0.02487,-0.10185,0.003));
#11317=CARTESIAN_POINT('',(-0.02447,-0.097525,0.003));
#11318=CARTESIAN_POINT('',(-0.02487,-0.097525,0.003));
#11319=CARTESIAN_POINT('',(-0.03209,-0.093975,0.003));
#11320=CARTESIAN_POINT('',(-0.03249,-0.093975,0.003));
#11321=CARTESIAN_POINT('',(-0.02447,-0.093975,0.003));
#11322=CARTESIAN_POINT('',(-0.02487,-0.093975,0.003));
#11323=CARTESIAN_POINT('',(-0.04174,-0.088645,0.003));
#11324=CARTESIAN_POINT('',(-0.04249,-0.088645,0.003));
#11325=CARTESIAN_POINT('',(-0.03209,-0.090425,0.003));
#11326=CARTESIAN_POINT('',(-0.03249,-0.090425,0.003));
#11327=CARTESIAN_POINT('',(-0.03209,-0.086875,0.003));
#11328=CARTESIAN_POINT('',(-0.03249,-0.086875,0.003));
#11329=CARTESIAN_POINT('',(-0.02447,-0.090425,0.003));
#11330=CARTESIAN_POINT('',(-0.02487,-0.090425,0.003));
#11331=CARTESIAN_POINT('',(-0.02447,-0.086875,0.003));
#11332=CARTESIAN_POINT('',(-0.02487,-0.086875,0.003));
#11333=CARTESIAN_POINT('',(-0.03209,-0.083325,0.003));
#11334=CARTESIAN_POINT('',(-0.03249,-0.083325,0.003));
#11335=CARTESIAN_POINT('',(-0.03209,-0.079775,0.003));
#11336=CARTESIAN_POINT('',(-0.03249,-0.079775,0.003));
#11337=CARTESIAN_POINT('',(-0.02447,-0.083325,0.003));
#11338=CARTESIAN_POINT('',(-0.02487,-0.083325,0.003));
#11339=CARTESIAN_POINT('',(-0.02447,-0.079775,0.003));
#11340=CARTESIAN_POINT('',(-0.02487,-0.079775,0.003));
#11341=CARTESIAN_POINT('',(-0.06328,-0.074725,0.003));
#11342=CARTESIAN_POINT('',(-0.06528,-0.074725,0.003));
#11343=CARTESIAN_POINT('',(-0.0582,-0.074725,0.003));
#11344=CARTESIAN_POINT('',(-0.05905,-0.074725,0.003));
#11345=CARTESIAN_POINT('',(-0.06074,-0.069645,0.003));
#11346=CARTESIAN_POINT('',(-0.06149,-0.069645,0.003));
#11347=CARTESIAN_POINT('',(-0.04936,-0.074725,0.003));
#11348=CARTESIAN_POINT('',(-0.05021,-0.074725,0.003));
#11349=CARTESIAN_POINT('',(-0.04809,-0.072185,0.003));
#11350=CARTESIAN_POINT('',(-0.04884,-0.072185,0.003));
#11351=CARTESIAN_POINT('',(-0.06328,-0.055725,0.003));
#11352=CARTESIAN_POINT('',(-0.06528,-0.055725,0.003));
#11353=CARTESIAN_POINT('',(-0.0582,-0.055725,0.003));
#11354=CARTESIAN_POINT('',(-0.05905,-0.055725,0.003));
#11355=CARTESIAN_POINT('',(-0.04928,-0.055725,0.003));
#11356=CARTESIAN_POINT('',(-0.05013,-0.055725,0.003));
#11357=CARTESIAN_POINT('',(-0.04428,-0.074725,0.003));
#11358=CARTESIAN_POINT('',(-0.04628,-0.074725,0.003));
#11359=CARTESIAN_POINT('',(-0.0392,-0.074725,0.003));
#11360=CARTESIAN_POINT('',(-0.04005,-0.074725,0.003));
#11361=CARTESIAN_POINT('',(-0.04174,-0.069645,0.003));
#11362=CARTESIAN_POINT('',(-0.04249,-0.069645,0.003));
#11363=CARTESIAN_POINT('',(-0.03209,-0.076225,0.003));
#11364=CARTESIAN_POINT('',(-0.03249,-0.076225,0.003));
#11365=CARTESIAN_POINT('',(-0.02447,-0.076225,0.003));
#11366=CARTESIAN_POINT('',(-0.02487,-0.076225,0.003));
#11367=CARTESIAN_POINT('',(-0.03209,-0.072675,0.003));
#11368=CARTESIAN_POINT('',(-0.03249,-0.072675,0.003));
#11369=CARTESIAN_POINT('',(-0.03209,-0.069125,0.003));
#11370=CARTESIAN_POINT('',(-0.03249,-0.069125,0.003));
#11371=CARTESIAN_POINT('',(-0.02447,-0.072675,0.003));
#11372=CARTESIAN_POINT('',(-0.02487,-0.072675,0.003));
#11373=CARTESIAN_POINT('',(-0.02447,-0.069125,0.003));
#11374=CARTESIAN_POINT('',(-0.02487,-0.069125,0.003));
#11375=CARTESIAN_POINT('',(-0.0442,-0.055725,0.003));
#11376=CARTESIAN_POINT('',(-0.0462,-0.055725,0.003));
#11377=CARTESIAN_POINT('',(-0.03912,-0.055725,0.003));
#11378=CARTESIAN_POINT('',(-0.03997,-0.055725,0.003));
#11379=CARTESIAN_POINT('',(-0.03209,-0.065575,0.003));
#11380=CARTESIAN_POINT('',(-0.03249,-0.065575,0.003));
#11381=CARTESIAN_POINT('',(-0.03209,-0.062025,0.003));
#11382=CARTESIAN_POINT('',(-0.03249,-0.062025,0.003));
#11383=CARTESIAN_POINT('',(-0.02447,-0.065575,0.003));
#11384=CARTESIAN_POINT('',(-0.02487,-0.065575,0.003));
#11385=CARTESIAN_POINT('',(-0.02447,-0.062025,0.003));
#11386=CARTESIAN_POINT('',(-0.02487,-0.062025,0.003));
#11387=CARTESIAN_POINT('',(-0.03209,-0.058475,0.003));
#11388=CARTESIAN_POINT('',(-0.03249,-0.058475,0.003));
#11389=CARTESIAN_POINT('',(-0.02447,-0.058475,0.003));
#11390=CARTESIAN_POINT('',(-0.02487,-0.058475,0.003));
#11391=CARTESIAN_POINT('',(-0.10509,-0.053185,0.003));
#11392=CARTESIAN_POINT('',(-0.10584,-0.053185,0.003));
#11393=CARTESIAN_POINT('',(-0.09874,-0.050645,0.003));
#11394=CARTESIAN_POINT('',(-0.09949,-0.050645,0.003));
#11395=CARTESIAN_POINT('',(-0.10644,-0.036725,0.003));
#11396=CARTESIAN_POINT('',(-0.10729,-0.036725,0.003));
#11397=CARTESIAN_POINT('',(-0.10517,-0.034185,0.003));
#11398=CARTESIAN_POINT('',(-0.10592,-0.034185,0.003));
#11399=CARTESIAN_POINT('',(-0.10136,-0.036725,0.003));
#11400=CARTESIAN_POINT('',(-0.10336,-0.036725,0.003));
#11401=CARTESIAN_POINT('',(-0.09628,-0.036725,0.003));
#11402=CARTESIAN_POINT('',(-0.09713,-0.036725,0.003));
#11403=CARTESIAN_POINT('',(-0.08736,-0.036725,0.003));
#11404=CARTESIAN_POINT('',(-0.08821,-0.036725,0.003));
#11405=CARTESIAN_POINT('',(-0.08609,-0.053185,0.003));
#11406=CARTESIAN_POINT('',(-0.08684,-0.053185,0.003));
#11407=CARTESIAN_POINT('',(-0.07974,-0.050645,0.003));
#11408=CARTESIAN_POINT('',(-0.08049,-0.050645,0.003));
#11409=CARTESIAN_POINT('',(-0.06709,-0.053185,0.003));
#11410=CARTESIAN_POINT('',(-0.06784,-0.053185,0.003));
#11411=CARTESIAN_POINT('',(-0.08228,-0.036725,0.003));
#11412=CARTESIAN_POINT('',(-0.08428,-0.036725,0.003));
#11413=CARTESIAN_POINT('',(-0.08609,-0.034185,0.003));
#11414=CARTESIAN_POINT('',(-0.08684,-0.034185,0.003));
#11415=CARTESIAN_POINT('',(-0.0772,-0.036725,0.003));
#11416=CARTESIAN_POINT('',(-0.07805,-0.036725,0.003));
#11417=CARTESIAN_POINT('',(-0.06836,-0.036765,0.003));
#11418=CARTESIAN_POINT('',(-0.06921,-0.036765,0.003));
#11419=CARTESIAN_POINT('',(-0.06709,-0.034225,0.003));
#11420=CARTESIAN_POINT('',(-0.06784,-0.034225,0.003));
#11421=CARTESIAN_POINT('',(-0.09882,-0.031645,0.003));
#11422=CARTESIAN_POINT('',(-0.09957,-0.031645,0.003));
#11423=CARTESIAN_POINT('',(-0.1054,-0.02435,0.003));
#11424=CARTESIAN_POINT('',(-0.1059,-0.02435,0.003));
#11425=CARTESIAN_POINT('',(-0.10286,-0.02435,0.003));
#11426=CARTESIAN_POINT('',(-0.10336,-0.02435,0.003));
#11427=CARTESIAN_POINT('',(-0.10032,-0.02435,0.003));
#11428=CARTESIAN_POINT('',(-0.10082,-0.02435,0.003));
#11429=CARTESIAN_POINT('',(-0.09778,-0.02435,0.003));
#11430=CARTESIAN_POINT('',(-0.09828,-0.02435,0.003));
#11431=CARTESIAN_POINT('',(-0.09524,-0.02435,0.003));
#11432=CARTESIAN_POINT('',(-0.09574,-0.02435,0.003));
#11433=CARTESIAN_POINT('',(-0.0927,-0.02435,0.003));
#11434=CARTESIAN_POINT('',(-0.0932,-0.02435,0.003));
#11435=CARTESIAN_POINT('',(-0.09016,-0.02435,0.003));
#11436=CARTESIAN_POINT('',(-0.09066,-0.02435,0.003));
#11437=CARTESIAN_POINT('',(-0.1054,-0.0091,0.003));
#11438=CARTESIAN_POINT('',(-0.1059,-0.0091,0.003));
#11439=CARTESIAN_POINT('',(-0.10286,-0.0091,0.003));
#11440=CARTESIAN_POINT('',(-0.10336,-0.0091,0.003));
#11441=CARTESIAN_POINT('',(-0.10032,-0.0091,0.003));
#11442=CARTESIAN_POINT('',(-0.10082,-0.0091,0.003));
#11443=CARTESIAN_POINT('',(-0.09778,-0.0091,0.003));
#11444=CARTESIAN_POINT('',(-0.09828,-0.0091,0.003));
#11445=CARTESIAN_POINT('',(-0.09524,-0.0091,0.003));
#11446=CARTESIAN_POINT('',(-0.09574,-0.0091,0.003));
#11447=CARTESIAN_POINT('',(-0.0927,-0.0091,0.003));
#11448=CARTESIAN_POINT('',(-0.0932,-0.0091,0.003));
#11449=CARTESIAN_POINT('',(-0.09016,-0.0091,0.003));
#11450=CARTESIAN_POINT('',(-0.09066,-0.0091,0.003));
#11451=CARTESIAN_POINT('',(-0.07974,-0.031645,0.003));
#11452=CARTESIAN_POINT('',(-0.08049,-0.031645,0.003));
#11453=CARTESIAN_POINT('',(-0.07578,-0.020035,0.003));
#11454=CARTESIAN_POINT('',(-0.07628,-0.020035,0.003));
#11455=CARTESIAN_POINT('',(-0.07578,-0.017495,0.003));
#11456=CARTESIAN_POINT('',(-0.07628,-0.017495,0.003));
#11457=CARTESIAN_POINT('',(-0.07578,-0.014955,0.003));
#11458=CARTESIAN_POINT('',(-0.07628,-0.014955,0.003));
#11459=CARTESIAN_POINT('',(-0.07578,-0.012415,0.003));
#11460=CARTESIAN_POINT('',(-0.07628,-0.012415,0.003));
#11461=CARTESIAN_POINT('',(-0.06074,-0.050645,0.003));
#11462=CARTESIAN_POINT('',(-0.06149,-0.050645,0.003));
#11463=CARTESIAN_POINT('',(-0.04801,-0.053185,0.003));
#11464=CARTESIAN_POINT('',(-0.04876,-0.053185,0.003));
#11465=CARTESIAN_POINT('',(-0.06328,-0.036765,0.003));
#11466=CARTESIAN_POINT('',(-0.06528,-0.036765,0.003));
#11467=CARTESIAN_POINT('',(-0.0582,-0.036765,0.003));
#11468=CARTESIAN_POINT('',(-0.05905,-0.036765,0.003));
#11469=CARTESIAN_POINT('',(-0.04936,-0.036725,0.003));
#11470=CARTESIAN_POINT('',(-0.05021,-0.036725,0.003));
#11471=CARTESIAN_POINT('',(-0.04809,-0.034185,0.003));
#11472=CARTESIAN_POINT('',(-0.04884,-0.034185,0.003));
#11473=CARTESIAN_POINT('',(-0.04166,-0.050645,0.003));
#11474=CARTESIAN_POINT('',(-0.04241,-0.050645,0.003));
#11475=CARTESIAN_POINT('',(-0.03209,-0.054925,0.003));
#11476=CARTESIAN_POINT('',(-0.03249,-0.054925,0.003));
#11477=CARTESIAN_POINT('',(-0.03209,-0.051375,0.003));
#11478=CARTESIAN_POINT('',(-0.03249,-0.051375,0.003));
#11479=CARTESIAN_POINT('',(-0.02447,-0.054925,0.003));
#11480=CARTESIAN_POINT('',(-0.02487,-0.054925,0.003));
#11481=CARTESIAN_POINT('',(-0.02447,-0.051375,0.003));
#11482=CARTESIAN_POINT('',(-0.02487,-0.051375,0.003));
#11483=CARTESIAN_POINT('',(-0.03209,-0.047825,0.003));
#11484=CARTESIAN_POINT('',(-0.03249,-0.047825,0.003));
#11485=CARTESIAN_POINT('',(-0.02447,-0.047825,0.003));
#11486=CARTESIAN_POINT('',(-0.02487,-0.047825,0.003));
#11487=CARTESIAN_POINT('',(-0.04428,-0.036725,0.003));
#11488=CARTESIAN_POINT('',(-0.04628,-0.036725,0.003));
#11489=CARTESIAN_POINT('',(-0.0392,-0.036725,0.003));
#11490=CARTESIAN_POINT('',(-0.04005,-0.036725,0.003));
#11491=CARTESIAN_POINT('',(-0.06074,-0.031685,0.003));
#11492=CARTESIAN_POINT('',(-0.06149,-0.031685,0.003));
#11493=CARTESIAN_POINT('',(-0.04174,-0.031645,0.003));
#11494=CARTESIAN_POINT('',(-0.04249,-0.031645,0.003));
#11495=CARTESIAN_POINT('',(-0.1659,0.0184,0.00451));
#11496=CARTESIAN_POINT('',(-0.1114,-0.0056,0.00451));
#11497=CARTESIAN_POINT('',(-0.10636,-0.093725,0.00451));
#11498=CARTESIAN_POINT('',(-0.10721,-0.093725,0.00451));
#11499=CARTESIAN_POINT('',(-0.10509,-0.091185,0.00451));
#11500=CARTESIAN_POINT('',(-0.10584,-0.091185,0.00451));
#11501=CARTESIAN_POINT('',(-0.10128,-0.093725,0.00451));
#11502=CARTESIAN_POINT('',(-0.10328,-0.093725,0.00451));
#11503=CARTESIAN_POINT('',(-0.0962,-0.093725,0.00451));
#11504=CARTESIAN_POINT('',(-0.09705,-0.093725,0.00451));
#11505=CARTESIAN_POINT('',(-0.08736,-0.093725,0.00451));
#11506=CARTESIAN_POINT('',(-0.08821,-0.093725,0.00451));
#11507=CARTESIAN_POINT('',(-0.09874,-0.088645,0.00451));
#11508=CARTESIAN_POINT('',(-0.09949,-0.088645,0.00451));
#11509=CARTESIAN_POINT('',(-0.08228,-0.093725,0.00451));
#11510=CARTESIAN_POINT('',(-0.08428,-0.093725,0.00451));
#11511=CARTESIAN_POINT('',(-0.08609,-0.091185,0.00451));
#11512=CARTESIAN_POINT('',(-0.08684,-0.091185,0.00451));
#11513=CARTESIAN_POINT('',(-0.0772,-0.093725,0.00451));
#11514=CARTESIAN_POINT('',(-0.07805,-0.093725,0.00451));
#11515=CARTESIAN_POINT('',(-0.06836,-0.093725,0.00451));
#11516=CARTESIAN_POINT('',(-0.06921,-0.093725,0.00451));
#11517=CARTESIAN_POINT('',(-0.06709,-0.091185,0.00451));
#11518=CARTESIAN_POINT('',(-0.06784,-0.091185,0.00451));
#11519=CARTESIAN_POINT('',(-0.07974,-0.088645,0.00451));
#11520=CARTESIAN_POINT('',(-0.08049,-0.088645,0.00451));
#11521=CARTESIAN_POINT('',(-0.10636,-0.074725,0.00451));
#11522=CARTESIAN_POINT('',(-0.10721,-0.074725,0.00451));
#11523=CARTESIAN_POINT('',(-0.10128,-0.074725,0.00451));
#11524=CARTESIAN_POINT('',(-0.10328,-0.074725,0.00451));
#11525=CARTESIAN_POINT('',(-0.10509,-0.072185,0.00451));
#11526=CARTESIAN_POINT('',(-0.10584,-0.072185,0.00451));
#11527=CARTESIAN_POINT('',(-0.09874,-0.069645,0.00451));
#11528=CARTESIAN_POINT('',(-0.09949,-0.069645,0.00451));
#11529=CARTESIAN_POINT('',(-0.0962,-0.074725,0.00451));
#11530=CARTESIAN_POINT('',(-0.09705,-0.074725,0.00451));
#11531=CARTESIAN_POINT('',(-0.08736,-0.074725,0.00451));
#11532=CARTESIAN_POINT('',(-0.08821,-0.074725,0.00451));
#11533=CARTESIAN_POINT('',(-0.10636,-0.055725,0.00451));
#11534=CARTESIAN_POINT('',(-0.10721,-0.055725,0.00451));
#11535=CARTESIAN_POINT('',(-0.10128,-0.055725,0.00451));
#11536=CARTESIAN_POINT('',(-0.10328,-0.055725,0.00451));
#11537=CARTESIAN_POINT('',(-0.0962,-0.055725,0.00451));
#11538=CARTESIAN_POINT('',(-0.09705,-0.055725,0.00451));
#11539=CARTESIAN_POINT('',(-0.08736,-0.055725,0.00451));
#11540=CARTESIAN_POINT('',(-0.08821,-0.055725,0.00451));
#11541=CARTESIAN_POINT('',(-0.08228,-0.074725,0.00451));
#11542=CARTESIAN_POINT('',(-0.08428,-0.074725,0.00451));
#11543=CARTESIAN_POINT('',(-0.0772,-0.074725,0.00451));
#11544=CARTESIAN_POINT('',(-0.07805,-0.074725,0.00451));
#11545=CARTESIAN_POINT('',(-0.08609,-0.072185,0.00451));
#11546=CARTESIAN_POINT('',(-0.08684,-0.072185,0.00451));
#11547=CARTESIAN_POINT('',(-0.07974,-0.069645,0.00451));
#11548=CARTESIAN_POINT('',(-0.08049,-0.069645,0.00451));
#11549=CARTESIAN_POINT('',(-0.06836,-0.074725,0.00451));
#11550=CARTESIAN_POINT('',(-0.06921,-0.074725,0.00451));
#11551=CARTESIAN_POINT('',(-0.06709,-0.072185,0.00451));
#11552=CARTESIAN_POINT('',(-0.06784,-0.072185,0.00451));
#11553=CARTESIAN_POINT('',(-0.08228,-0.055725,0.00451));
#11554=CARTESIAN_POINT('',(-0.08428,-0.055725,0.00451));
#11555=CARTESIAN_POINT('',(-0.0772,-0.055725,0.00451));
#11556=CARTESIAN_POINT('',(-0.07805,-0.055725,0.00451));
#11557=CARTESIAN_POINT('',(-0.06836,-0.055725,0.00451));
#11558=CARTESIAN_POINT('',(-0.06921,-0.055725,0.00451));
#11559=CARTESIAN_POINT('',(-0.06328,-0.093725,0.00451));
#11560=CARTESIAN_POINT('',(-0.06528,-0.093725,0.00451));
#11561=CARTESIAN_POINT('',(-0.0582,-0.093725,0.00451));
#11562=CARTESIAN_POINT('',(-0.05905,-0.093725,0.00451));
#11563=CARTESIAN_POINT('',(-0.04936,-0.093725,0.00451));
#11564=CARTESIAN_POINT('',(-0.05021,-0.093725,0.00451));
#11565=CARTESIAN_POINT('',(-0.04809,-0.091185,0.00451));
#11566=CARTESIAN_POINT('',(-0.04884,-0.091185,0.00451));
#11567=CARTESIAN_POINT('',(-0.06074,-0.088645,0.00451));
#11568=CARTESIAN_POINT('',(-0.06149,-0.088645,0.00451));
#11569=CARTESIAN_POINT('',(-0.04428,-0.093725,0.00451));
#11570=CARTESIAN_POINT('',(-0.04628,-0.093725,0.00451));
#11571=CARTESIAN_POINT('',(-0.0392,-0.093725,0.00451));
#11572=CARTESIAN_POINT('',(-0.04005,-0.093725,0.00451));
#11573=CARTESIAN_POINT('',(-0.03209,-0.10185,0.00451));
#11574=CARTESIAN_POINT('',(-0.03249,-0.10185,0.00451));
#11575=CARTESIAN_POINT('',(-0.03209,-0.097525,0.00451));
#11576=CARTESIAN_POINT('',(-0.03249,-0.097525,0.00451));
#11577=CARTESIAN_POINT('',(-0.02447,-0.10185,0.00451));
#11578=CARTESIAN_POINT('',(-0.02487,-0.10185,0.00451));
#11579=CARTESIAN_POINT('',(-0.02447,-0.097525,0.00451));
#11580=CARTESIAN_POINT('',(-0.02487,-0.097525,0.00451));
#11581=CARTESIAN_POINT('',(-0.03209,-0.093975,0.00451));
#11582=CARTESIAN_POINT('',(-0.03249,-0.093975,0.00451));
#11583=CARTESIAN_POINT('',(-0.02447,-0.093975,0.00451));
#11584=CARTESIAN_POINT('',(-0.02487,-0.093975,0.00451));
#11585=CARTESIAN_POINT('',(-0.04174,-0.088645,0.00451));
#11586=CARTESIAN_POINT('',(-0.04249,-0.088645,0.00451));
#11587=CARTESIAN_POINT('',(-0.03209,-0.090425,0.00451));
#11588=CARTESIAN_POINT('',(-0.03249,-0.090425,0.00451));
#11589=CARTESIAN_POINT('',(-0.03209,-0.086875,0.00451));
#11590=CARTESIAN_POINT('',(-0.03249,-0.086875,0.00451));
#11591=CARTESIAN_POINT('',(-0.02447,-0.090425,0.00451));
#11592=CARTESIAN_POINT('',(-0.02487,-0.090425,0.00451));
#11593=CARTESIAN_POINT('',(-0.02447,-0.086875,0.00451));
#11594=CARTESIAN_POINT('',(-0.02487,-0.086875,0.00451));
#11595=CARTESIAN_POINT('',(-0.03209,-0.083325,0.00451));
#11596=CARTESIAN_POINT('',(-0.03249,-0.083325,0.00451));
#11597=CARTESIAN_POINT('',(-0.03209,-0.079775,0.00451));
#11598=CARTESIAN_POINT('',(-0.03249,-0.079775,0.00451));
#11599=CARTESIAN_POINT('',(-0.02447,-0.083325,0.00451));
#11600=CARTESIAN_POINT('',(-0.02487,-0.083325,0.00451));
#11601=CARTESIAN_POINT('',(-0.02447,-0.079775,0.00451));
#11602=CARTESIAN_POINT('',(-0.02487,-0.079775,0.00451));
#11603=CARTESIAN_POINT('',(-0.06328,-0.074725,0.00451));
#11604=CARTESIAN_POINT('',(-0.06528,-0.074725,0.00451));
#11605=CARTESIAN_POINT('',(-0.0582,-0.074725,0.00451));
#11606=CARTESIAN_POINT('',(-0.05905,-0.074725,0.00451));
#11607=CARTESIAN_POINT('',(-0.06074,-0.069645,0.00451));
#11608=CARTESIAN_POINT('',(-0.06149,-0.069645,0.00451));
#11609=CARTESIAN_POINT('',(-0.04936,-0.074725,0.00451));
#11610=CARTESIAN_POINT('',(-0.05021,-0.074725,0.00451));
#11611=CARTESIAN_POINT('',(-0.04809,-0.072185,0.00451));
#11612=CARTESIAN_POINT('',(-0.04884,-0.072185,0.00451));
#11613=CARTESIAN_POINT('',(-0.06328,-0.055725,0.00451));
#11614=CARTESIAN_POINT('',(-0.06528,-0.055725,0.00451));
#11615=CARTESIAN_POINT('',(-0.0582,-0.055725,0.00451));
#11616=CARTESIAN_POINT('',(-0.05905,-0.055725,0.00451));
#11617=CARTESIAN_POINT('',(-0.04928,-0.055725,0.00451));
#11618=CARTESIAN_POINT('',(-0.05013,-0.055725,0.00451));
#11619=CARTESIAN_POINT('',(-0.04428,-0.074725,0.00451));
#11620=CARTESIAN_POINT('',(-0.04628,-0.074725,0.00451));
#11621=CARTESIAN_POINT('',(-0.0392,-0.074725,0.00451));
#11622=CARTESIAN_POINT('',(-0.04005,-0.074725,0.00451));
#11623=CARTESIAN_POINT('',(-0.04174,-0.069645,0.00451));
#11624=CARTESIAN_POINT('',(-0.04249,-0.069645,0.00451));
#11625=CARTESIAN_POINT('',(-0.03209,-0.076225,0.00451));
#11626=CARTESIAN_POINT('',(-0.03249,-0.076225,0.00451));
#11627=CARTESIAN_POINT('',(-0.02447,-0.076225,0.00451));
#11628=CARTESIAN_POINT('',(-0.02487,-0.076225,0.00451));
#11629=CARTESIAN_POINT('',(-0.03209,-0.072675,0.00451));
#11630=CARTESIAN_POINT('',(-0.03249,-0.072675,0.00451));
#11631=CARTESIAN_POINT('',(-0.03209,-0.069125,0.00451));
#11632=CARTESIAN_POINT('',(-0.03249,-0.069125,0.00451));
#11633=CARTESIAN_POINT('',(-0.02447,-0.072675,0.00451));
#11634=CARTESIAN_POINT('',(-0.02487,-0.072675,0.00451));
#11635=CARTESIAN_POINT('',(-0.02447,-0.069125,0.00451));
#11636=CARTESIAN_POINT('',(-0.02487,-0.069125,0.00451));
#11637=CARTESIAN_POINT('',(-0.0442,-0.055725,0.00451));
#11638=CARTESIAN_POINT('',(-0.0462,-0.055725,0.00451));
#11639=CARTESIAN_POINT('',(-0.03912,-0.055725,0.00451));
#11640=CARTESIAN_POINT('',(-0.03997,-0.055725,0.00451));
#11641=CARTESIAN_POINT('',(-0.03209,-0.065575,0.00451));
#11642=CARTESIAN_POINT('',(-0.03249,-0.065575,0.00451));
#11643=CARTESIAN_POINT('',(-0.03209,-0.062025,0.00451));
#11644=CARTESIAN_POINT('',(-0.03249,-0.062025,0.00451));
#11645=CARTESIAN_POINT('',(-0.02447,-0.065575,0.00451));
#11646=CARTESIAN_POINT('',(-0.02487,-0.065575,0.00451));
#11647=CARTESIAN_POINT('',(-0.02447,-0.062025,0.00451));
#11648=CARTESIAN_POINT('',(-0.02487,-0.062025,0.00451));
#11649=CARTESIAN_POINT('',(-0.03209,-0.058475,0.00451));
#11650=CARTESIAN_POINT('',(-0.03249,-0.058475,0.00451));
#11651=CARTESIAN_POINT('',(-0.02447,-0.058475,0.00451));
#11652=CARTESIAN_POINT('',(-0.02487,-0.058475,0.00451));
#11653=CARTESIAN_POINT('',(-0.10509,-0.053185,0.00451));
#11654=CARTESIAN_POINT('',(-0.10584,-0.053185,0.00451));
#11655=CARTESIAN_POINT('',(-0.09874,-0.050645,0.00451));
#11656=CARTESIAN_POINT('',(-0.09949,-0.050645,0.00451));
#11657=CARTESIAN_POINT('',(-0.10644,-0.036725,0.00451));
#11658=CARTESIAN_POINT('',(-0.10729,-0.036725,0.00451));
#11659=CARTESIAN_POINT('',(-0.10517,-0.034185,0.00451));
#11660=CARTESIAN_POINT('',(-0.10592,-0.034185,0.00451));
#11661=CARTESIAN_POINT('',(-0.10136,-0.036725,0.00451));
#11662=CARTESIAN_POINT('',(-0.10336,-0.036725,0.00451));
#11663=CARTESIAN_POINT('',(-0.09628,-0.036725,0.00451));
#11664=CARTESIAN_POINT('',(-0.09713,-0.036725,0.00451));
#11665=CARTESIAN_POINT('',(-0.08736,-0.036725,0.00451));
#11666=CARTESIAN_POINT('',(-0.08821,-0.036725,0.00451));
#11667=CARTESIAN_POINT('',(-0.08609,-0.053185,0.00451));
#11668=CARTESIAN_POINT('',(-0.08684,-0.053185,0.00451));
#11669=CARTESIAN_POINT('',(-0.07974,-0.050645,0.00451));
#11670=CARTESIAN_POINT('',(-0.08049,-0.050645,0.00451));
#11671=CARTESIAN_POINT('',(-0.06709,-0.053185,0.00451));
#11672=CARTESIAN_POINT('',(-0.06784,-0.053185,0.00451));
#11673=CARTESIAN_POINT('',(-0.08228,-0.036725,0.00451));
#11674=CARTESIAN_POINT('',(-0.08428,-0.036725,0.00451));
#11675=CARTESIAN_POINT('',(-0.08609,-0.034185,0.00451));
#11676=CARTESIAN_POINT('',(-0.08684,-0.034185,0.00451));
#11677=CARTESIAN_POINT('',(-0.0772,-0.036725,0.00451));
#11678=CARTESIAN_POINT('',(-0.07805,-0.036725,0.00451));
#11679=CARTESIAN_POINT('',(-0.06836,-0.036765,0.00451));
#11680=CARTESIAN_POINT('',(-0.06921,-0.036765,0.00451));
#11681=CARTESIAN_POINT('',(-0.06709,-0.034225,0.00451));
#11682=CARTESIAN_POINT('',(-0.06784,-0.034225,0.00451));
#11683=CARTESIAN_POINT('',(-0.09882,-0.031645,0.00451));
#11684=CARTESIAN_POINT('',(-0.09957,-0.031645,0.00451));
#11685=CARTESIAN_POINT('',(-0.1054,-0.02435,0.00451));
#11686=CARTESIAN_POINT('',(-0.1059,-0.02435,0.00451));
#11687=CARTESIAN_POINT('',(-0.10286,-0.02435,0.00451));
#11688=CARTESIAN_POINT('',(-0.10336,-0.02435,0.00451));
#11689=CARTESIAN_POINT('',(-0.10032,-0.02435,0.00451));
#11690=CARTESIAN_POINT('',(-0.10082,-0.02435,0.00451));
#11691=CARTESIAN_POINT('',(-0.09778,-0.02435,0.00451));
#11692=CARTESIAN_POINT('',(-0.09828,-0.02435,0.00451));
#11693=CARTESIAN_POINT('',(-0.09524,-0.02435,0.00451));
#11694=CARTESIAN_POINT('',(-0.09574,-0.02435,0.00451));
#11695=CARTESIAN_POINT('',(-0.0927,-0.02435,0.00451));
#11696=CARTESIAN_POINT('',(-0.0932,-0.02435,0.00451));
#11697=CARTESIAN_POINT('',(-0.09016,-0.02435,0.00451));
#11698=CARTESIAN_POINT('',(-0.09066,-0.02435,0.00451));
#11699=CARTESIAN_POINT('',(-0.1054,-0.0091,0.00451));
#11700=CARTESIAN_POINT('',(-0.1059,-0.0091,0.00451));
#11701=CARTESIAN_POINT('',(-0.10286,-0.0091,0.00451));
#11702=CARTESIAN_POINT('',(-0.10336,-0.0091,0.00451));
#11703=CARTESIAN_POINT('',(-0.10032,-0.0091,0.00451));
#11704=CARTESIAN_POINT('',(-0.10082,-0.0091,0.00451));
#11705=CARTESIAN_POINT('',(-0.09778,-0.0091,0.00451));
#11706=CARTESIAN_POINT('',(-0.09828,-0.0091,0.00451));
#11707=CARTESIAN_POINT('',(-0.09524,-0.0091,0.00451));
#11708=CARTESIAN_POINT('',(-0.09574,-0.0091,0.00451));
#11709=CARTESIAN_POINT('',(-0.0927,-0.0091,0.00451));
#11710=CARTESIAN_POINT('',(-0.0932,-0.0091,0.00451));
#11711=CARTESIAN_POINT('',(-0.09016,-0.0091,0.00451));
#11712=CARTESIAN_POINT('',(-0.09066,-0.0091,0.00451));
#11713=CARTESIAN_POINT('',(-0.07974,-0.031645,0.00451));
#11714=CARTESIAN_POINT('',(-0.08049,-0.031645,0.00451));
#11715=CARTESIAN_POINT('',(-0.07578,-0.020035,0.00451));
#11716=CARTESIAN_POINT('',(-0.07628,-0.020035,0.00451));
#11717=CARTESIAN_POINT('',(-0.07578,-0.017495,0.00451));
#11718=CARTESIAN_POINT('',(-0.07628,-0.017495,0.00451));
#11719=CARTESIAN_POINT('',(-0.07578,-0.014955,0.00451));
#11720=CARTESIAN_POINT('',(-0.07628,-0.014955,0.00451));
#11721=CARTESIAN_POINT('',(-0.07578,-0.012415,0.00451));
#11722=CARTESIAN_POINT('',(-0.07628,-0.012415,0.00451));
#11723=CARTESIAN_POINT('',(-0.06074,-0.050645,0.00451));
#11724=CARTESIAN_POINT('',(-0.06149,-0.050645,0.00451));
#11725=CARTESIAN_POINT('',(-0.04801,-0.053185,0.00451));
#11726=CARTESIAN_POINT('',(-0.04876,-0.053185,0.00451));
#11727=CARTESIAN_POINT('',(-0.06328,-0.036765,0.00451));
#11728=CARTESIAN_POINT('',(-0.06528,-0.036765,0.00451));
#11729=CARTESIAN_POINT('',(-0.0582,-0.036765,0.00451));
#11730=CARTESIAN_POINT('',(-0.05905,-0.036765,0.00451));
#11731=CARTESIAN_POINT('',(-0.04936,-0.036725,0.00451));
#11732=CARTESIAN_POINT('',(-0.05021,-0.036725,0.00451));
#11733=CARTESIAN_POINT('',(-0.04809,-0.034185,0.00451));
#11734=CARTESIAN_POINT('',(-0.04884,-0.034185,0.00451));
#11735=CARTESIAN_POINT('',(-0.04166,-0.050645,0.00451));
#11736=CARTESIAN_POINT('',(-0.04241,-0.050645,0.00451));
#11737=CARTESIAN_POINT('',(-0.03209,-0.054925,0.00451));
#11738=CARTESIAN_POINT('',(-0.03249,-0.054925,0.00451));
#11739=CARTESIAN_POINT('',(-0.03209,-0.051375,0.00451));
#11740=CARTESIAN_POINT('',(-0.03249,-0.051375,0.00451));
#11741=CARTESIAN_POINT('',(-0.02447,-0.054925,0.00451));
#11742=CARTESIAN_POINT('',(-0.02487,-0.054925,0.00451));
#11743=CARTESIAN_POINT('',(-0.02447,-0.051375,0.00451));
#11744=CARTESIAN_POINT('',(-0.02487,-0.051375,0.00451));
#11745=CARTESIAN_POINT('',(-0.03209,-0.047825,0.00451));
#11746=CARTESIAN_POINT('',(-0.03249,-0.047825,0.00451));
#11747=CARTESIAN_POINT('',(-0.02447,-0.047825,0.00451));
#11748=CARTESIAN_POINT('',(-0.02487,-0.047825,0.00451));
#11749=CARTESIAN_POINT('',(-0.04428,-0.036725,0.00451));
#11750=CARTESIAN_POINT('',(-0.04628,-0.036725,0.00451));
#11751=CARTESIAN_POINT('',(-0.0392,-0.036725,0.00451));
#11752=CARTESIAN_POINT('',(-0.04005,-0.036725,0.00451));
#11753=CARTESIAN_POINT('',(-0.06074,-0.031685,0.00451));
#11754=CARTESIAN_POINT('',(-0.06149,-0.031685,0.00451));
#11755=CARTESIAN_POINT('',(-0.04174,-0.031645,0.00451));
#11756=CARTESIAN_POINT('',(-0.04249,-0.031645,0.00451));
#11757=CARTESIAN_POINT('',(-0.1114,-0.0056,0.003));
#11758=CARTESIAN_POINT('',(-0.10636,-0.093725,0.002954));
#11759=CARTESIAN_POINT('',(-0.10509,-0.091185,0.002954));
#11760=CARTESIAN_POINT('',(-0.10128,-0.093725,0.002954));
#11761=CARTESIAN_POINT('',(-0.0962,-0.093725,0.002954));
#11762=CARTESIAN_POINT('',(-0.08736,-0.093725,0.002954));
#11763=CARTESIAN_POINT('',(-0.09874,-0.088645,0.002954));
#11764=CARTESIAN_POINT('',(-0.08228,-0.093725,0.002954));
#11765=CARTESIAN_POINT('',(-0.08609,-0.091185,0.002954));
#11766=CARTESIAN_POINT('',(-0.0772,-0.093725,0.002954));
#11767=CARTESIAN_POINT('',(-0.06836,-0.093725,0.002954));
#11768=CARTESIAN_POINT('',(-0.06709,-0.091185,0.002954));
#11769=CARTESIAN_POINT('',(-0.07974,-0.088645,0.002954));
#11770=CARTESIAN_POINT('',(-0.10636,-0.074725,0.002954));
#11771=CARTESIAN_POINT('',(-0.10128,-0.074725,0.002954));
#11772=CARTESIAN_POINT('',(-0.10509,-0.072185,0.002954));
#11773=CARTESIAN_POINT('',(-0.09874,-0.069645,0.002954));
#11774=CARTESIAN_POINT('',(-0.0962,-0.074725,0.002954));
#11775=CARTESIAN_POINT('',(-0.08736,-0.074725,0.002954));
#11776=CARTESIAN_POINT('',(-0.10636,-0.055725,0.002954));
#11777=CARTESIAN_POINT('',(-0.10128,-0.055725,0.002954));
#11778=CARTESIAN_POINT('',(-0.0962,-0.055725,0.002954));
#11779=CARTESIAN_POINT('',(-0.08736,-0.055725,0.002954));
#11780=CARTESIAN_POINT('',(-0.08228,-0.074725,0.002954));
#11781=CARTESIAN_POINT('',(-0.0772,-0.074725,0.002954));
#11782=CARTESIAN_POINT('',(-0.08609,-0.072185,0.002954));
#11783=CARTESIAN_POINT('',(-0.07974,-0.069645,0.002954));
#11784=CARTESIAN_POINT('',(-0.06836,-0.074725,0.002954));
#11785=CARTESIAN_POINT('',(-0.06709,-0.072185,0.002954));
#11786=CARTESIAN_POINT('',(-0.08228,-0.055725,0.002954));
#11787=CARTESIAN_POINT('',(-0.0772,-0.055725,0.002954));
#11788=CARTESIAN_POINT('',(-0.06836,-0.055725,0.002954));
#11789=CARTESIAN_POINT('',(-0.06328,-0.093725,0.002954));
#11790=CARTESIAN_POINT('',(-0.0582,-0.093725,0.002954));
#11791=CARTESIAN_POINT('',(-0.04936,-0.093725,0.002954));
#11792=CARTESIAN_POINT('',(-0.04809,-0.091185,0.002954));
#11793=CARTESIAN_POINT('',(-0.06074,-0.088645,0.002954));
#11794=CARTESIAN_POINT('',(-0.04428,-0.093725,0.002954));
#11795=CARTESIAN_POINT('',(-0.0392,-0.093725,0.002954));
#11796=CARTESIAN_POINT('',(-0.03209,-0.10185,0.002954));
#11797=CARTESIAN_POINT('',(-0.03209,-0.097525,0.002954));
#11798=CARTESIAN_POINT('',(-0.02447,-0.10185,0.002954));
#11799=CARTESIAN_POINT('',(-0.02447,-0.097525,0.002954));
#11800=CARTESIAN_POINT('',(-0.03209,-0.093975,0.002954));
#11801=CARTESIAN_POINT('',(-0.02447,-0.093975,0.002954));
#11802=CARTESIAN_POINT('',(-0.04174,-0.088645,0.002954));
#11803=CARTESIAN_POINT('',(-0.03209,-0.090425,0.002954));
#11804=CARTESIAN_POINT('',(-0.03209,-0.086875,0.002954));
#11805=CARTESIAN_POINT('',(-0.02447,-0.090425,0.002954));
#11806=CARTESIAN_POINT('',(-0.02447,-0.086875,0.002954));
#11807=CARTESIAN_POINT('',(-0.03209,-0.083325,0.002954));
#11808=CARTESIAN_POINT('',(-0.03209,-0.079775,0.002954));
#11809=CARTESIAN_POINT('',(-0.02447,-0.083325,0.002954));
#11810=CARTESIAN_POINT('',(-0.02447,-0.079775,0.002954));
#11811=CARTESIAN_POINT('',(-0.06328,-0.074725,0.002954));
#11812=CARTESIAN_POINT('',(-0.0582,-0.074725,0.002954));
#11813=CARTESIAN_POINT('',(-0.06074,-0.069645,0.002954));
#11814=CARTESIAN_POINT('',(-0.04936,-0.074725,0.002954));
#11815=CARTESIAN_POINT('',(-0.04809,-0.072185,0.002954));
#11816=CARTESIAN_POINT('',(-0.06328,-0.055725,0.002954));
#11817=CARTESIAN_POINT('',(-0.0582,-0.055725,0.002954));
#11818=CARTESIAN_POINT('',(-0.04928,-0.055725,0.002954));
#11819=CARTESIAN_POINT('',(-0.04428,-0.074725,0.002954));
#11820=CARTESIAN_POINT('',(-0.0392,-0.074725,0.002954));
#11821=CARTESIAN_POINT('',(-0.04174,-0.069645,0.002954));
#11822=CARTESIAN_POINT('',(-0.03209,-0.076225,0.002954));
#11823=CARTESIAN_POINT('',(-0.02447,-0.076225,0.002954));
#11824=CARTESIAN_POINT('',(-0.03209,-0.072675,0.002954));
#11825=CARTESIAN_POINT('',(-0.03209,-0.069125,0.002954));
#11826=CARTESIAN_POINT('',(-0.02447,-0.072675,0.002954));
#11827=CARTESIAN_POINT('',(-0.02447,-0.069125,0.002954));
#11828=CARTESIAN_POINT('',(-0.0442,-0.055725,0.002954));
#11829=CARTESIAN_POINT('',(-0.03912,-0.055725,0.002954));
#11830=CARTESIAN_POINT('',(-0.03209,-0.065575,0.002954));
#11831=CARTESIAN_POINT('',(-0.03209,-0.062025,0.002954));
#11832=CARTESIAN_POINT('',(-0.02447,-0.065575,0.002954));
#11833=CARTESIAN_POINT('',(-0.02447,-0.062025,0.002954));
#11834=CARTESIAN_POINT('',(-0.03209,-0.058475,0.002954));
#11835=CARTESIAN_POINT('',(-0.02447,-0.058475,0.002954));
#11836=CARTESIAN_POINT('',(-0.10509,-0.053185,0.002954));
#11837=CARTESIAN_POINT('',(-0.09874,-0.050645,0.002954));
#11838=CARTESIAN_POINT('',(-0.10644,-0.036725,0.002954));
#11839=CARTESIAN_POINT('',(-0.10517,-0.034185,0.002954));
#11840=CARTESIAN_POINT('',(-0.10136,-0.036725,0.002954));
#11841=CARTESIAN_POINT('',(-0.09628,-0.036725,0.002954));
#11842=CARTESIAN_POINT('',(-0.08736,-0.036725,0.002954));
#11843=CARTESIAN_POINT('',(-0.08609,-0.053185,0.002954));
#11844=CARTESIAN_POINT('',(-0.07974,-0.050645,0.002954));
#11845=CARTESIAN_POINT('',(-0.06709,-0.053185,0.002954));
#11846=CARTESIAN_POINT('',(-0.08228,-0.036725,0.002954));
#11847=CARTESIAN_POINT('',(-0.08609,-0.034185,0.002954));
#11848=CARTESIAN_POINT('',(-0.0772,-0.036725,0.002954));
#11849=CARTESIAN_POINT('',(-0.06836,-0.036765,0.002954));
#11850=CARTESIAN_POINT('',(-0.06709,-0.034225,0.002954));
#11851=CARTESIAN_POINT('',(-0.09882,-0.031645,0.002954));
#11852=CARTESIAN_POINT('',(-0.1054,-0.02435,0.002954));
#11853=CARTESIAN_POINT('',(-0.10286,-0.02435,0.002954));
#11854=CARTESIAN_POINT('',(-0.10032,-0.02435,0.002954));
#11855=CARTESIAN_POINT('',(-0.09778,-0.02435,0.002954));
#11856=CARTESIAN_POINT('',(-0.09524,-0.02435,0.002954));
#11857=CARTESIAN_POINT('',(-0.0927,-0.02435,0.002954));
#11858=CARTESIAN_POINT('',(-0.09016,-0.02435,0.002954));
#11859=CARTESIAN_POINT('',(-0.1054,-0.0091,0.002954));
#11860=CARTESIAN_POINT('',(-0.10286,-0.0091,0.002954));
#11861=CARTESIAN_POINT('',(-0.10032,-0.0091,0.002954));
#11862=CARTESIAN_POINT('',(-0.09778,-0.0091,0.002954));
#11863=CARTESIAN_POINT('',(-0.09524,-0.0091,0.002954));
#11864=CARTESIAN_POINT('',(-0.0927,-0.0091,0.002954));
#11865=CARTESIAN_POINT('',(-0.09016,-0.0091,0.002954));
#11866=CARTESIAN_POINT('',(-0.07974,-0.031645,0.002954));
#11867=CARTESIAN_POINT('',(-0.07578,-0.020035,0.002954));
#11868=CARTESIAN_POINT('',(-0.07578,-0.017495,0.002954));
#11869=CARTESIAN_POINT('',(-0.07578,-0.014955,0.002954));
#11870=CARTESIAN_POINT('',(-0.07578,-0.012415,0.002954));
#11871=CARTESIAN_POINT('',(-0.06074,-0.050645,0.002954));
#11872=CARTESIAN_POINT('',(-0.04801,-0.053185,0.002954));
#11873=CARTESIAN_POINT('',(-0.06328,-0.036765,0.002954));
#11874=CARTESIAN_POINT('',(-0.0582,-0.036765,0.002954));
#11875=CARTESIAN_POINT('',(-0.04936,-0.036725,0.002954));
#11876=CARTESIAN_POINT('',(-0.04809,-0.034185,0.002954));
#11877=CARTESIAN_POINT('',(-0.04166,-0.050645,0.002954));
#11878=CARTESIAN_POINT('',(-0.03209,-0.054925,0.002954));
#11879=CARTESIAN_POINT('',(-0.03209,-0.051375,0.002954));
#11880=CARTESIAN_POINT('',(-0.02447,-0.054925,0.002954));
#11881=CARTESIAN_POINT('',(-0.02447,-0.051375,0.002954));
#11882=CARTESIAN_POINT('',(-0.03209,-0.047825,0.002954));
#11883=CARTESIAN_POINT('',(-0.02447,-0.047825,0.002954));
#11884=CARTESIAN_POINT('',(-0.04428,-0.036725,0.002954));
#11885=CARTESIAN_POINT('',(-0.0392,-0.036725,0.002954));
#11886=CARTESIAN_POINT('',(-0.06074,-0.031685,0.002954));
#11887=CARTESIAN_POINT('',(-0.04174,-0.031645,0.002954));
#11888=CARTESIAN_POINT('',(0.,0.,0.));
#11889=CARTESIAN_POINT('',(-0.121477712988853,-0.05445,0.003));
#11890=CARTESIAN_POINT('',(-0.121477712988853,-0.0488971008727909,0.00967219585516723));
#11891=CARTESIAN_POINT('',(-0.121477712988853,-0.0500080426228756,0.00967219585516723));
#11892=CARTESIAN_POINT('',(-0.121477712988853,-0.0506502835961961,0.00910107791322225));
#11893=CARTESIAN_POINT('',(-0.121477712988853,-0.0488971008727909,0.00967219585516723));
#11894=CARTESIAN_POINT('',(-0.121477712988853,-0.0506502835961961,0.00910107791322225));
#11895=CARTESIAN_POINT('',(-0.121477712988853,-0.0506502835961961,0.00910107791322225));
#11896=CARTESIAN_POINT('',(-0.121477712988853,-0.0512925245695165,0.00852995997127728));
#11897=CARTESIAN_POINT('',(-0.121477712988853,-0.0512925245695165,0.00760536056339625));
#11898=CARTESIAN_POINT('',(-0.121477712988853,-0.0512925245695165,0.00760536056339625));
#11899=CARTESIAN_POINT('',(-0.121477712988853,-0.0512925245695165,0.00760536056339625));
#11900=CARTESIAN_POINT('',(-0.121477712988853,-0.0512925245695165,0.00667649377363268));
#11901=CARTESIAN_POINT('',(-0.121477712988853,-0.0506502835961961,0.0061117769045115));
#11902=CARTESIAN_POINT('',(-0.121477712988853,-0.0506502835961961,0.0061117769045115));
#11903=CARTESIAN_POINT('',(-0.121477712988853,-0.0506502835961961,0.0061117769045115));
#11904=CARTESIAN_POINT('',(-0.121477712988853,-0.0500080426228756,0.00554706003539032));
#11905=CARTESIAN_POINT('',(-0.121477712988853,-0.0488971008727909,0.00554706003539032));
#11906=CARTESIAN_POINT('',(-0.121477712988853,-0.0488971008727909,0.00554706003539032));
#11907=CARTESIAN_POINT('',(-0.121477712988853,-0.0483501647615136,0.00554706003539032));
#11908=CARTESIAN_POINT('',(-0.121477712988853,-0.0478032286502363,0.00554706003539032));
#11909=CARTESIAN_POINT('',(-0.121477712988853,-0.0478032286502363,0.00482942864881188));
#11910=CARTESIAN_POINT('',(-0.121477712988853,-0.0478032286502363,0.00411179726223345));
#11911=CARTESIAN_POINT('',(-0.121477712988853,-0.0481495978130348,0.00404494161274052));
#11912=CARTESIAN_POINT('',(-0.121477712988853,-0.0484959669758333,0.00397808596324758));
#11913=CARTESIAN_POINT('',(-0.121477712988853,-0.0484959669758333,0.00358904298162379));
#11914=CARTESIAN_POINT('',(-0.121477712988853,-0.0484959669758333,0.0032));
#11915=CARTESIAN_POINT('',(-0.121477712988853,-0.0471560090647195,0.0032));
#11916=CARTESIAN_POINT('',(-0.121477712988853,-0.0458160511536058,0.0032));
#11917=CARTESIAN_POINT('',(-0.121477712988853,-0.0458160511536058,0.00358904298162379));
#11918=CARTESIAN_POINT('',(-0.121477712988853,-0.0458160511536058,0.00397808596324758));
#11919=CARTESIAN_POINT('',(-0.121477712988853,-0.046160286625463,0.00404494161274052));
#11920=CARTESIAN_POINT('',(-0.121477712988853,-0.0465045220973203,0.00411179726223345));
#11921=CARTESIAN_POINT('',(-0.121477712988853,-0.0465045220973203,0.00643396423664235));
#11922=CARTESIAN_POINT('',(-0.121477712988853,-0.0465045220973203,0.00875613121105125));
#11923=CARTESIAN_POINT('',(-0.121477712988853,-0.046160286625463,0.00882298686054419));
#11924=CARTESIAN_POINT('',(-0.121477712988853,-0.0458160511536058,0.00888984251003713));
#11925=CARTESIAN_POINT('',(-0.121477712988853,-0.0458160511536058,0.00928101918260218));
#11926=CARTESIAN_POINT('',(-0.121477712988853,-0.0458160511536058,0.00967219585516723));
#11927=CARTESIAN_POINT('',(-0.121477712988853,-0.0477008114850556,0.00967219585516723));
#11928=CARTESIAN_POINT('',(-0.121477712988853,-0.0300132248122914,0.00401151378799404));
#11929=CARTESIAN_POINT('',(-0.121477712988853,-0.0297820749603212,0.00397808596324758));
#11930=CARTESIAN_POINT('',(-0.121477712988853,-0.0302443746642617,0.00404494161274052));
#11931=CARTESIAN_POINT('',(-0.121477712988853,-0.0312294286488119,0.00685856873395387));
#11932=CARTESIAN_POINT('',(-0.121477712988853,-0.032214482633362,0.00967219585516723));
#11933=CARTESIAN_POINT('',(-0.121477712988853,-0.0328787717464089,0.00967219585516723));
#11934=CARTESIAN_POINT('',(-0.121477712988853,-0.0335430608594557,0.00967219585516723));
#11935=CARTESIAN_POINT('',(-0.121477712988853,-0.0345210025408684,0.00685856873395387));
#11936=CARTESIAN_POINT('',(-0.121477712988853,-0.035498944222281,0.00404494161274052));
#11937=CARTESIAN_POINT('',(-0.121477712988853,-0.0357300940742512,0.00401151378799404));
#11938=CARTESIAN_POINT('',(-0.121477712988853,-0.0359612439262215,0.00397808596324758));
#11939=CARTESIAN_POINT('',(-0.121477712988853,-0.0359612439262215,0.00358904298162379));
#11940=CARTESIAN_POINT('',(-0.121477712988853,-0.0359612439262215,0.0032));
#11941=CARTESIAN_POINT('',(-0.121477712988853,-0.0348588369399018,0.0032));
#11942=CARTESIAN_POINT('',(-0.121477712988853,-0.0337564299535821,0.0032));
#11943=CARTESIAN_POINT('',(-0.121477712988853,-0.0337564299535821,0.00358904298162379));
#11944=CARTESIAN_POINT('',(-0.121477712988853,-0.0337564299535821,0.00397808596324758));
#11945=CARTESIAN_POINT('',(-0.121477712988853,-0.0339811787327286,0.00401791486081784));
#11946=CARTESIAN_POINT('',(-0.121477712988853,-0.034205927511875,0.0040577437583881));
#11947=CARTESIAN_POINT('',(-0.121477712988853,-0.0340636814491241,0.00450226270448475));
#11948=CARTESIAN_POINT('',(-0.121477712988853,-0.0339214353863732,0.0049467816505814));
#11949=CARTESIAN_POINT('',(-0.121477712988853,-0.0328723706735851,0.0049467816505814));
#11950=CARTESIAN_POINT('',(-0.121477712988853,-0.031823305960797,0.0049467816505814));
#11951=CARTESIAN_POINT('',(-0.121477712988853,-0.0316810598980461,0.00450226270448475));
#11952=CARTESIAN_POINT('',(-0.121477712988853,-0.0315388138352952,0.0040577437583881));
#11953=CARTESIAN_POINT('',(-0.121477712988853,-0.0317628513841278,0.00401791486081784));
#11954=CARTESIAN_POINT('',(-0.121477712988853,-0.0319868889329606,0.00397808596324758));
#11955=CARTESIAN_POINT('',(-0.121477712988853,-0.0319868889329606,0.00358904298162379));
#11956=CARTESIAN_POINT('',(-0.121477712988853,-0.0319868889329606,0.0032));
#11957=CARTESIAN_POINT('',(-0.121477712988853,-0.0308844819466409,0.0032));
#11958=CARTESIAN_POINT('',(-0.121477712988853,-0.0297820749603212,0.0032));
#11959=CARTESIAN_POINT('',(-0.121477712988853,-0.0297820749603212,0.00358904298162379));
#11960=CARTESIAN_POINT('',(-0.121477712988853,-0.0518707548145991,0.00401151378799404));
#11961=CARTESIAN_POINT('',(-0.121477712988853,-0.0516396049626288,0.00397808596324758));
#11962=CARTESIAN_POINT('',(-0.121477712988853,-0.0521019046665693,0.00404494161274052));
#11963=CARTESIAN_POINT('',(-0.121477712988853,-0.0530869586511195,0.00685856873395387));
#11964=CARTESIAN_POINT('',(-0.121477712988853,-0.0540720126356697,0.00967219585516723));
#11965=CARTESIAN_POINT('',(-0.121477712988853,-0.0547363017487165,0.00967219585516723));
#11966=CARTESIAN_POINT('',(-0.121477712988853,-0.0554005908617633,0.00967219585516723));
#11967=CARTESIAN_POINT('',(-0.121477712988853,-0.056378532543176,0.00685856873395387));
#11968=CARTESIAN_POINT('',(-0.121477712988853,-0.0573564742245886,0.00404494161274052));
#11969=CARTESIAN_POINT('',(-0.121477712988853,-0.0575876240765589,0.00401151378799404));
#11970=CARTESIAN_POINT('',(-0.121477712988853,-0.0578187739285291,0.00397808596324758));
#11971=CARTESIAN_POINT('',(-0.121477712988853,-0.0578187739285291,0.00358904298162379));
#11972=CARTESIAN_POINT('',(-0.121477712988853,-0.0578187739285291,0.0032));
#11973=CARTESIAN_POINT('',(-0.121477712988853,-0.0567163669422094,0.0032));
#11974=CARTESIAN_POINT('',(-0.121477712988853,-0.0556139599558897,0.0032));
#11975=CARTESIAN_POINT('',(-0.121477712988853,-0.0556139599558897,0.00358904298162379));
#11976=CARTESIAN_POINT('',(-0.121477712988853,-0.0556139599558897,0.00397808596324758));
#11977=CARTESIAN_POINT('',(-0.121477712988853,-0.0558387087350362,0.00401791486081784));
#11978=CARTESIAN_POINT('',(-0.121477712988853,-0.0560634575141827,0.0040577437583881));
#11979=CARTESIAN_POINT('',(-0.121477712988853,-0.0559212114514317,0.00450226270448475));
#11980=CARTESIAN_POINT('',(-0.121477712988853,-0.0557789653886808,0.0049467816505814));
#11981=CARTESIAN_POINT('',(-0.121477712988853,-0.0547299006758927,0.0049467816505814));
#11982=CARTESIAN_POINT('',(-0.121477712988853,-0.0536808359631046,0.0049467816505814));
#11983=CARTESIAN_POINT('',(-0.121477712988853,-0.0535385899003537,0.00450226270448475));
#11984=CARTESIAN_POINT('',(-0.121477712988853,-0.0533963438376028,0.0040577437583881));
#11985=CARTESIAN_POINT('',(-0.121477712988853,-0.0536203813864355,0.00401791486081784));
#11986=CARTESIAN_POINT('',(-0.121477712988853,-0.0538444189352682,0.00397808596324758));
#11987=CARTESIAN_POINT('',(-0.121477712988853,-0.0538444189352682,0.00358904298162379));
#11988=CARTESIAN_POINT('',(-0.121477712988853,-0.0538444189352682,0.0032));
#11989=CARTESIAN_POINT('',(-0.121477712988853,-0.0527420119489485,0.0032));
#11990=CARTESIAN_POINT('',(-0.121477712988853,-0.0516396049626288,0.0032));
#11991=CARTESIAN_POINT('',(-0.121477712988853,-0.0516396049626288,0.00358904298162379));
#11992=CARTESIAN_POINT('',(-0.121477712988853,-0.05445,0.));
#11993=CARTESIAN_POINT('',(-0.121477712988853,0.005,0.));
#11994=CARTESIAN_POINT('',(-0.121477712988853,-0.1139,0.));
#11995=CARTESIAN_POINT('',(-0.121477712988853,-0.1139,0.003));
#11996=CARTESIAN_POINT('',(-0.121477712988853,-0.1139,0.013));
#11997=CARTESIAN_POINT('',(-0.121477712988853,-0.05445,0.013));
#11998=CARTESIAN_POINT('',(-0.121477712988853,0.005,0.013));
#11999=CARTESIAN_POINT('',(-0.121477712988853,0.005,0.003));
#12000=CARTESIAN_POINT('',(-0.121477712988853,-0.0175,0.0101));
#12001=CARTESIAN_POINT('',(-0.121477712988853,-0.0115,0.0101));
#12002=CARTESIAN_POINT('',(-0.121477712988853,-0.0235,0.0101));
#12003=CARTESIAN_POINT('',(-0.121477712988853,-0.0235,0.0061));
#12004=CARTESIAN_POINT('',(-0.121477712988853,-0.0235,0.0021));
#12005=CARTESIAN_POINT('',(-0.121477712988853,-0.0175,0.0021));
#12006=CARTESIAN_POINT('',(-0.121477712988853,-0.0115,0.0021));
#12007=CARTESIAN_POINT('',(-0.121477712988853,-0.0115,0.0061));
#12008=CARTESIAN_POINT('',(-0.121477712988853,-0.0363837147325917,0.00928101918260218));
#12009=CARTESIAN_POINT('',(-0.121477712988853,-0.0363837147325917,0.00888984251003713));
#12010=CARTESIAN_POINT('',(-0.121477712988853,-0.0363837147325917,0.00967219585516723));
#12011=CARTESIAN_POINT('',(-0.121477712988853,-0.0377236726437055,0.00967219585516723));
#12012=CARTESIAN_POINT('',(-0.121477712988853,-0.0390636305548193,0.00967219585516723));
#12013=CARTESIAN_POINT('',(-0.121477712988853,-0.0390636305548193,0.00928101918260218));
#12014=CARTESIAN_POINT('',(-0.121477712988853,-0.0390636305548193,0.00888984251003713));
#12015=CARTESIAN_POINT('',(-0.121477712988853,-0.0387172613920208,0.00882298686054419));
#12016=CARTESIAN_POINT('',(-0.121477712988853,-0.0383708922292222,0.00875613121105125));
#12017=CARTESIAN_POINT('',(-0.121477712988853,-0.0383708922292222,0.00643396423664235));
#12018=CARTESIAN_POINT('',(-0.121477712988853,-0.0383708922292222,0.00411179726223345));
#12019=CARTESIAN_POINT('',(-0.121477712988853,-0.0387172613920208,0.00404494161274052));
#12020=CARTESIAN_POINT('',(-0.121477712988853,-0.0390636305548193,0.00397808596324758));
#12021=CARTESIAN_POINT('',(-0.121477712988853,-0.0390636305548193,0.00358904298162379));
#12022=CARTESIAN_POINT('',(-0.121477712988853,-0.0390636305548193,0.0032));
#12023=CARTESIAN_POINT('',(-0.121477712988853,-0.0377236726437055,0.0032));
#12024=CARTESIAN_POINT('',(-0.121477712988853,-0.0363837147325917,0.0032));
#12025=CARTESIAN_POINT('',(-0.121477712988853,-0.0363837147325917,0.00358904298162379));
#12026=CARTESIAN_POINT('',(-0.121477712988853,-0.0363837147325917,0.00397808596324758));
#12027=CARTESIAN_POINT('',(-0.121477712988853,-0.0367300838953903,0.00404494161274052));
#12028=CARTESIAN_POINT('',(-0.121477712988853,-0.0370764530581888,0.00411179726223345));
#12029=CARTESIAN_POINT('',(-0.121477712988853,-0.0370764530581888,0.00643396423664235));
#12030=CARTESIAN_POINT('',(-0.121477712988853,-0.0370764530581888,0.00875613121105125));
#12031=CARTESIAN_POINT('',(-0.121477712988853,-0.0367300838953903,0.00882298686054419));
#12032=CARTESIAN_POINT('',(-0.121477712988853,-0.0611572890212934,0.00967219585516723));
#12033=CARTESIAN_POINT('',(-0.121477712988853,-0.0623436211846361,0.00967219585516723));
#12034=CARTESIAN_POINT('',(-0.121477712988853,-0.0631131723841187,0.00891402434070478));
#12035=CARTESIAN_POINT('',(-0.121477712988853,-0.0611572890212934,0.00967219585516723));
#12036=CARTESIAN_POINT('',(-0.121477712988853,-0.0631131723841187,0.00891402434070478));
#12037=CARTESIAN_POINT('',(-0.121477712988853,-0.0631131723841187,0.00891402434070478));
#12038=CARTESIAN_POINT('',(-0.121477712988853,-0.0638827235836012,0.00815585282624234));
#12039=CARTESIAN_POINT('',(-0.121477712988853,-0.0638827235836012,0.0069695206628996));
#12040=CARTESIAN_POINT('',(-0.121477712988853,-0.0638827235836012,0.0069695206628996));
#12041=CARTESIAN_POINT('',(-0.121477712988853,-0.0638827235836012,0.00643396423664235));
#12042=CARTESIAN_POINT('',(-0.121477712988853,-0.0638827235836012,0.00589840781038511));
#12043=CARTESIAN_POINT('',(-0.121477712988853,-0.0638827235836012,0.00589840781038511));
#12044=CARTESIAN_POINT('',(-0.121477712988853,-0.0638827235836012,0.00470638580453233));
#12045=CARTESIAN_POINT('',(-0.121477712988853,-0.0631131723841187,0.00395319290226616));
#12046=CARTESIAN_POINT('',(-0.121477712988853,-0.0631131723841187,0.00395319290226616));
#12047=CARTESIAN_POINT('',(-0.121477712988853,-0.0631131723841187,0.00395319290226616));
#12048=CARTESIAN_POINT('',(-0.121477712988853,-0.0623436211846361,0.0032));
#12049=CARTESIAN_POINT('',(-0.121477712988853,-0.0611572890212934,0.0032));
#12050=CARTESIAN_POINT('',(-0.121477712988853,-0.0611572890212934,0.0032));
#12051=CARTESIAN_POINT('',(-0.121477712988853,-0.0597014005690376,0.0032));
#12052=CARTESIAN_POINT('',(-0.121477712988853,-0.0582455121167819,0.0032));
#12053=CARTESIAN_POINT('',(-0.121477712988853,-0.0582455121167819,0.00358904298162379));
#12054=CARTESIAN_POINT('',(-0.121477712988853,-0.0582455121167819,0.00397808596324758));
#12055=CARTESIAN_POINT('',(-0.121477712988853,-0.0585897475886391,0.00404494161274052));
#12056=CARTESIAN_POINT('',(-0.121477712988853,-0.0589339830604964,0.00411179726223345));
#12057=CARTESIAN_POINT('',(-0.121477712988853,-0.0589339830604964,0.00643396423664235));
#12058=CARTESIAN_POINT('',(-0.121477712988853,-0.0589339830604964,0.00875613121105125));
#12059=CARTESIAN_POINT('',(-0.121477712988853,-0.0585897475886391,0.00882298686054419));
#12060=CARTESIAN_POINT('',(-0.121477712988853,-0.0582455121167819,0.00888984251003713));
#12061=CARTESIAN_POINT('',(-0.121477712988853,-0.0582455121167819,0.00928101918260218));
#12062=CARTESIAN_POINT('',(-0.121477712988853,-0.0582455121167819,0.00967219585516723));
#12063=CARTESIAN_POINT('',(-0.121477712988853,-0.0600456360408949,0.00967219585516723));
#12064=CARTESIAN_POINT('',(-0.121477712988853,-0.042464733915194,0.00967219585516723));
#12065=CARTESIAN_POINT('',(-0.121477712988853,-0.0435671409015136,0.00967219585516723));
#12066=CARTESIAN_POINT('',(-0.121477712988853,-0.0441937348079314,0.00916793356271519));
#12067=CARTESIAN_POINT('',(-0.121477712988853,-0.042464733915194,0.00967219585516723));
#12068=CARTESIAN_POINT('',(-0.121477712988853,-0.0441937348079314,0.00916793356271519));
#12069=CARTESIAN_POINT('',(-0.121477712988853,-0.0441937348079314,0.00916793356271519));
#12070=CARTESIAN_POINT('',(-0.121477712988853,-0.0448203287143493,0.00866367127026315));
#12071=CARTESIAN_POINT('',(-0.121477712988853,-0.0448203287143493,0.00777463337806985));
#12072=CARTESIAN_POINT('',(-0.121477712988853,-0.0448203287143493,0.00777463337806985));
#12073=CARTESIAN_POINT('',(-0.121477712988853,-0.0448203287143493,0.00777463337806985));
#12074=CARTESIAN_POINT('',(-0.121477712988853,-0.0448203287143493,0.00728530692220666));
#12075=CARTESIAN_POINT('',(-0.121477712988853,-0.0445578847285739,0.00692542438344681));
#12076=CARTESIAN_POINT('',(-0.121477712988853,-0.0445578847285739,0.00692542438344681));
#12077=CARTESIAN_POINT('',(-0.121477712988853,-0.0445578847285739,0.00692542438344681));
#12078=CARTESIAN_POINT('',(-0.121477712988853,-0.0442954407427983,0.00656554184468696));
#12079=CARTESIAN_POINT('',(-0.121477712988853,-0.0437890447594051,0.006342215526168));
#12080=CARTESIAN_POINT('',(-0.121477712988853,-0.0437890447594051,0.006342215526168));
#12081=CARTESIAN_POINT('',(-0.121477712988853,-0.0437890447594051,0.006342215526168));
#12082=CARTESIAN_POINT('',(-0.121477712988853,-0.0443622963922913,0.00617436517212191));
#12083=CARTESIAN_POINT('',(-0.121477712988853,-0.0446133606930467,0.00578105480861559));
#12084=CARTESIAN_POINT('',(-0.121477712988853,-0.0446133606930467,0.00578105480861559));
#12085=CARTESIAN_POINT('',(-0.121477712988853,-0.0446133606930467,0.00578105480861559));
#12086=CARTESIAN_POINT('',(-0.121477712988853,-0.0448644249938021,0.00538774444510928));
#12087=CARTESIAN_POINT('',(-0.121477712988853,-0.0448644249938021,0.00480453558783047));
#12088=CARTESIAN_POINT('',(-0.121477712988853,-0.0448644249938021,0.00480453558783047));
#12089=CARTESIAN_POINT('',(-0.121477712988853,-0.0448644249938021,0.00464024138535315));
#12090=CARTESIAN_POINT('',(-0.121477712988853,-0.0448644249938021,0.00447594718287582));
#12091=CARTESIAN_POINT('',(-0.121477712988853,-0.0448644249938021,0.00447594718287582));
#12092=CARTESIAN_POINT('',(-0.121477712988853,-0.0448644249938021,0.00426257808874944));
#12093=CARTESIAN_POINT('',(-0.121477712988853,-0.0449490614011389,0.00414451385666616));
#12094=CARTESIAN_POINT('',(-0.121477712988853,-0.0449490614011389,0.00414451385666616));
#12095=CARTESIAN_POINT('',(-0.121477712988853,-0.0449490614011389,0.00414451385666616));
#12096=CARTESIAN_POINT('',(-0.121477712988853,-0.0450336978084757,0.00402644962458289));
#12097=CARTESIAN_POINT('',(-0.121477712988853,-0.045229997375072,0.00400511271517025));
#12098=CARTESIAN_POINT('',(-0.121477712988853,-0.045229997375072,0.00400511271517025));
#12099=CARTESIAN_POINT('',(-0.121477712988853,-0.0453096551702125,0.00399373303015018));
#12100=CARTESIAN_POINT('',(-0.121477712988853,-0.045389312965353,0.0039823533451301));
#12101=CARTESIAN_POINT('',(-0.121477712988853,-0.045389312965353,0.00359117667256506));
#12102=CARTESIAN_POINT('',(-0.121477712988853,-0.045389312965353,0.0032));
#12103=CARTESIAN_POINT('',(-0.121477712988853,-0.0450536122572608,0.0032));
#12104=CARTESIAN_POINT('',(-0.121477712988853,-0.0447179115491686,0.0032));
#12105=CARTESIAN_POINT('',(-0.121477712988853,-0.0447179115491686,0.0032));
#12106=CARTESIAN_POINT('',(-0.121477712988853,-0.044082071648672,0.0032));
#12107=CARTESIAN_POINT('',(-0.121477712988853,-0.0438246062750928,0.00354210178091599));
#12108=CARTESIAN_POINT('',(-0.121477712988853,-0.0438246062750928,0.00354210178091599));
#12109=CARTESIAN_POINT('',(-0.121477712988853,-0.0438246062750928,0.00354210178091599));
#12110=CARTESIAN_POINT('',(-0.121477712988853,-0.0435671409015136,0.00388420356183197));
#12111=CARTESIAN_POINT('',(-0.121477712988853,-0.0435671409015136,0.00442758352154051));
#12112=CARTESIAN_POINT('',(-0.121477712988853,-0.0435671409015136,0.00442758352154051));
#12113=CARTESIAN_POINT('',(-0.121477712988853,-0.0435671409015136,0.00461179217280296));
#12114=CARTESIAN_POINT('',(-0.121477712988853,-0.0435671409015136,0.00479600082406542));
#12115=CARTESIAN_POINT('',(-0.121477712988853,-0.0435671409015136,0.00479600082406542));
#12116=CARTESIAN_POINT('',(-0.121477712988853,-0.0435671409015136,0.00526683529177099));
#12117=CARTESIAN_POINT('',(-0.121477712988853,-0.0433160766007583,0.00553568035037024));
#12118=CARTESIAN_POINT('',(-0.121477712988853,-0.0433160766007583,0.00553568035037024));
#12119=CARTESIAN_POINT('',(-0.121477712988853,-0.0433160766007583,0.00553568035037024));
#12120=CARTESIAN_POINT('',(-0.121477712988853,-0.0430650123000028,0.0058045254089695));
#12121=CARTESIAN_POINT('',(-0.121477712988853,-0.0426069799779449,0.00581875001524459));
#12122=CARTESIAN_POINT('',(-0.121477712988853,-0.0426069799779449,0.00581875001524459));
#12123=CARTESIAN_POINT('',(-0.121477712988853,-0.0420756909335701,0.00581875001524459));
#12124=CARTESIAN_POINT('',(-0.121477712988853,-0.0415444018891954,0.00581875001524459));
#12125=CARTESIAN_POINT('',(-0.121477712988853,-0.0415444018891954,0.00496527363873902));
#12126=CARTESIAN_POINT('',(-0.121477712988853,-0.0415444018891954,0.00411179726223345));
#12127=CARTESIAN_POINT('',(-0.121477712988853,-0.041890771051994,0.00404494161274052));
#12128=CARTESIAN_POINT('',(-0.121477712988853,-0.0422371402147925,0.00397808596324758));
#12129=CARTESIAN_POINT('',(-0.121477712988853,-0.0422371402147925,0.00358904298162379));
#12130=CARTESIAN_POINT('',(-0.121477712988853,-0.0422371402147925,0.0032));
#12131=CARTESIAN_POINT('',(-0.121477712988853,-0.0408971823036787,0.0032));
#12132=CARTESIAN_POINT('',(-0.121477712988853,-0.0395572243925649,0.0032));
#12133=CARTESIAN_POINT('',(-0.121477712988853,-0.0395572243925649,0.00358904298162379));
#12134=CARTESIAN_POINT('',(-0.121477712988853,-0.0395572243925649,0.00397808596324758));
#12135=CARTESIAN_POINT('',(-0.121477712988853,-0.0399014598644222,0.00404494161274052));
#12136=CARTESIAN_POINT('',(-0.121477712988853,-0.0402456953362795,0.00411179726223345));
#12137=CARTESIAN_POINT('',(-0.121477712988853,-0.0402456953362795,0.00643396423664235));
#12138=CARTESIAN_POINT('',(-0.121477712988853,-0.0402456953362795,0.00875613121105125));
#12139=CARTESIAN_POINT('',(-0.121477712988853,-0.0399014598644222,0.00882298686054419));
#12140=CARTESIAN_POINT('',(-0.121477712988853,-0.0395572243925649,0.00888984251003713));
#12141=CARTESIAN_POINT('',(-0.121477712988853,-0.0395572243925649,0.00928101918260218));
#12142=CARTESIAN_POINT('',(-0.121477712988853,-0.0395572243925649,0.00967219585516723));
#12143=CARTESIAN_POINT('',(-0.121477712988853,-0.0413552146257367,0.00967219585516723));
#12144=CARTESIAN_POINT('',(-0.0120777129888534,-0.05445,0.003));
#12145=CARTESIAN_POINT('',(-0.0120777129888534,-0.05445,0.));
#12146=CARTESIAN_POINT('',(-0.0120777129888534,0.005,0.));
#12147=CARTESIAN_POINT('',(-0.0120777129888534,-0.1139,0.));
#12148=CARTESIAN_POINT('',(-0.0120777129888534,0.005,0.003));
#12149=CARTESIAN_POINT('',(-0.0120777129888534,0.005,0.013));
#12150=CARTESIAN_POINT('',(-0.0120777129888534,-0.05445,0.013));
#12151=CARTESIAN_POINT('',(-0.0120777129888534,-0.1139,0.013));
#12152=CARTESIAN_POINT('',(-0.0120777129888534,-0.1139,0.003));
#12153=CARTESIAN_POINT('',(-0.0120777129888534,-0.0235,0.003));
#12154=CARTESIAN_POINT('',(-0.0120777129888534,-0.0235,0.0021));
#12155=CARTESIAN_POINT('',(-0.0120777129888534,-0.0235,0.0101));
#12156=CARTESIAN_POINT('',(-0.0120777129888534,-0.05445,0.0101));
#12157=CARTESIAN_POINT('',(-0.0120777129888534,-0.0115,0.0101));
#12158=CARTESIAN_POINT('',(-0.0120777129888534,-0.0115,0.003));
#12159=CARTESIAN_POINT('',(-0.0120777129888534,-0.0115,0.0021));
#12160=CARTESIAN_POINT('',(-0.0120777129888534,-0.05445,0.0021));
#12161=CARTESIAN_POINT('',(0.0112111435055733,-0.05875,0.003));
#12162=CARTESIAN_POINT('',(-0.0220777129888534,-0.05445,0.003));
#12163=CARTESIAN_POINT('',(-0.0220777129888534,-0.0235,0.003));
#12164=CARTESIAN_POINT('',(-0.0220777129888534,-0.1039,0.003));
#12165=CARTESIAN_POINT('',(0.0112111435055733,-0.0235,0.003));
#12166=CARTESIAN_POINT('',(-0.111477712988853,-0.0235,0.003));
#12167=CARTESIAN_POINT('',(-0.111477712988853,-0.05445,0.003));
#12168=CARTESIAN_POINT('',(-0.111477712988853,-0.1039,0.003));
#12169=CARTESIAN_POINT('',(-0.0667777129888534,-0.1039,0.003));
#12170=CARTESIAN_POINT('',(-0.0667777129888535,0.005,0.003));
#12171=CARTESIAN_POINT('',(-0.0667777129888535,0.005,0.));
#12172=CARTESIAN_POINT('',(-0.0667777129888535,0.005,0.013));
#12173=CARTESIAN_POINT('',(-0.0667777129888535,-0.1139,0.003));
#12174=CARTESIAN_POINT('',(-0.0667777129888535,-0.1139,0.));
#12175=CARTESIAN_POINT('',(-0.0667777129888535,-0.1139,0.013));
#12176=CARTESIAN_POINT('',(-0.116477712988853,8.87868929381831E-20,0.003));
#12177=CARTESIAN_POINT('',(-0.116477712988853,8.87868929381831E-20,0.));
#12178=CARTESIAN_POINT('',(-0.115027712988853,8.87868929381831E-20,0.));
#12179=CARTESIAN_POINT('',(-0.116477712988853,8.87868929381831E-20,0.013));
#12180=CARTESIAN_POINT('',(-0.115027712988853,8.87868929381831E-20,0.013));
#12181=CARTESIAN_POINT('',(-0.0170777129888534,8.87868929381831E-20,0.003));
#12182=CARTESIAN_POINT('',(-0.0170777129888534,8.87868929381831E-20,0.));
#12183=CARTESIAN_POINT('',(-0.0156277129888534,8.87868929381831E-20,0.));
#12184=CARTESIAN_POINT('',(-0.0170777129888534,8.87868929381831E-20,0.013));
#12185=CARTESIAN_POINT('',(-0.0156277129888534,8.87868929381831E-20,0.013));
#12186=CARTESIAN_POINT('',(-0.116477712988853,-0.1089,0.003));
#12187=CARTESIAN_POINT('',(-0.116477712988853,-0.1089,0.));
#12188=CARTESIAN_POINT('',(-0.115127712988853,-0.1089,0.));
#12189=CARTESIAN_POINT('',(-0.116477712988853,-0.1089,0.013));
#12190=CARTESIAN_POINT('',(-0.115127712988853,-0.1089,0.013));
#12191=CARTESIAN_POINT('',(-0.0170777129888534,-0.1089,0.003));
#12192=CARTESIAN_POINT('',(-0.0170777129888534,-0.1089,0.));
#12193=CARTESIAN_POINT('',(-0.0157277129888534,-0.1089,0.));
#12194=CARTESIAN_POINT('',(-0.0170777129888534,-0.1089,0.013));
#12195=CARTESIAN_POINT('',(-0.0157277129888534,-0.1089,0.013));
#12196=CARTESIAN_POINT('',(0.0112111435055733,-0.05875,0.));
#12197=CARTESIAN_POINT('',(-0.111477712988853,-0.05445,0.013));
#12198=CARTESIAN_POINT('',(-0.111477712988853,-0.0115,0.013));
#12199=CARTESIAN_POINT('',(-0.111477712988853,-0.0115,0.003));
#12200=CARTESIAN_POINT('',(-0.111477712988853,-0.0115,0.0101));
#12201=CARTESIAN_POINT('',(-0.111477712988853,-0.05445,0.003));
#12202=CARTESIAN_POINT('',(-0.111477712988853,-0.005,0.003));
#12203=CARTESIAN_POINT('',(-0.111477712988853,-0.005,0.013));
#12204=CARTESIAN_POINT('',(-0.111477712988853,-0.005,0.013));
#12205=CARTESIAN_POINT('',(-0.111477712988853,-0.05445,0.013));
#12206=CARTESIAN_POINT('',(-0.111477712988853,-0.1039,0.013));
#12207=CARTESIAN_POINT('',(-0.111477712988853,-0.1039,0.013));
#12208=CARTESIAN_POINT('',(-0.111477712988853,-0.0235,0.013));
#12209=CARTESIAN_POINT('',(-0.111477712988853,-0.0235,0.0101));
#12210=CARTESIAN_POINT('',(-0.111477712988853,-0.05445,0.0101));
#12211=CARTESIAN_POINT('',(-0.0667777129888534,-0.005,0.013));
#12212=CARTESIAN_POINT('',(-0.0667777129888534,-0.005,0.003));
#12213=CARTESIAN_POINT('',(-0.0220777129888534,-0.005,0.003));
#12214=CARTESIAN_POINT('',(-0.0220777129888534,-0.005,0.013));
#12215=CARTESIAN_POINT('',(-0.0220777129888534,-0.005,0.013));
#12216=CARTESIAN_POINT('',(-0.0667777129888534,-0.005,0.013));
#12217=CARTESIAN_POINT('',(-0.0220777129888534,-0.05445,0.013));
#12218=CARTESIAN_POINT('',(-0.0220777129888534,-0.05445,0.003));
#12219=CARTESIAN_POINT('',(-0.0220777129888534,-0.0115,0.003));
#12220=CARTESIAN_POINT('',(-0.0220777129888534,-0.0115,0.013));
#12221=CARTESIAN_POINT('',(-0.0220777129888534,-0.0115,0.0101));
#12222=CARTESIAN_POINT('',(-0.0220777129888534,-0.05445,0.0101));
#12223=CARTESIAN_POINT('',(-0.0220777129888534,-0.0235,0.0101));
#12224=CARTESIAN_POINT('',(-0.0220777129888534,-0.0235,0.013));
#12225=CARTESIAN_POINT('',(-0.0220777129888534,-0.1039,0.013));
#12226=CARTESIAN_POINT('',(-0.0220777129888534,-0.1039,0.013));
#12227=CARTESIAN_POINT('',(-0.0220777129888534,-0.05445,0.013));
#12228=CARTESIAN_POINT('',(-0.0667777129888534,-0.1039,0.013));
#12229=CARTESIAN_POINT('',(-0.0667777129888534,-0.1039,0.013));
#12230=CARTESIAN_POINT('',(-0.0667777129888535,-0.05445,0.013));
#12231=CARTESIAN_POINT('',(0.0112111435055733,-0.05875,0.003));
#12232=CARTESIAN_POINT('',(0.0112111435055733,-0.0115,0.003));
#12233=CARTESIAN_POINT('',(0.172997375571409,-0.0175,0.0101));
#12234=CARTESIAN_POINT('',(0.172997375571409,-0.0235,0.0101));
#12235=CARTESIAN_POINT('',(0.172997375571409,-0.0115,0.0101));
#12236=CARTESIAN_POINT('',(0.172997375571409,-0.0175,0.0101));
#12237=CARTESIAN_POINT('',(0.172997375571409,-0.0235,0.0101));
#12238=CARTESIAN_POINT('',(0.172997375571409,-0.0115,0.0101));
#12239=CARTESIAN_POINT('',(0.172997375571409,-0.0115,0.0061));
#12240=CARTESIAN_POINT('',(0.172997375571409,-0.0115,0.0021));
#12241=CARTESIAN_POINT('',(0.172997375571409,-0.0175,0.0021));
#12242=CARTESIAN_POINT('',(0.172997375571409,-0.0235,0.0021));
#12243=CARTESIAN_POINT('',(0.172997375571409,-0.0235,0.0061));
#12244=CARTESIAN_POINT('',(-0.120977712988853,-0.0518707548145991,0.00401151378799404));
#12245=CARTESIAN_POINT('',(-0.120977712988853,-0.0516396049626288,0.00397808596324758));
#12246=CARTESIAN_POINT('',(-0.120977712988853,-0.0516396049626288,0.00397808596324758));
#12247=CARTESIAN_POINT('',(-0.120977712988853,-0.0518707548145991,0.00401151378799404));
#12248=CARTESIAN_POINT('',(-0.120977712988853,-0.0521019046665693,0.00404494161274052));
#12249=CARTESIAN_POINT('',(-0.120977712988853,-0.0521019046665693,0.00404494161274052));
#12250=CARTESIAN_POINT('',(-0.120977712988853,-0.0516396049626288,0.00358904298162379));
#12251=CARTESIAN_POINT('',(-0.120977712988853,-0.0516396049626288,0.0032));
#12252=CARTESIAN_POINT('',(-0.120977712988853,-0.0516396049626288,0.0032));
#12253=CARTESIAN_POINT('',(-0.120977712988853,-0.0516396049626288,0.00358904298162379));
#12254=CARTESIAN_POINT('',(-0.120977712988853,-0.0527420119489485,0.0032));
#12255=CARTESIAN_POINT('',(-0.120977712988853,-0.0538444189352682,0.0032));
#12256=CARTESIAN_POINT('',(-0.120977712988853,-0.0538444189352682,0.0032));
#12257=CARTESIAN_POINT('',(-0.120977712988853,-0.0527420119489485,0.0032));
#12258=CARTESIAN_POINT('',(-0.120977712988853,-0.0538444189352682,0.00358904298162379));
#12259=CARTESIAN_POINT('',(-0.120977712988853,-0.0538444189352682,0.00397808596324758));
#12260=CARTESIAN_POINT('',(-0.120977712988853,-0.0538444189352682,0.00397808596324758));
#12261=CARTESIAN_POINT('',(-0.120977712988853,-0.0538444189352682,0.00358904298162379));
#12262=CARTESIAN_POINT('',(-0.120977712988853,-0.0536203813864355,0.00401791486081784));
#12263=CARTESIAN_POINT('',(-0.120977712988853,-0.0533963438376028,0.0040577437583881));
#12264=CARTESIAN_POINT('',(-0.120977712988853,-0.0533963438376028,0.0040577437583881));
#12265=CARTESIAN_POINT('',(-0.120977712988853,-0.0536203813864355,0.00401791486081784));
#12266=CARTESIAN_POINT('',(-0.120977712988853,-0.0535385899003537,0.00450226270448475));
#12267=CARTESIAN_POINT('',(-0.120977712988853,-0.0536808359631046,0.0049467816505814));
#12268=CARTESIAN_POINT('',(-0.120977712988853,-0.0536808359631046,0.0049467816505814));
#12269=CARTESIAN_POINT('',(-0.120977712988853,-0.0535385899003537,0.00450226270448475));
#12270=CARTESIAN_POINT('',(-0.120977712988853,-0.0547299006758927,0.0049467816505814));
#12271=CARTESIAN_POINT('',(-0.120977712988853,-0.0557789653886808,0.0049467816505814));
#12272=CARTESIAN_POINT('',(-0.120977712988853,-0.0557789653886808,0.0049467816505814));
#12273=CARTESIAN_POINT('',(-0.120977712988853,-0.0547299006758927,0.0049467816505814));
#12274=CARTESIAN_POINT('',(-0.120977712988853,-0.0559212114514317,0.00450226270448475));
#12275=CARTESIAN_POINT('',(-0.120977712988853,-0.0560634575141827,0.0040577437583881));
#12276=CARTESIAN_POINT('',(-0.120977712988853,-0.0560634575141827,0.0040577437583881));
#12277=CARTESIAN_POINT('',(-0.120977712988853,-0.0559212114514317,0.00450226270448475));
#12278=CARTESIAN_POINT('',(-0.120977712988853,-0.0558387087350362,0.00401791486081784));
#12279=CARTESIAN_POINT('',(-0.120977712988853,-0.0556139599558897,0.00397808596324758));
#12280=CARTESIAN_POINT('',(-0.120977712988853,-0.0556139599558897,0.00397808596324758));
#12281=CARTESIAN_POINT('',(-0.120977712988853,-0.0558387087350362,0.00401791486081784));
#12282=CARTESIAN_POINT('',(-0.120977712988853,-0.0556139599558897,0.00358904298162379));
#12283=CARTESIAN_POINT('',(-0.120977712988853,-0.0556139599558897,0.0032));
#12284=CARTESIAN_POINT('',(-0.120977712988853,-0.0556139599558897,0.0032));
#12285=CARTESIAN_POINT('',(-0.120977712988853,-0.0556139599558897,0.00358904298162379));
#12286=CARTESIAN_POINT('',(-0.120977712988853,-0.0567163669422094,0.0032));
#12287=CARTESIAN_POINT('',(-0.120977712988853,-0.0578187739285291,0.0032));
#12288=CARTESIAN_POINT('',(-0.120977712988853,-0.0578187739285291,0.0032));
#12289=CARTESIAN_POINT('',(-0.120977712988853,-0.0567163669422094,0.0032));
#12290=CARTESIAN_POINT('',(-0.120977712988853,-0.0578187739285291,0.00358904298162379));
#12291=CARTESIAN_POINT('',(-0.120977712988853,-0.0578187739285291,0.00397808596324758));
#12292=CARTESIAN_POINT('',(-0.120977712988853,-0.0578187739285291,0.00397808596324758));
#12293=CARTESIAN_POINT('',(-0.120977712988853,-0.0578187739285291,0.00358904298162379));
#12294=CARTESIAN_POINT('',(-0.120977712988853,-0.0575876240765589,0.00401151378799404));
#12295=CARTESIAN_POINT('',(-0.120977712988853,-0.0573564742245886,0.00404494161274052));
#12296=CARTESIAN_POINT('',(-0.120977712988853,-0.0573564742245886,0.00404494161274052));
#12297=CARTESIAN_POINT('',(-0.120977712988853,-0.0575876240765589,0.00401151378799404));
#12298=CARTESIAN_POINT('',(-0.120977712988853,-0.056378532543176,0.00685856873395387));
#12299=CARTESIAN_POINT('',(-0.120977712988853,-0.0554005908617633,0.00967219585516723));
#12300=CARTESIAN_POINT('',(-0.120977712988853,-0.0554005908617633,0.00967219585516723));
#12301=CARTESIAN_POINT('',(-0.120977712988853,-0.056378532543176,0.00685856873395387));
#12302=CARTESIAN_POINT('',(-0.120977712988853,-0.0547363017487165,0.00967219585516723));
#12303=CARTESIAN_POINT('',(-0.120977712988853,-0.0540720126356697,0.00967219585516723));
#12304=CARTESIAN_POINT('',(-0.120977712988853,-0.0540720126356697,0.00967219585516723));
#12305=CARTESIAN_POINT('',(-0.120977712988853,-0.0547363017487165,0.00967219585516723));
#12306=CARTESIAN_POINT('',(-0.120977712988853,-0.0530869586511195,0.00685856873395387));
#12307=CARTESIAN_POINT('',(-0.120977712988853,-0.0530869586511195,0.00685856873395387));
#12308=CARTESIAN_POINT('',(-0.120977712988853,-0.05445,0.0065));
#12309=CARTESIAN_POINT('',(-0.120977712988853,-0.0363837147325917,0.00928101918260218));
#12310=CARTESIAN_POINT('',(-0.120977712988853,-0.0363837147325917,0.00888984251003713));
#12311=CARTESIAN_POINT('',(-0.120977712988853,-0.0363837147325917,0.00888984251003713));
#12312=CARTESIAN_POINT('',(-0.120977712988853,-0.0363837147325917,0.00928101918260218));
#12313=CARTESIAN_POINT('',(-0.120977712988853,-0.0363837147325917,0.00967219585516723));
#12314=CARTESIAN_POINT('',(-0.120977712988853,-0.0363837147325917,0.00967219585516723));
#12315=CARTESIAN_POINT('',(-0.120977712988853,-0.0367300838953903,0.00882298686054419));
#12316=CARTESIAN_POINT('',(-0.120977712988853,-0.0370764530581888,0.00875613121105125));
#12317=CARTESIAN_POINT('',(-0.120977712988853,-0.0370764530581888,0.00875613121105125));
#12318=CARTESIAN_POINT('',(-0.120977712988853,-0.0367300838953903,0.00882298686054419));
#12319=CARTESIAN_POINT('',(-0.120977712988853,-0.0370764530581888,0.00643396423664235));
#12320=CARTESIAN_POINT('',(-0.120977712988853,-0.0370764530581888,0.00411179726223345));
#12321=CARTESIAN_POINT('',(-0.120977712988853,-0.0370764530581888,0.00411179726223345));
#12322=CARTESIAN_POINT('',(-0.120977712988853,-0.0370764530581888,0.00643396423664235));
#12323=CARTESIAN_POINT('',(-0.120977712988853,-0.0367300838953903,0.00404494161274052));
#12324=CARTESIAN_POINT('',(-0.120977712988853,-0.0363837147325917,0.00397808596324758));
#12325=CARTESIAN_POINT('',(-0.120977712988853,-0.0363837147325917,0.00397808596324758));
#12326=CARTESIAN_POINT('',(-0.120977712988853,-0.0367300838953903,0.00404494161274052));
#12327=CARTESIAN_POINT('',(-0.120977712988853,-0.0363837147325917,0.00358904298162379));
#12328=CARTESIAN_POINT('',(-0.120977712988853,-0.0363837147325917,0.0032));
#12329=CARTESIAN_POINT('',(-0.120977712988853,-0.0363837147325917,0.0032));
#12330=CARTESIAN_POINT('',(-0.120977712988853,-0.0363837147325917,0.00358904298162379));
#12331=CARTESIAN_POINT('',(-0.120977712988853,-0.0377236726437055,0.0032));
#12332=CARTESIAN_POINT('',(-0.120977712988853,-0.0390636305548193,0.0032));
#12333=CARTESIAN_POINT('',(-0.120977712988853,-0.0390636305548193,0.0032));
#12334=CARTESIAN_POINT('',(-0.120977712988853,-0.0377236726437055,0.0032));
#12335=CARTESIAN_POINT('',(-0.120977712988853,-0.0390636305548193,0.00358904298162379));
#12336=CARTESIAN_POINT('',(-0.120977712988853,-0.0390636305548193,0.00397808596324758));
#12337=CARTESIAN_POINT('',(-0.120977712988853,-0.0390636305548193,0.00397808596324758));
#12338=CARTESIAN_POINT('',(-0.120977712988853,-0.0390636305548193,0.00358904298162379));
#12339=CARTESIAN_POINT('',(-0.120977712988853,-0.0387172613920208,0.00404494161274052));
#12340=CARTESIAN_POINT('',(-0.120977712988853,-0.0383708922292222,0.00411179726223345));
#12341=CARTESIAN_POINT('',(-0.120977712988853,-0.0383708922292222,0.00411179726223345));
#12342=CARTESIAN_POINT('',(-0.120977712988853,-0.0387172613920208,0.00404494161274052));
#12343=CARTESIAN_POINT('',(-0.120977712988853,-0.0383708922292222,0.00643396423664235));
#12344=CARTESIAN_POINT('',(-0.120977712988853,-0.0383708922292222,0.00875613121105125));
#12345=CARTESIAN_POINT('',(-0.120977712988853,-0.0383708922292222,0.00875613121105125));
#12346=CARTESIAN_POINT('',(-0.120977712988853,-0.0383708922292222,0.00643396423664235));
#12347=CARTESIAN_POINT('',(-0.120977712988853,-0.0387172613920208,0.00882298686054419));
#12348=CARTESIAN_POINT('',(-0.120977712988853,-0.0390636305548193,0.00888984251003713));
#12349=CARTESIAN_POINT('',(-0.120977712988853,-0.0390636305548193,0.00888984251003713));
#12350=CARTESIAN_POINT('',(-0.120977712988853,-0.0387172613920208,0.00882298686054419));
#12351=CARTESIAN_POINT('',(-0.120977712988853,-0.0390636305548193,0.00928101918260218));
#12352=CARTESIAN_POINT('',(-0.120977712988853,-0.0390636305548193,0.00967219585516723));
#12353=CARTESIAN_POINT('',(-0.120977712988853,-0.0390636305548193,0.00967219585516723));
#12354=CARTESIAN_POINT('',(-0.120977712988853,-0.0390636305548193,0.00928101918260218));
#12355=CARTESIAN_POINT('',(-0.120977712988853,-0.0377236726437055,0.00967219585516723));
#12356=CARTESIAN_POINT('',(-0.120977712988853,-0.0377236726437055,0.00967219585516723));
#12357=CARTESIAN_POINT('',(-0.120977712988853,-0.05445,0.0065));
#12358=CARTESIAN_POINT('',(-0.120977712988853,-0.0300132248122914,0.00401151378799404));
#12359=CARTESIAN_POINT('',(-0.120977712988853,-0.0297820749603212,0.00397808596324758));
#12360=CARTESIAN_POINT('',(-0.120977712988853,-0.0297820749603212,0.00397808596324758));
#12361=CARTESIAN_POINT('',(-0.120977712988853,-0.0300132248122914,0.00401151378799404));
#12362=CARTESIAN_POINT('',(-0.120977712988853,-0.0302443746642617,0.00404494161274052));
#12363=CARTESIAN_POINT('',(-0.120977712988853,-0.0302443746642617,0.00404494161274052));
#12364=CARTESIAN_POINT('',(-0.120977712988853,-0.0297820749603212,0.00358904298162379));
#12365=CARTESIAN_POINT('',(-0.120977712988853,-0.0297820749603212,0.0032));
#12366=CARTESIAN_POINT('',(-0.120977712988853,-0.0297820749603212,0.0032));
#12367=CARTESIAN_POINT('',(-0.120977712988853,-0.0297820749603212,0.00358904298162379));
#12368=CARTESIAN_POINT('',(-0.120977712988853,-0.0308844819466409,0.0032));
#12369=CARTESIAN_POINT('',(-0.120977712988853,-0.0319868889329606,0.0032));
#12370=CARTESIAN_POINT('',(-0.120977712988853,-0.0319868889329606,0.0032));
#12371=CARTESIAN_POINT('',(-0.120977712988853,-0.0308844819466409,0.0032));
#12372=CARTESIAN_POINT('',(-0.120977712988853,-0.0319868889329606,0.00358904298162379));
#12373=CARTESIAN_POINT('',(-0.120977712988853,-0.0319868889329606,0.00397808596324758));
#12374=CARTESIAN_POINT('',(-0.120977712988853,-0.0319868889329606,0.00397808596324758));
#12375=CARTESIAN_POINT('',(-0.120977712988853,-0.0319868889329606,0.00358904298162379));
#12376=CARTESIAN_POINT('',(-0.120977712988853,-0.0317628513841278,0.00401791486081784));
#12377=CARTESIAN_POINT('',(-0.120977712988853,-0.0315388138352952,0.0040577437583881));
#12378=CARTESIAN_POINT('',(-0.120977712988853,-0.0315388138352952,0.0040577437583881));
#12379=CARTESIAN_POINT('',(-0.120977712988853,-0.0317628513841278,0.00401791486081784));
#12380=CARTESIAN_POINT('',(-0.120977712988853,-0.0316810598980461,0.00450226270448475));
#12381=CARTESIAN_POINT('',(-0.120977712988853,-0.031823305960797,0.0049467816505814));
#12382=CARTESIAN_POINT('',(-0.120977712988853,-0.031823305960797,0.0049467816505814));
#12383=CARTESIAN_POINT('',(-0.120977712988853,-0.0316810598980461,0.00450226270448475));
#12384=CARTESIAN_POINT('',(-0.120977712988853,-0.0328723706735851,0.0049467816505814));
#12385=CARTESIAN_POINT('',(-0.120977712988853,-0.0339214353863732,0.0049467816505814));
#12386=CARTESIAN_POINT('',(-0.120977712988853,-0.0339214353863732,0.0049467816505814));
#12387=CARTESIAN_POINT('',(-0.120977712988853,-0.0328723706735851,0.0049467816505814));
#12388=CARTESIAN_POINT('',(-0.120977712988853,-0.0340636814491241,0.00450226270448475));
#12389=CARTESIAN_POINT('',(-0.120977712988853,-0.034205927511875,0.0040577437583881));
#12390=CARTESIAN_POINT('',(-0.120977712988853,-0.034205927511875,0.0040577437583881));
#12391=CARTESIAN_POINT('',(-0.120977712988853,-0.0340636814491241,0.00450226270448475));
#12392=CARTESIAN_POINT('',(-0.120977712988853,-0.0339811787327286,0.00401791486081784));
#12393=CARTESIAN_POINT('',(-0.120977712988853,-0.0337564299535821,0.00397808596324758));
#12394=CARTESIAN_POINT('',(-0.120977712988853,-0.0337564299535821,0.00397808596324758));
#12395=CARTESIAN_POINT('',(-0.120977712988853,-0.0339811787327286,0.00401791486081784));
#12396=CARTESIAN_POINT('',(-0.120977712988853,-0.0337564299535821,0.00358904298162379));
#12397=CARTESIAN_POINT('',(-0.120977712988853,-0.0337564299535821,0.0032));
#12398=CARTESIAN_POINT('',(-0.120977712988853,-0.0337564299535821,0.0032));
#12399=CARTESIAN_POINT('',(-0.120977712988853,-0.0337564299535821,0.00358904298162379));
#12400=CARTESIAN_POINT('',(-0.120977712988853,-0.0348588369399018,0.0032));
#12401=CARTESIAN_POINT('',(-0.120977712988853,-0.0359612439262215,0.0032));
#12402=CARTESIAN_POINT('',(-0.120977712988853,-0.0359612439262215,0.0032));
#12403=CARTESIAN_POINT('',(-0.120977712988853,-0.0348588369399018,0.0032));
#12404=CARTESIAN_POINT('',(-0.120977712988853,-0.0359612439262215,0.00358904298162379));
#12405=CARTESIAN_POINT('',(-0.120977712988853,-0.0359612439262215,0.00397808596324758));
#12406=CARTESIAN_POINT('',(-0.120977712988853,-0.0359612439262215,0.00397808596324758));
#12407=CARTESIAN_POINT('',(-0.120977712988853,-0.0359612439262215,0.00358904298162379));
#12408=CARTESIAN_POINT('',(-0.120977712988853,-0.0357300940742512,0.00401151378799404));
#12409=CARTESIAN_POINT('',(-0.120977712988853,-0.035498944222281,0.00404494161274052));
#12410=CARTESIAN_POINT('',(-0.120977712988853,-0.035498944222281,0.00404494161274052));
#12411=CARTESIAN_POINT('',(-0.120977712988853,-0.0357300940742512,0.00401151378799404));
#12412=CARTESIAN_POINT('',(-0.120977712988853,-0.0345210025408684,0.00685856873395387));
#12413=CARTESIAN_POINT('',(-0.120977712988853,-0.0335430608594557,0.00967219585516723));
#12414=CARTESIAN_POINT('',(-0.120977712988853,-0.0335430608594557,0.00967219585516723));
#12415=CARTESIAN_POINT('',(-0.120977712988853,-0.0345210025408684,0.00685856873395387));
#12416=CARTESIAN_POINT('',(-0.120977712988853,-0.0328787717464089,0.00967219585516723));
#12417=CARTESIAN_POINT('',(-0.120977712988853,-0.032214482633362,0.00967219585516723));
#12418=CARTESIAN_POINT('',(-0.120977712988853,-0.032214482633362,0.00967219585516723));
#12419=CARTESIAN_POINT('',(-0.120977712988853,-0.0328787717464089,0.00967219585516723));
#12420=CARTESIAN_POINT('',(-0.120977712988853,-0.0312294286488119,0.00685856873395387));
#12421=CARTESIAN_POINT('',(-0.120977712988853,-0.0312294286488119,0.00685856873395387));
#12422=CARTESIAN_POINT('',(-0.120977712988853,-0.05445,0.0065));
#12423=CARTESIAN_POINT('',(-0.120977712988853,-0.0611572890212934,0.00967219585516723));
#12424=CARTESIAN_POINT('',(-0.121477712988853,-0.0611572890212934,0.00967219585516723));
#12425=CARTESIAN_POINT('',(-0.120977712988853,-0.0619481771301885,0.00967219585516723));
#12426=CARTESIAN_POINT('',(-0.121477712988853,-0.0619481771301885,0.00967219585516723));
#12427=CARTESIAN_POINT('',(-0.120977712988853,-0.0626001382511303,0.00941947201701308));
#12428=CARTESIAN_POINT('',(-0.121477712988853,-0.0626001382511303,0.00941947201701308));
#12429=CARTESIAN_POINT('',(-0.120977712988853,-0.0631131723841187,0.00891402434070478));
#12430=CARTESIAN_POINT('',(-0.121477712988853,-0.0631131723841187,0.00891402434070478));
#12431=CARTESIAN_POINT('',(-0.120977712988853,-0.0611572890212934,0.00967219585516723));
#12432=CARTESIAN_POINT('',(-0.120977712988853,-0.0611572890212934,0.00967219585516723));
#12433=CARTESIAN_POINT('',(-0.120977712988853,-0.0611572890212934,0.00967219585516723));
#12434=CARTESIAN_POINT('',(-0.120977712988853,-0.0623436211846361,0.00967219585516723));
#12435=CARTESIAN_POINT('',(-0.120977712988853,-0.0631131723841187,0.00891402434070478));
#12436=CARTESIAN_POINT('',(-0.120977712988853,-0.0631131723841187,0.00891402434070478));
#12437=CARTESIAN_POINT('',(-0.120977712988853,-0.0631131723841187,0.00891402434070478));
#12438=CARTESIAN_POINT('',(-0.120977712988853,-0.0600456360408949,0.00967219585516723));
#12439=CARTESIAN_POINT('',(-0.120977712988853,-0.0582455121167819,0.00967219585516723));
#12440=CARTESIAN_POINT('',(-0.120977712988853,-0.0582455121167819,0.00967219585516723));
#12441=CARTESIAN_POINT('',(-0.120977712988853,-0.0600456360408949,0.00967219585516723));
#12442=CARTESIAN_POINT('',(-0.120977712988853,-0.0582455121167819,0.00928101918260218));
#12443=CARTESIAN_POINT('',(-0.120977712988853,-0.0582455121167819,0.00888984251003713));
#12444=CARTESIAN_POINT('',(-0.120977712988853,-0.0582455121167819,0.00888984251003713));
#12445=CARTESIAN_POINT('',(-0.120977712988853,-0.0582455121167819,0.00928101918260218));
#12446=CARTESIAN_POINT('',(-0.120977712988853,-0.0585897475886391,0.00882298686054419));
#12447=CARTESIAN_POINT('',(-0.120977712988853,-0.0589339830604964,0.00875613121105125));
#12448=CARTESIAN_POINT('',(-0.120977712988853,-0.0589339830604964,0.00875613121105125));
#12449=CARTESIAN_POINT('',(-0.120977712988853,-0.0585897475886391,0.00882298686054419));
#12450=CARTESIAN_POINT('',(-0.120977712988853,-0.0589339830604964,0.00643396423664235));
#12451=CARTESIAN_POINT('',(-0.120977712988853,-0.0589339830604964,0.00411179726223345));
#12452=CARTESIAN_POINT('',(-0.120977712988853,-0.0589339830604964,0.00411179726223345));
#12453=CARTESIAN_POINT('',(-0.120977712988853,-0.0589339830604964,0.00643396423664235));
#12454=CARTESIAN_POINT('',(-0.120977712988853,-0.0585897475886391,0.00404494161274052));
#12455=CARTESIAN_POINT('',(-0.120977712988853,-0.0582455121167819,0.00397808596324758));
#12456=CARTESIAN_POINT('',(-0.120977712988853,-0.0582455121167819,0.00397808596324758));
#12457=CARTESIAN_POINT('',(-0.120977712988853,-0.0585897475886391,0.00404494161274052));
#12458=CARTESIAN_POINT('',(-0.120977712988853,-0.0582455121167819,0.00358904298162379));
#12459=CARTESIAN_POINT('',(-0.120977712988853,-0.0582455121167819,0.0032));
#12460=CARTESIAN_POINT('',(-0.120977712988853,-0.0582455121167819,0.0032));
#12461=CARTESIAN_POINT('',(-0.120977712988853,-0.0582455121167819,0.00358904298162379));
#12462=CARTESIAN_POINT('',(-0.120977712988853,-0.0597014005690376,0.0032));
#12463=CARTESIAN_POINT('',(-0.120977712988853,-0.0611572890212934,0.0032));
#12464=CARTESIAN_POINT('',(-0.120977712988853,-0.0611572890212934,0.0032));
#12465=CARTESIAN_POINT('',(-0.120977712988853,-0.0597014005690376,0.0032));
#12466=CARTESIAN_POINT('',(-0.120977712988853,-0.0631131723841187,0.00395319290226616));
#12467=CARTESIAN_POINT('',(-0.121477712988853,-0.0631131723841187,0.00395319290226616));
#12468=CARTESIAN_POINT('',(-0.120977712988853,-0.0626001382511303,0.00345106430075539));
#12469=CARTESIAN_POINT('',(-0.121477712988853,-0.0626001382511303,0.00345106430075539));
#12470=CARTESIAN_POINT('',(-0.120977712988853,-0.0619481771301885,0.0032));
#12471=CARTESIAN_POINT('',(-0.121477712988853,-0.0619481771301885,0.0032));
#12472=CARTESIAN_POINT('',(-0.120977712988853,-0.0611572890212934,0.0032));
#12473=CARTESIAN_POINT('',(-0.121477712988853,-0.0611572890212934,0.0032));
#12474=CARTESIAN_POINT('',(-0.120977712988853,-0.0631131723841187,0.00395319290226616));
#12475=CARTESIAN_POINT('',(-0.120977712988853,-0.0631131723841187,0.00395319290226616));
#12476=CARTESIAN_POINT('',(-0.120977712988853,-0.0631131723841187,0.00395319290226616));
#12477=CARTESIAN_POINT('',(-0.120977712988853,-0.0623436211846361,0.0032));
#12478=CARTESIAN_POINT('',(-0.120977712988853,-0.0611572890212934,0.0032));
#12479=CARTESIAN_POINT('',(-0.120977712988853,-0.0638827235836012,0.00589840781038511));
#12480=CARTESIAN_POINT('',(-0.121477712988853,-0.0638827235836012,0.00589840781038511));
#12481=CARTESIAN_POINT('',(-0.120977712988853,-0.0638827235836012,0.00510372647314992));
#12482=CARTESIAN_POINT('',(-0.121477712988853,-0.0638827235836012,0.00510372647314992));
#12483=CARTESIAN_POINT('',(-0.120977712988853,-0.063626206517107,0.00445532150377694));
#12484=CARTESIAN_POINT('',(-0.121477712988853,-0.063626206517107,0.00445532150377694));
#12485=CARTESIAN_POINT('',(-0.120977712988853,-0.0631131723841187,0.00395319290226616));
#12486=CARTESIAN_POINT('',(-0.121477712988853,-0.0631131723841187,0.00395319290226616));
#12487=CARTESIAN_POINT('',(-0.120977712988853,-0.0638827235836012,0.00589840781038511));
#12488=CARTESIAN_POINT('',(-0.120977712988853,-0.0638827235836012,0.00589840781038511));
#12489=CARTESIAN_POINT('',(-0.120977712988853,-0.0638827235836012,0.00589840781038511));
#12490=CARTESIAN_POINT('',(-0.120977712988853,-0.0638827235836012,0.00470638580453233));
#12491=CARTESIAN_POINT('',(-0.120977712988853,-0.0631131723841187,0.00395319290226616));
#12492=CARTESIAN_POINT('',(-0.120977712988853,-0.0638827235836012,0.00643396423664235));
#12493=CARTESIAN_POINT('',(-0.120977712988853,-0.0638827235836012,0.0069695206628996));
#12494=CARTESIAN_POINT('',(-0.120977712988853,-0.0638827235836012,0.0069695206628996));
#12495=CARTESIAN_POINT('',(-0.120977712988853,-0.0638827235836012,0.00643396423664235));
#12496=CARTESIAN_POINT('',(-0.120977712988853,-0.0631131723841187,0.00891402434070478));
#12497=CARTESIAN_POINT('',(-0.121477712988853,-0.0631131723841187,0.00891402434070478));
#12498=CARTESIAN_POINT('',(-0.120977712988853,-0.063626206517107,0.00840857666439649));
#12499=CARTESIAN_POINT('',(-0.121477712988853,-0.063626206517107,0.00840857666439649));
#12500=CARTESIAN_POINT('',(-0.120977712988853,-0.0638827235836012,0.00776040877179476));
#12501=CARTESIAN_POINT('',(-0.121477712988853,-0.0638827235836012,0.00776040877179476));
#12502=CARTESIAN_POINT('',(-0.120977712988853,-0.0638827235836012,0.0069695206628996));
#12503=CARTESIAN_POINT('',(-0.121477712988853,-0.0638827235836012,0.0069695206628996));
#12504=CARTESIAN_POINT('',(-0.120977712988853,-0.0631131723841187,0.00891402434070478));
#12505=CARTESIAN_POINT('',(-0.120977712988853,-0.0638827235836012,0.00815585282624234));
#12506=CARTESIAN_POINT('',(-0.120977712988853,-0.0638827235836012,0.0069695206628996));
#12507=CARTESIAN_POINT('',(-0.120977712988853,-0.05445,0.0065));
#12508=CARTESIAN_POINT('',(-0.120977712988853,-0.0488971008727909,0.00967219585516723));
#12509=CARTESIAN_POINT('',(-0.121477712988853,-0.0488971008727909,0.00967219585516723));
#12510=CARTESIAN_POINT('',(-0.120977712988853,-0.0496377287061807,0.00967219585516723));
#12511=CARTESIAN_POINT('',(-0.121477712988853,-0.0496377287061807,0.00967219585516723));
#12512=CARTESIAN_POINT('',(-0.120977712988853,-0.0502221229473158,0.00948182320785224));
#12513=CARTESIAN_POINT('',(-0.121477712988853,-0.0502221229473158,0.00948182320785224));
#12514=CARTESIAN_POINT('',(-0.120977712988853,-0.0506502835961961,0.00910107791322225));
#12515=CARTESIAN_POINT('',(-0.121477712988853,-0.0506502835961961,0.00910107791322225));
#12516=CARTESIAN_POINT('',(-0.120977712988853,-0.0488971008727909,0.00967219585516723));
#12517=CARTESIAN_POINT('',(-0.120977712988853,-0.0488971008727909,0.00967219585516723));
#12518=CARTESIAN_POINT('',(-0.120977712988853,-0.0488971008727909,0.00967219585516723));
#12519=CARTESIAN_POINT('',(-0.120977712988853,-0.0500080426228756,0.00967219585516723));
#12520=CARTESIAN_POINT('',(-0.120977712988853,-0.0506502835961961,0.00910107791322225));
#12521=CARTESIAN_POINT('',(-0.120977712988853,-0.0506502835961961,0.00910107791322225));
#12522=CARTESIAN_POINT('',(-0.120977712988853,-0.0506502835961961,0.00910107791322225));
#12523=CARTESIAN_POINT('',(-0.120977712988853,-0.0477008114850556,0.00967219585516723));
#12524=CARTESIAN_POINT('',(-0.120977712988853,-0.0458160511536058,0.00967219585516723));
#12525=CARTESIAN_POINT('',(-0.120977712988853,-0.0458160511536058,0.00967219585516723));
#12526=CARTESIAN_POINT('',(-0.120977712988853,-0.0477008114850556,0.00967219585516723));
#12527=CARTESIAN_POINT('',(-0.120977712988853,-0.0458160511536058,0.00928101918260218));
#12528=CARTESIAN_POINT('',(-0.120977712988853,-0.0458160511536058,0.00888984251003713));
#12529=CARTESIAN_POINT('',(-0.120977712988853,-0.0458160511536058,0.00888984251003713));
#12530=CARTESIAN_POINT('',(-0.120977712988853,-0.0458160511536058,0.00928101918260218));
#12531=CARTESIAN_POINT('',(-0.120977712988853,-0.046160286625463,0.00882298686054419));
#12532=CARTESIAN_POINT('',(-0.120977712988853,-0.0465045220973203,0.00875613121105125));
#12533=CARTESIAN_POINT('',(-0.120977712988853,-0.0465045220973203,0.00875613121105125));
#12534=CARTESIAN_POINT('',(-0.120977712988853,-0.046160286625463,0.00882298686054419));
#12535=CARTESIAN_POINT('',(-0.120977712988853,-0.0465045220973203,0.00643396423664235));
#12536=CARTESIAN_POINT('',(-0.120977712988853,-0.0465045220973203,0.00411179726223345));
#12537=CARTESIAN_POINT('',(-0.120977712988853,-0.0465045220973203,0.00411179726223345));
#12538=CARTESIAN_POINT('',(-0.120977712988853,-0.0465045220973203,0.00643396423664235));
#12539=CARTESIAN_POINT('',(-0.120977712988853,-0.046160286625463,0.00404494161274052));
#12540=CARTESIAN_POINT('',(-0.120977712988853,-0.0458160511536058,0.00397808596324758));
#12541=CARTESIAN_POINT('',(-0.120977712988853,-0.0458160511536058,0.00397808596324758));
#12542=CARTESIAN_POINT('',(-0.120977712988853,-0.046160286625463,0.00404494161274052));
#12543=CARTESIAN_POINT('',(-0.120977712988853,-0.0458160511536058,0.00358904298162379));
#12544=CARTESIAN_POINT('',(-0.120977712988853,-0.0458160511536058,0.0032));
#12545=CARTESIAN_POINT('',(-0.120977712988853,-0.0458160511536058,0.0032));
#12546=CARTESIAN_POINT('',(-0.120977712988853,-0.0458160511536058,0.00358904298162379));
#12547=CARTESIAN_POINT('',(-0.120977712988853,-0.0471560090647195,0.0032));
#12548=CARTESIAN_POINT('',(-0.120977712988853,-0.0484959669758333,0.0032));
#12549=CARTESIAN_POINT('',(-0.120977712988853,-0.0484959669758333,0.0032));
#12550=CARTESIAN_POINT('',(-0.120977712988853,-0.0471560090647195,0.0032));
#12551=CARTESIAN_POINT('',(-0.120977712988853,-0.0484959669758333,0.00358904298162379));
#12552=CARTESIAN_POINT('',(-0.120977712988853,-0.0484959669758333,0.00397808596324758));
#12553=CARTESIAN_POINT('',(-0.120977712988853,-0.0484959669758333,0.00397808596324758));
#12554=CARTESIAN_POINT('',(-0.120977712988853,-0.0484959669758333,0.00358904298162379));
#12555=CARTESIAN_POINT('',(-0.120977712988853,-0.0481495978130348,0.00404494161274052));
#12556=CARTESIAN_POINT('',(-0.120977712988853,-0.0478032286502363,0.00411179726223345));
#12557=CARTESIAN_POINT('',(-0.120977712988853,-0.0478032286502363,0.00411179726223345));
#12558=CARTESIAN_POINT('',(-0.120977712988853,-0.0481495978130348,0.00404494161274052));
#12559=CARTESIAN_POINT('',(-0.120977712988853,-0.0478032286502363,0.00482942864881188));
#12560=CARTESIAN_POINT('',(-0.120977712988853,-0.0478032286502363,0.00554706003539032));
#12561=CARTESIAN_POINT('',(-0.120977712988853,-0.0478032286502363,0.00554706003539032));
#12562=CARTESIAN_POINT('',(-0.120977712988853,-0.0478032286502363,0.00482942864881188));
#12563=CARTESIAN_POINT('',(-0.120977712988853,-0.0483501647615136,0.00554706003539032));
#12564=CARTESIAN_POINT('',(-0.120977712988853,-0.0488971008727909,0.00554706003539032));
#12565=CARTESIAN_POINT('',(-0.120977712988853,-0.0488971008727909,0.00554706003539032));
#12566=CARTESIAN_POINT('',(-0.120977712988853,-0.0483501647615136,0.00554706003539032));
#12567=CARTESIAN_POINT('',(-0.120977712988853,-0.0506502835961961,0.0061117769045115));
#12568=CARTESIAN_POINT('',(-0.121477712988853,-0.0506502835961961,0.0061117769045115));
#12569=CARTESIAN_POINT('',(-0.120977712988853,-0.0502221229473158,0.00573529899176405));
#12570=CARTESIAN_POINT('',(-0.121477712988853,-0.0502221229473158,0.00573529899176405));
#12571=CARTESIAN_POINT('',(-0.120977712988853,-0.0496377287061807,0.00554706003539032));
#12572=CARTESIAN_POINT('',(-0.121477712988853,-0.0496377287061807,0.00554706003539032));
#12573=CARTESIAN_POINT('',(-0.120977712988853,-0.0488971008727909,0.00554706003539032));
#12574=CARTESIAN_POINT('',(-0.121477712988853,-0.0488971008727909,0.00554706003539032));
#12575=CARTESIAN_POINT('',(-0.120977712988853,-0.0506502835961961,0.0061117769045115));
#12576=CARTESIAN_POINT('',(-0.120977712988853,-0.0506502835961961,0.0061117769045115));
#12577=CARTESIAN_POINT('',(-0.120977712988853,-0.0506502835961961,0.0061117769045115));
#12578=CARTESIAN_POINT('',(-0.120977712988853,-0.0500080426228756,0.00554706003539032));
#12579=CARTESIAN_POINT('',(-0.120977712988853,-0.0488971008727909,0.00554706003539032));
#12580=CARTESIAN_POINT('',(-0.120977712988853,-0.0512925245695165,0.00760536056339625));
#12581=CARTESIAN_POINT('',(-0.121477712988853,-0.0512925245695165,0.00760536056339625));
#12582=CARTESIAN_POINT('',(-0.120977712988853,-0.0512925245695165,0.0069861160368872));
#12583=CARTESIAN_POINT('',(-0.121477712988853,-0.0512925245695165,0.0069861160368872));
#12584=CARTESIAN_POINT('',(-0.120977712988853,-0.0510784442450764,0.00648825481725895));
#12585=CARTESIAN_POINT('',(-0.121477712988853,-0.0510784442450764,0.00648825481725895));
#12586=CARTESIAN_POINT('',(-0.120977712988853,-0.0506502835961961,0.0061117769045115));
#12587=CARTESIAN_POINT('',(-0.121477712988853,-0.0506502835961961,0.0061117769045115));
#12588=CARTESIAN_POINT('',(-0.120977712988853,-0.0512925245695165,0.00760536056339625));
#12589=CARTESIAN_POINT('',(-0.120977712988853,-0.0512925245695165,0.00760536056339625));
#12590=CARTESIAN_POINT('',(-0.120977712988853,-0.0512925245695165,0.00760536056339625));
#12591=CARTESIAN_POINT('',(-0.120977712988853,-0.0512925245695165,0.00667649377363268));
#12592=CARTESIAN_POINT('',(-0.120977712988853,-0.0506502835961961,0.0061117769045115));
#12593=CARTESIAN_POINT('',(-0.120977712988853,-0.0506502835961961,0.00910107791322225));
#12594=CARTESIAN_POINT('',(-0.121477712988853,-0.0506502835961961,0.00910107791322225));
#12595=CARTESIAN_POINT('',(-0.120977712988853,-0.0510784442450764,0.00872033261859227));
#12596=CARTESIAN_POINT('',(-0.121477712988853,-0.0510784442450764,0.00872033261859227));
#12597=CARTESIAN_POINT('',(-0.120977712988853,-0.0512925245695165,0.00822176016865027));
#12598=CARTESIAN_POINT('',(-0.121477712988853,-0.0512925245695165,0.00822176016865027));
#12599=CARTESIAN_POINT('',(-0.120977712988853,-0.0512925245695165,0.00760536056339625));
#12600=CARTESIAN_POINT('',(-0.121477712988853,-0.0512925245695165,0.00760536056339625));
#12601=CARTESIAN_POINT('',(-0.120977712988853,-0.0506502835961961,0.00910107791322225));
#12602=CARTESIAN_POINT('',(-0.120977712988853,-0.0512925245695165,0.00852995997127728));
#12603=CARTESIAN_POINT('',(-0.120977712988853,-0.0512925245695165,0.00760536056339625));
#12604=CARTESIAN_POINT('',(-0.120977712988853,-0.05445,0.0065));
#12605=CARTESIAN_POINT('',(-0.120977712988853,-0.042464733915194,0.00967219585516723));
#12606=CARTESIAN_POINT('',(-0.121477712988853,-0.042464733915194,0.00967219585516723));
#12607=CARTESIAN_POINT('',(-0.120977712988853,-0.0431996719060737,0.00967219585516723));
#12608=CARTESIAN_POINT('',(-0.121477712988853,-0.0431996719060737,0.00967219585516723));
#12609=CARTESIAN_POINT('',(-0.120977712988853,-0.0437760055369862,0.00950410842434988));
#12610=CARTESIAN_POINT('',(-0.121477712988853,-0.0437760055369862,0.00950410842434988));
#12611=CARTESIAN_POINT('',(-0.120977712988853,-0.0441937348079314,0.00916793356271519));
#12612=CARTESIAN_POINT('',(-0.121477712988853,-0.0441937348079314,0.00916793356271519));
#12613=CARTESIAN_POINT('',(-0.120977712988853,-0.042464733915194,0.00967219585516723));
#12614=CARTESIAN_POINT('',(-0.120977712988853,-0.042464733915194,0.00967219585516723));
#12615=CARTESIAN_POINT('',(-0.120977712988853,-0.042464733915194,0.00967219585516723));
#12616=CARTESIAN_POINT('',(-0.120977712988853,-0.0435671409015136,0.00967219585516723));
#12617=CARTESIAN_POINT('',(-0.120977712988853,-0.0441937348079314,0.00916793356271519));
#12618=CARTESIAN_POINT('',(-0.120977712988853,-0.0441937348079314,0.00916793356271519));
#12619=CARTESIAN_POINT('',(-0.120977712988853,-0.0441937348079314,0.00916793356271519));
#12620=CARTESIAN_POINT('',(-0.120977712988853,-0.0413552146257367,0.00967219585516723));
#12621=CARTESIAN_POINT('',(-0.120977712988853,-0.0395572243925649,0.00967219585516723));
#12622=CARTESIAN_POINT('',(-0.120977712988853,-0.0395572243925649,0.00967219585516723));
#12623=CARTESIAN_POINT('',(-0.120977712988853,-0.0413552146257367,0.00967219585516723));
#12624=CARTESIAN_POINT('',(-0.120977712988853,-0.0395572243925649,0.00928101918260218));
#12625=CARTESIAN_POINT('',(-0.120977712988853,-0.0395572243925649,0.00888984251003713));
#12626=CARTESIAN_POINT('',(-0.120977712988853,-0.0395572243925649,0.00888984251003713));
#12627=CARTESIAN_POINT('',(-0.120977712988853,-0.0395572243925649,0.00928101918260218));
#12628=CARTESIAN_POINT('',(-0.120977712988853,-0.0399014598644222,0.00882298686054419));
#12629=CARTESIAN_POINT('',(-0.120977712988853,-0.0402456953362795,0.00875613121105125));
#12630=CARTESIAN_POINT('',(-0.120977712988853,-0.0402456953362795,0.00875613121105125));
#12631=CARTESIAN_POINT('',(-0.120977712988853,-0.0399014598644222,0.00882298686054419));
#12632=CARTESIAN_POINT('',(-0.120977712988853,-0.0402456953362795,0.00643396423664235));
#12633=CARTESIAN_POINT('',(-0.120977712988853,-0.0402456953362795,0.00411179726223345));
#12634=CARTESIAN_POINT('',(-0.120977712988853,-0.0402456953362795,0.00411179726223345));
#12635=CARTESIAN_POINT('',(-0.120977712988853,-0.0402456953362795,0.00643396423664235));
#12636=CARTESIAN_POINT('',(-0.120977712988853,-0.0399014598644222,0.00404494161274052));
#12637=CARTESIAN_POINT('',(-0.120977712988853,-0.0395572243925649,0.00397808596324758));
#12638=CARTESIAN_POINT('',(-0.120977712988853,-0.0395572243925649,0.00397808596324758));
#12639=CARTESIAN_POINT('',(-0.120977712988853,-0.0399014598644222,0.00404494161274052));
#12640=CARTESIAN_POINT('',(-0.120977712988853,-0.0395572243925649,0.00358904298162379));
#12641=CARTESIAN_POINT('',(-0.120977712988853,-0.0395572243925649,0.0032));
#12642=CARTESIAN_POINT('',(-0.120977712988853,-0.0395572243925649,0.0032));
#12643=CARTESIAN_POINT('',(-0.120977712988853,-0.0395572243925649,0.00358904298162379));
#12644=CARTESIAN_POINT('',(-0.120977712988853,-0.0408971823036787,0.0032));
#12645=CARTESIAN_POINT('',(-0.120977712988853,-0.0422371402147925,0.0032));
#12646=CARTESIAN_POINT('',(-0.120977712988853,-0.0422371402147925,0.0032));
#12647=CARTESIAN_POINT('',(-0.120977712988853,-0.0408971823036787,0.0032));
#12648=CARTESIAN_POINT('',(-0.120977712988853,-0.0422371402147925,0.00358904298162379));
#12649=CARTESIAN_POINT('',(-0.120977712988853,-0.0422371402147925,0.00397808596324758));
#12650=CARTESIAN_POINT('',(-0.120977712988853,-0.0422371402147925,0.00397808596324758));
#12651=CARTESIAN_POINT('',(-0.120977712988853,-0.0422371402147925,0.00358904298162379));
#12652=CARTESIAN_POINT('',(-0.120977712988853,-0.041890771051994,0.00404494161274052));
#12653=CARTESIAN_POINT('',(-0.120977712988853,-0.0415444018891954,0.00411179726223345));
#12654=CARTESIAN_POINT('',(-0.120977712988853,-0.0415444018891954,0.00411179726223345));
#12655=CARTESIAN_POINT('',(-0.120977712988853,-0.041890771051994,0.00404494161274052));
#12656=CARTESIAN_POINT('',(-0.120977712988853,-0.0415444018891954,0.00496527363873902));
#12657=CARTESIAN_POINT('',(-0.120977712988853,-0.0415444018891954,0.00581875001524459));
#12658=CARTESIAN_POINT('',(-0.120977712988853,-0.0415444018891954,0.00581875001524459));
#12659=CARTESIAN_POINT('',(-0.120977712988853,-0.0415444018891954,0.00496527363873902));
#12660=CARTESIAN_POINT('',(-0.120977712988853,-0.0420756909335701,0.00581875001524459));
#12661=CARTESIAN_POINT('',(-0.120977712988853,-0.0426069799779449,0.00581875001524459));
#12662=CARTESIAN_POINT('',(-0.120977712988853,-0.0426069799779449,0.00581875001524459));
#12663=CARTESIAN_POINT('',(-0.120977712988853,-0.0420756909335701,0.00581875001524459));
#12664=CARTESIAN_POINT('',(-0.120977712988853,-0.0433160766007583,0.00553568035037024));
#12665=CARTESIAN_POINT('',(-0.121477712988853,-0.0433160766007583,0.00553568035037024));
#12666=CARTESIAN_POINT('',(-0.120977712988853,-0.0431487004002546,0.00571491038943641));
#12667=CARTESIAN_POINT('',(-0.121477712988853,-0.0431487004002546,0.00571491038943641));
#12668=CARTESIAN_POINT('',(-0.120977712988853,-0.0429123348593169,0.00580926694439453));
#12669=CARTESIAN_POINT('',(-0.121477712988853,-0.0429123348593169,0.00580926694439453));
#12670=CARTESIAN_POINT('',(-0.120977712988853,-0.0426069799779449,0.00581875001524459));
#12671=CARTESIAN_POINT('',(-0.121477712988853,-0.0426069799779449,0.00581875001524459));
#12672=CARTESIAN_POINT('',(-0.120977712988853,-0.0433160766007583,0.00553568035037024));
#12673=CARTESIAN_POINT('',(-0.120977712988853,-0.0433160766007583,0.00553568035037024));
#12674=CARTESIAN_POINT('',(-0.120977712988853,-0.0433160766007583,0.00553568035037024));
#12675=CARTESIAN_POINT('',(-0.120977712988853,-0.0430650123000028,0.0058045254089695));
#12676=CARTESIAN_POINT('',(-0.120977712988853,-0.0426069799779449,0.00581875001524459));
#12677=CARTESIAN_POINT('',(-0.120977712988853,-0.0435671409015136,0.00479600082406542));
#12678=CARTESIAN_POINT('',(-0.121477712988853,-0.0435671409015136,0.00479600082406542));
#12679=CARTESIAN_POINT('',(-0.120977712988853,-0.0435671409015136,0.00510989046920247));
#12680=CARTESIAN_POINT('',(-0.121477712988853,-0.0435671409015136,0.00510989046920247));
#12681=CARTESIAN_POINT('',(-0.120977712988853,-0.0434834528012618,0.00535645031130407));
#12682=CARTESIAN_POINT('',(-0.121477712988853,-0.0434834528012618,0.00535645031130407));
#12683=CARTESIAN_POINT('',(-0.120977712988853,-0.0433160766007583,0.00553568035037024));
#12684=CARTESIAN_POINT('',(-0.121477712988853,-0.0433160766007583,0.00553568035037024));
#12685=CARTESIAN_POINT('',(-0.120977712988853,-0.0435671409015136,0.00479600082406542));
#12686=CARTESIAN_POINT('',(-0.120977712988853,-0.0435671409015136,0.00479600082406542));
#12687=CARTESIAN_POINT('',(-0.120977712988853,-0.0435671409015136,0.00479600082406542));
#12688=CARTESIAN_POINT('',(-0.120977712988853,-0.0435671409015136,0.00526683529177099));
#12689=CARTESIAN_POINT('',(-0.120977712988853,-0.0433160766007583,0.00553568035037024));
#12690=CARTESIAN_POINT('',(-0.120977712988853,-0.0435671409015136,0.00461179217280296));
#12691=CARTESIAN_POINT('',(-0.120977712988853,-0.0435671409015136,0.00442758352154051));
#12692=CARTESIAN_POINT('',(-0.120977712988853,-0.0435671409015136,0.00442758352154051));
#12693=CARTESIAN_POINT('',(-0.120977712988853,-0.0435671409015136,0.00461179217280296));
#12694=CARTESIAN_POINT('',(-0.120977712988853,-0.0438246062750928,0.00354210178091599));
#12695=CARTESIAN_POINT('',(-0.121477712988853,-0.0438246062750928,0.00354210178091599));
#12696=CARTESIAN_POINT('',(-0.120977712988853,-0.0436529626927067,0.00377016963485997));
#12697=CARTESIAN_POINT('',(-0.121477712988853,-0.0436529626927067,0.00377016963485997));
#12698=CARTESIAN_POINT('',(-0.120977712988853,-0.0435671409015136,0.00406533021506815));
#12699=CARTESIAN_POINT('',(-0.121477712988853,-0.0435671409015136,0.00406533021506815));
#12700=CARTESIAN_POINT('',(-0.120977712988853,-0.0435671409015136,0.00442758352154051));
#12701=CARTESIAN_POINT('',(-0.121477712988853,-0.0435671409015136,0.00442758352154051));
#12702=CARTESIAN_POINT('',(-0.120977712988853,-0.0438246062750928,0.00354210178091599));
#12703=CARTESIAN_POINT('',(-0.120977712988853,-0.0438246062750928,0.00354210178091599));
#12704=CARTESIAN_POINT('',(-0.120977712988853,-0.0438246062750928,0.00354210178091599));
#12705=CARTESIAN_POINT('',(-0.120977712988853,-0.0435671409015136,0.00388420356183197));
#12706=CARTESIAN_POINT('',(-0.120977712988853,-0.0435671409015136,0.00442758352154051));
#12707=CARTESIAN_POINT('',(-0.120977712988853,-0.0447179115491686,0.0032));
#12708=CARTESIAN_POINT('',(-0.121477712988853,-0.0447179115491686,0.0032));
#12709=CARTESIAN_POINT('',(-0.120977712988853,-0.0442940182821709,0.0032));
#12710=CARTESIAN_POINT('',(-0.121477712988853,-0.0442940182821709,0.0032));
#12711=CARTESIAN_POINT('',(-0.120977712988853,-0.0439962498574789,0.003314033926972));
#12712=CARTESIAN_POINT('',(-0.121477712988853,-0.0439962498574789,0.003314033926972));
#12713=CARTESIAN_POINT('',(-0.120977712988853,-0.0438246062750928,0.00354210178091599));
#12714=CARTESIAN_POINT('',(-0.121477712988853,-0.0438246062750928,0.00354210178091599));
#12715=CARTESIAN_POINT('',(-0.120977712988853,-0.0447179115491686,0.0032));
#12716=CARTESIAN_POINT('',(-0.120977712988853,-0.0447179115491686,0.0032));
#12717=CARTESIAN_POINT('',(-0.120977712988853,-0.0447179115491686,0.0032));
#12718=CARTESIAN_POINT('',(-0.120977712988853,-0.044082071648672,0.0032));
#12719=CARTESIAN_POINT('',(-0.120977712988853,-0.0438246062750928,0.00354210178091599));
#12720=CARTESIAN_POINT('',(-0.120977712988853,-0.0450536122572608,0.0032));
#12721=CARTESIAN_POINT('',(-0.120977712988853,-0.045389312965353,0.0032));
#12722=CARTESIAN_POINT('',(-0.120977712988853,-0.045389312965353,0.0032));
#12723=CARTESIAN_POINT('',(-0.120977712988853,-0.0450536122572608,0.0032));
#12724=CARTESIAN_POINT('',(-0.120977712988853,-0.045389312965353,0.00359117667256506));
#12725=CARTESIAN_POINT('',(-0.120977712988853,-0.045389312965353,0.0039823533451301));
#12726=CARTESIAN_POINT('',(-0.120977712988853,-0.045389312965353,0.0039823533451301));
#12727=CARTESIAN_POINT('',(-0.120977712988853,-0.045389312965353,0.00359117667256506));
#12728=CARTESIAN_POINT('',(-0.120977712988853,-0.0453096551702125,0.00399373303015018));
#12729=CARTESIAN_POINT('',(-0.120977712988853,-0.045229997375072,0.00400511271517025));
#12730=CARTESIAN_POINT('',(-0.120977712988853,-0.045229997375072,0.00400511271517025));
#12731=CARTESIAN_POINT('',(-0.120977712988853,-0.0453096551702125,0.00399373303015018));
#12732=CARTESIAN_POINT('',(-0.120977712988853,-0.0449490614011389,0.00414451385666616));
#12733=CARTESIAN_POINT('',(-0.121477712988853,-0.0449490614011389,0.00414451385666616));
#12734=CARTESIAN_POINT('',(-0.120977712988853,-0.0450054856726968,0.00406580436861065));
#12735=CARTESIAN_POINT('',(-0.121477712988853,-0.0450054856726968,0.00406580436861065));
#12736=CARTESIAN_POINT('',(-0.120977712988853,-0.0450991309973411,0.00401933732144535));
#12737=CARTESIAN_POINT('',(-0.121477712988853,-0.0450991309973411,0.00401933732144535));
#12738=CARTESIAN_POINT('',(-0.120977712988853,-0.045229997375072,0.00400511271517025));
#12739=CARTESIAN_POINT('',(-0.121477712988853,-0.045229997375072,0.00400511271517025));
#12740=CARTESIAN_POINT('',(-0.120977712988853,-0.0449490614011389,0.00414451385666616));
#12741=CARTESIAN_POINT('',(-0.120977712988853,-0.0449490614011389,0.00414451385666616));
#12742=CARTESIAN_POINT('',(-0.120977712988853,-0.0449490614011389,0.00414451385666616));
#12743=CARTESIAN_POINT('',(-0.120977712988853,-0.0450336978084757,0.00402644962458289));
#12744=CARTESIAN_POINT('',(-0.120977712988853,-0.045229997375072,0.00400511271517025));
#12745=CARTESIAN_POINT('',(-0.120977712988853,-0.0448644249938021,0.00447594718287582));
#12746=CARTESIAN_POINT('',(-0.121477712988853,-0.0448644249938021,0.00447594718287582));
#12747=CARTESIAN_POINT('',(-0.120977712988853,-0.0448644249938021,0.0043337011201249));
#12748=CARTESIAN_POINT('',(-0.121477712988853,-0.0448644249938021,0.0043337011201249));
#12749=CARTESIAN_POINT('',(-0.120977712988853,-0.044892637129581,0.00422322334472168));
#12750=CARTESIAN_POINT('',(-0.121477712988853,-0.044892637129581,0.00422322334472168));
#12751=CARTESIAN_POINT('',(-0.120977712988853,-0.0449490614011389,0.00414451385666616));
#12752=CARTESIAN_POINT('',(-0.121477712988853,-0.0449490614011389,0.00414451385666616));
#12753=CARTESIAN_POINT('',(-0.120977712988853,-0.0448644249938021,0.00447594718287582));
#12754=CARTESIAN_POINT('',(-0.120977712988853,-0.0448644249938021,0.00447594718287582));
#12755=CARTESIAN_POINT('',(-0.120977712988853,-0.0448644249938021,0.00447594718287582));
#12756=CARTESIAN_POINT('',(-0.120977712988853,-0.0448644249938021,0.00426257808874944));
#12757=CARTESIAN_POINT('',(-0.120977712988853,-0.0449490614011389,0.00414451385666616));
#12758=CARTESIAN_POINT('',(-0.120977712988853,-0.0448644249938021,0.00464024138535315));
#12759=CARTESIAN_POINT('',(-0.120977712988853,-0.0448644249938021,0.00480453558783047));
#12760=CARTESIAN_POINT('',(-0.120977712988853,-0.0448644249938021,0.00480453558783047));
#12761=CARTESIAN_POINT('',(-0.120977712988853,-0.0448644249938021,0.00464024138535315));
#12762=CARTESIAN_POINT('',(-0.120977712988853,-0.0446133606930467,0.00578105480861559));
#12763=CARTESIAN_POINT('',(-0.121477712988853,-0.0446133606930467,0.00578105480861559));
#12764=CARTESIAN_POINT('',(-0.120977712988853,-0.0447807368935503,0.00551884789961138));
#12765=CARTESIAN_POINT('',(-0.121477712988853,-0.0447807368935503,0.00551884789961138));
#12766=CARTESIAN_POINT('',(-0.120977712988853,-0.0448644249938021,0.00519334149268301));
#12767=CARTESIAN_POINT('',(-0.121477712988853,-0.0448644249938021,0.00519334149268301));
#12768=CARTESIAN_POINT('',(-0.120977712988853,-0.0448644249938021,0.00480453558783047));
#12769=CARTESIAN_POINT('',(-0.121477712988853,-0.0448644249938021,0.00480453558783047));
#12770=CARTESIAN_POINT('',(-0.120977712988853,-0.0446133606930467,0.00578105480861559));
#12771=CARTESIAN_POINT('',(-0.120977712988853,-0.0446133606930467,0.00578105480861559));
#12772=CARTESIAN_POINT('',(-0.120977712988853,-0.0446133606930467,0.00578105480861559));
#12773=CARTESIAN_POINT('',(-0.120977712988853,-0.0448644249938021,0.00538774444510928));
#12774=CARTESIAN_POINT('',(-0.120977712988853,-0.0448644249938021,0.00480453558783047));
#12775=CARTESIAN_POINT('',(-0.120977712988853,-0.0437890447594051,0.006342215526168));
#12776=CARTESIAN_POINT('',(-0.121477712988853,-0.0437890447594051,0.006342215526168));
#12777=CARTESIAN_POINT('',(-0.120977712988853,-0.0441712125146626,0.00623031529013727));
#12778=CARTESIAN_POINT('',(-0.121477712988853,-0.0441712125146626,0.00623031529013727));
#12779=CARTESIAN_POINT('',(-0.120977712988853,-0.0444459844925431,0.0060432617176198));
#12780=CARTESIAN_POINT('',(-0.121477712988853,-0.0444459844925431,0.0060432617176198));
#12781=CARTESIAN_POINT('',(-0.120977712988853,-0.0446133606930467,0.00578105480861559));
#12782=CARTESIAN_POINT('',(-0.121477712988853,-0.0446133606930467,0.00578105480861559));
#12783=CARTESIAN_POINT('',(-0.120977712988853,-0.0437890447594051,0.006342215526168));
#12784=CARTESIAN_POINT('',(-0.120977712988853,-0.0437890447594051,0.006342215526168));
#12785=CARTESIAN_POINT('',(-0.120977712988853,-0.0437890447594051,0.006342215526168));
#12786=CARTESIAN_POINT('',(-0.120977712988853,-0.0443622963922913,0.00617436517212191));
#12787=CARTESIAN_POINT('',(-0.120977712988853,-0.0446133606930467,0.00578105480861559));
#12788=CARTESIAN_POINT('',(-0.120977712988853,-0.0445578847285739,0.00692542438344681));
#12789=CARTESIAN_POINT('',(-0.121477712988853,-0.0445578847285739,0.00692542438344681));
#12790=CARTESIAN_POINT('',(-0.120977712988853,-0.0443829220713902,0.00668550269094024));
#12791=CARTESIAN_POINT('',(-0.121477712988853,-0.0443829220713902,0.00668550269094024));
#12792=CARTESIAN_POINT('',(-0.120977712988853,-0.0441266420816673,0.00649109973851397));
#12793=CARTESIAN_POINT('',(-0.121477712988853,-0.0441266420816673,0.00649109973851397));
#12794=CARTESIAN_POINT('',(-0.120977712988853,-0.0437890447594051,0.006342215526168));
#12795=CARTESIAN_POINT('',(-0.121477712988853,-0.0437890447594051,0.006342215526168));
#12796=CARTESIAN_POINT('',(-0.120977712988853,-0.0445578847285739,0.00692542438344681));
#12797=CARTESIAN_POINT('',(-0.120977712988853,-0.0445578847285739,0.00692542438344681));
#12798=CARTESIAN_POINT('',(-0.120977712988853,-0.0445578847285739,0.00692542438344681));
#12799=CARTESIAN_POINT('',(-0.120977712988853,-0.0442954407427983,0.00656554184468696));
#12800=CARTESIAN_POINT('',(-0.120977712988853,-0.0437890447594051,0.006342215526168));
#12801=CARTESIAN_POINT('',(-0.120977712988853,-0.0448203287143493,0.00777463337806985));
#12802=CARTESIAN_POINT('',(-0.121477712988853,-0.0448203287143493,0.00777463337806985));
#12803=CARTESIAN_POINT('',(-0.120977712988853,-0.0448203287143493,0.00744841574082772));
#12804=CARTESIAN_POINT('',(-0.121477712988853,-0.0448203287143493,0.00744841574082772));
#12805=CARTESIAN_POINT('',(-0.120977712988853,-0.0447328473857575,0.00716534607595338));
#12806=CARTESIAN_POINT('',(-0.121477712988853,-0.0447328473857575,0.00716534607595338));
#12807=CARTESIAN_POINT('',(-0.120977712988853,-0.0445578847285739,0.00692542438344681));
#12808=CARTESIAN_POINT('',(-0.121477712988853,-0.0445578847285739,0.00692542438344681));
#12809=CARTESIAN_POINT('',(-0.120977712988853,-0.0448203287143493,0.00777463337806985));
#12810=CARTESIAN_POINT('',(-0.120977712988853,-0.0448203287143493,0.00777463337806985));
#12811=CARTESIAN_POINT('',(-0.120977712988853,-0.0448203287143493,0.00777463337806985));
#12812=CARTESIAN_POINT('',(-0.120977712988853,-0.0448203287143493,0.00728530692220666));
#12813=CARTESIAN_POINT('',(-0.120977712988853,-0.0445578847285739,0.00692542438344681));
#12814=CARTESIAN_POINT('',(-0.120977712988853,-0.0441937348079314,0.00916793356271519));
#12815=CARTESIAN_POINT('',(-0.121477712988853,-0.0441937348079314,0.00916793356271519));
#12816=CARTESIAN_POINT('',(-0.120977712988853,-0.0446114640788767,0.0088317587010805));
#12817=CARTESIAN_POINT('',(-0.121477712988853,-0.0446114640788767,0.0088317587010805));
#12818=CARTESIAN_POINT('',(-0.120977712988853,-0.0448203287143493,0.00836732530619872));
#12819=CARTESIAN_POINT('',(-0.121477712988853,-0.0448203287143493,0.00836732530619872));
#12820=CARTESIAN_POINT('',(-0.120977712988853,-0.0448203287143493,0.00777463337806985));
#12821=CARTESIAN_POINT('',(-0.121477712988853,-0.0448203287143493,0.00777463337806985));
#12822=CARTESIAN_POINT('',(-0.120977712988853,-0.0441937348079314,0.00916793356271519));
#12823=CARTESIAN_POINT('',(-0.120977712988853,-0.0448203287143493,0.00866367127026315));
#12824=CARTESIAN_POINT('',(-0.120977712988853,-0.0448203287143493,0.00777463337806985));
#12825=CARTESIAN_POINT('',(-0.120977712988853,-0.05445,0.0065));
#12826=CARTESIAN_POINT('',(0.,0.,0.));
#12827=CARTESIAN_POINT('',(-0.0513027129888534,-0.087875,0.013));
#12828=CARTESIAN_POINT('',(-0.0513027129888534,-0.087875,0.01));
#12829=CARTESIAN_POINT('',(-0.0513027129888534,-0.087375,0.01));
#12830=CARTESIAN_POINT('',(-0.0518027129888534,-0.087875,0.01));
#12831=CARTESIAN_POINT('',(-0.0513027129888534,-0.087375,0.013));
#12832=CARTESIAN_POINT('',(-0.0513027129888534,-0.087375,0.013));
#12833=CARTESIAN_POINT('',(-0.0513027129888534,-0.087875,0.013));
#12834=CARTESIAN_POINT('',(-0.0518027129888534,-0.087875,0.013));
#12835=CARTESIAN_POINT('',(-0.0518027129888534,-0.087875,0.013));
#12836=CARTESIAN_POINT('',(-0.0448027129888535,-0.087375,0.013));
#12837=CARTESIAN_POINT('',(-0.0448027129888535,-0.087375,0.01));
#12838=CARTESIAN_POINT('',(-0.0383027129888535,-0.087375,0.01));
#12839=CARTESIAN_POINT('',(-0.0383027129888535,-0.087375,0.013));
#12840=CARTESIAN_POINT('',(-0.0383027129888535,-0.087375,0.013));
#12841=CARTESIAN_POINT('',(-0.0448027129888535,-0.087375,0.013));
#12842=CARTESIAN_POINT('',(-0.0383027129888535,-0.087875,0.013));
#12843=CARTESIAN_POINT('',(-0.0383027129888535,-0.087875,0.01));
#12844=CARTESIAN_POINT('',(-0.0378027129888535,-0.087875,0.01));
#12845=CARTESIAN_POINT('',(-0.0378027129888535,-0.087875,0.013));
#12846=CARTESIAN_POINT('',(-0.0378027129888535,-0.087875,0.013));
#12847=CARTESIAN_POINT('',(-0.0383027129888535,-0.087875,0.013));
#12848=CARTESIAN_POINT('',(-0.0378027129888535,-0.094375,0.013));
#12849=CARTESIAN_POINT('',(-0.0378027129888535,-0.094375,0.01));
#12850=CARTESIAN_POINT('',(-0.0378027129888535,-0.100875,0.01));
#12851=CARTESIAN_POINT('',(-0.0378027129888535,-0.100875,0.013));
#12852=CARTESIAN_POINT('',(-0.0378027129888535,-0.100875,0.013));
#12853=CARTESIAN_POINT('',(-0.0378027129888535,-0.094375,0.013));
#12854=CARTESIAN_POINT('',(-0.0383027129888535,-0.100875,0.013));
#12855=CARTESIAN_POINT('',(-0.0383027129888535,-0.100875,0.01));
#12856=CARTESIAN_POINT('',(-0.0383027129888535,-0.101375,0.01));
#12857=CARTESIAN_POINT('',(-0.0383027129888535,-0.101375,0.013));
#12858=CARTESIAN_POINT('',(-0.0383027129888535,-0.101375,0.013));
#12859=CARTESIAN_POINT('',(-0.0383027129888535,-0.100875,0.013));
#12860=CARTESIAN_POINT('',(-0.0448027129888535,-0.101375,0.013));
#12861=CARTESIAN_POINT('',(-0.0448027129888535,-0.101375,0.01));
#12862=CARTESIAN_POINT('',(-0.0513027129888534,-0.101375,0.01));
#12863=CARTESIAN_POINT('',(-0.0513027129888534,-0.101375,0.013));
#12864=CARTESIAN_POINT('',(-0.0513027129888534,-0.101375,0.013));
#12865=CARTESIAN_POINT('',(-0.0448027129888535,-0.101375,0.013));
#12866=CARTESIAN_POINT('',(-0.0513027129888534,-0.100875,0.013));
#12867=CARTESIAN_POINT('',(-0.0513027129888534,-0.100875,0.01));
#12868=CARTESIAN_POINT('',(-0.0518027129888534,-0.100875,0.01));
#12869=CARTESIAN_POINT('',(-0.0518027129888534,-0.100875,0.013));
#12870=CARTESIAN_POINT('',(-0.0518027129888534,-0.100875,0.013));
#12871=CARTESIAN_POINT('',(-0.0513027129888534,-0.100875,0.013));
#12872=CARTESIAN_POINT('',(-0.0703527129888535,-0.087875,0.013));
#12873=CARTESIAN_POINT('',(-0.0703527129888535,-0.087875,0.01));
#12874=CARTESIAN_POINT('',(-0.0703527129888535,-0.087375,0.01));
#12875=CARTESIAN_POINT('',(-0.0708527129888535,-0.087875,0.01));
#12876=CARTESIAN_POINT('',(-0.0703527129888535,-0.087375,0.013));
#12877=CARTESIAN_POINT('',(-0.0703527129888535,-0.087375,0.013));
#12878=CARTESIAN_POINT('',(-0.0703527129888535,-0.087875,0.013));
#12879=CARTESIAN_POINT('',(-0.0708527129888535,-0.087875,0.013));
#12880=CARTESIAN_POINT('',(-0.0708527129888535,-0.087875,0.013));
#12881=CARTESIAN_POINT('',(-0.0638527129888535,-0.087375,0.013));
#12882=CARTESIAN_POINT('',(-0.0638527129888535,-0.087375,0.01));
#12883=CARTESIAN_POINT('',(-0.0573527129888534,-0.087375,0.01));
#12884=CARTESIAN_POINT('',(-0.0573527129888534,-0.087375,0.013));
#12885=CARTESIAN_POINT('',(-0.0573527129888534,-0.087375,0.013));
#12886=CARTESIAN_POINT('',(-0.0638527129888535,-0.087375,0.013));
#12887=CARTESIAN_POINT('',(-0.0573527129888534,-0.087875,0.013));
#12888=CARTESIAN_POINT('',(-0.0573527129888534,-0.087875,0.01));
#12889=CARTESIAN_POINT('',(-0.0568527129888534,-0.087875,0.01));
#12890=CARTESIAN_POINT('',(-0.0568527129888534,-0.087875,0.013));
#12891=CARTESIAN_POINT('',(-0.0568527129888534,-0.087875,0.013));
#12892=CARTESIAN_POINT('',(-0.0573527129888534,-0.087875,0.013));
#12893=CARTESIAN_POINT('',(-0.0568527129888534,-0.094375,0.013));
#12894=CARTESIAN_POINT('',(-0.0568527129888534,-0.094375,0.01));
#12895=CARTESIAN_POINT('',(-0.0568527129888534,-0.100875,0.01));
#12896=CARTESIAN_POINT('',(-0.0568527129888534,-0.100875,0.013));
#12897=CARTESIAN_POINT('',(-0.0568527129888534,-0.100875,0.013));
#12898=CARTESIAN_POINT('',(-0.0568527129888534,-0.094375,0.013));
#12899=CARTESIAN_POINT('',(-0.0573527129888534,-0.100875,0.013));
#12900=CARTESIAN_POINT('',(-0.0573527129888534,-0.100875,0.01));
#12901=CARTESIAN_POINT('',(-0.0573527129888534,-0.101375,0.01));
#12902=CARTESIAN_POINT('',(-0.0573527129888534,-0.101375,0.013));
#12903=CARTESIAN_POINT('',(-0.0573527129888534,-0.101375,0.013));
#12904=CARTESIAN_POINT('',(-0.0573527129888534,-0.100875,0.013));
#12905=CARTESIAN_POINT('',(-0.0638527129888535,-0.101375,0.013));
#12906=CARTESIAN_POINT('',(-0.0638527129888535,-0.101375,0.01));
#12907=CARTESIAN_POINT('',(-0.0703527129888535,-0.101375,0.01));
#12908=CARTESIAN_POINT('',(-0.0703527129888535,-0.101375,0.013));
#12909=CARTESIAN_POINT('',(-0.0703527129888535,-0.101375,0.013));
#12910=CARTESIAN_POINT('',(-0.0638527129888535,-0.101375,0.013));
#12911=CARTESIAN_POINT('',(-0.0703527129888535,-0.100875,0.013));
#12912=CARTESIAN_POINT('',(-0.0703527129888535,-0.100875,0.01));
#12913=CARTESIAN_POINT('',(-0.0708527129888535,-0.100875,0.01));
#12914=CARTESIAN_POINT('',(-0.0708527129888535,-0.100875,0.013));
#12915=CARTESIAN_POINT('',(-0.0708527129888535,-0.100875,0.013));
#12916=CARTESIAN_POINT('',(-0.0703527129888535,-0.100875,0.013));
#12917=CARTESIAN_POINT('',(-0.0894027129888535,-0.087875,0.013));
#12918=CARTESIAN_POINT('',(-0.0894027129888535,-0.087875,0.01));
#12919=CARTESIAN_POINT('',(-0.0894027129888535,-0.087375,0.01));
#12920=CARTESIAN_POINT('',(-0.0899027129888535,-0.087875,0.01));
#12921=CARTESIAN_POINT('',(-0.0894027129888535,-0.087375,0.013));
#12922=CARTESIAN_POINT('',(-0.0894027129888535,-0.087375,0.013));
#12923=CARTESIAN_POINT('',(-0.0894027129888535,-0.087875,0.013));
#12924=CARTESIAN_POINT('',(-0.0899027129888535,-0.087875,0.013));
#12925=CARTESIAN_POINT('',(-0.0899027129888535,-0.087875,0.013));
#12926=CARTESIAN_POINT('',(-0.0829027129888535,-0.087375,0.013));
#12927=CARTESIAN_POINT('',(-0.0829027129888535,-0.087375,0.01));
#12928=CARTESIAN_POINT('',(-0.0764027129888535,-0.087375,0.01));
#12929=CARTESIAN_POINT('',(-0.0764027129888535,-0.087375,0.013));
#12930=CARTESIAN_POINT('',(-0.0764027129888535,-0.087375,0.013));
#12931=CARTESIAN_POINT('',(-0.0829027129888535,-0.087375,0.013));
#12932=CARTESIAN_POINT('',(-0.0764027129888535,-0.087875,0.013));
#12933=CARTESIAN_POINT('',(-0.0764027129888535,-0.087875,0.01));
#12934=CARTESIAN_POINT('',(-0.0759027129888535,-0.087875,0.01));
#12935=CARTESIAN_POINT('',(-0.0759027129888535,-0.087875,0.013));
#12936=CARTESIAN_POINT('',(-0.0759027129888535,-0.087875,0.013));
#12937=CARTESIAN_POINT('',(-0.0764027129888535,-0.087875,0.013));
#12938=CARTESIAN_POINT('',(-0.0759027129888535,-0.094375,0.013));
#12939=CARTESIAN_POINT('',(-0.0759027129888535,-0.094375,0.01));
#12940=CARTESIAN_POINT('',(-0.0759027129888535,-0.100875,0.01));
#12941=CARTESIAN_POINT('',(-0.0759027129888535,-0.100875,0.013));
#12942=CARTESIAN_POINT('',(-0.0759027129888535,-0.100875,0.013));
#12943=CARTESIAN_POINT('',(-0.0759027129888535,-0.094375,0.013));
#12944=CARTESIAN_POINT('',(-0.0764027129888535,-0.100875,0.013));
#12945=CARTESIAN_POINT('',(-0.0764027129888535,-0.100875,0.01));
#12946=CARTESIAN_POINT('',(-0.0764027129888535,-0.101375,0.01));
#12947=CARTESIAN_POINT('',(-0.0764027129888535,-0.101375,0.013));
#12948=CARTESIAN_POINT('',(-0.0764027129888535,-0.101375,0.013));
#12949=CARTESIAN_POINT('',(-0.0764027129888535,-0.100875,0.013));
#12950=CARTESIAN_POINT('',(-0.0829027129888535,-0.101375,0.013));
#12951=CARTESIAN_POINT('',(-0.0829027129888535,-0.101375,0.01));
#12952=CARTESIAN_POINT('',(-0.0894027129888535,-0.101375,0.01));
#12953=CARTESIAN_POINT('',(-0.0894027129888535,-0.101375,0.013));
#12954=CARTESIAN_POINT('',(-0.0894027129888535,-0.101375,0.013));
#12955=CARTESIAN_POINT('',(-0.0829027129888535,-0.101375,0.013));
#12956=CARTESIAN_POINT('',(-0.0894027129888535,-0.100875,0.013));
#12957=CARTESIAN_POINT('',(-0.0894027129888535,-0.100875,0.01));
#12958=CARTESIAN_POINT('',(-0.0899027129888535,-0.100875,0.01));
#12959=CARTESIAN_POINT('',(-0.0899027129888535,-0.100875,0.013));
#12960=CARTESIAN_POINT('',(-0.0899027129888535,-0.100875,0.013));
#12961=CARTESIAN_POINT('',(-0.0894027129888535,-0.100875,0.013));
#12962=CARTESIAN_POINT('',(-0.108452712988853,-0.087875,0.013));
#12963=CARTESIAN_POINT('',(-0.108452712988853,-0.087875,0.01));
#12964=CARTESIAN_POINT('',(-0.108452712988853,-0.087375,0.01));
#12965=CARTESIAN_POINT('',(-0.108952712988853,-0.087875,0.01));
#12966=CARTESIAN_POINT('',(-0.108452712988853,-0.087375,0.013));
#12967=CARTESIAN_POINT('',(-0.108452712988853,-0.087375,0.013));
#12968=CARTESIAN_POINT('',(-0.108452712988853,-0.087875,0.013));
#12969=CARTESIAN_POINT('',(-0.108952712988853,-0.087875,0.013));
#12970=CARTESIAN_POINT('',(-0.108952712988853,-0.087875,0.013));
#12971=CARTESIAN_POINT('',(-0.101952712988853,-0.087375,0.013));
#12972=CARTESIAN_POINT('',(-0.101952712988853,-0.087375,0.01));
#12973=CARTESIAN_POINT('',(-0.0954527129888535,-0.087375,0.01));
#12974=CARTESIAN_POINT('',(-0.0954527129888535,-0.087375,0.013));
#12975=CARTESIAN_POINT('',(-0.0954527129888535,-0.087375,0.013));
#12976=CARTESIAN_POINT('',(-0.101952712988853,-0.087375,0.013));
#12977=CARTESIAN_POINT('',(-0.0954527129888535,-0.087875,0.013));
#12978=CARTESIAN_POINT('',(-0.0954527129888535,-0.087875,0.01));
#12979=CARTESIAN_POINT('',(-0.0949527129888535,-0.087875,0.01));
#12980=CARTESIAN_POINT('',(-0.0949527129888535,-0.087875,0.013));
#12981=CARTESIAN_POINT('',(-0.0949527129888535,-0.087875,0.013));
#12982=CARTESIAN_POINT('',(-0.0954527129888535,-0.087875,0.013));
#12983=CARTESIAN_POINT('',(-0.0949527129888535,-0.094375,0.013));
#12984=CARTESIAN_POINT('',(-0.0949527129888535,-0.094375,0.01));
#12985=CARTESIAN_POINT('',(-0.0949527129888535,-0.100875,0.01));
#12986=CARTESIAN_POINT('',(-0.0949527129888535,-0.100875,0.013));
#12987=CARTESIAN_POINT('',(-0.0949527129888535,-0.100875,0.013));
#12988=CARTESIAN_POINT('',(-0.0949527129888535,-0.094375,0.013));
#12989=CARTESIAN_POINT('',(-0.0954527129888535,-0.100875,0.013));
#12990=CARTESIAN_POINT('',(-0.0954527129888535,-0.100875,0.01));
#12991=CARTESIAN_POINT('',(-0.0954527129888535,-0.101375,0.01));
#12992=CARTESIAN_POINT('',(-0.0954527129888535,-0.101375,0.013));
#12993=CARTESIAN_POINT('',(-0.0954527129888535,-0.101375,0.013));
#12994=CARTESIAN_POINT('',(-0.0954527129888535,-0.100875,0.013));
#12995=CARTESIAN_POINT('',(-0.101952712988853,-0.101375,0.013));
#12996=CARTESIAN_POINT('',(-0.101952712988853,-0.101375,0.01));
#12997=CARTESIAN_POINT('',(-0.108452712988853,-0.101375,0.01));
#12998=CARTESIAN_POINT('',(-0.108452712988853,-0.101375,0.013));
#12999=CARTESIAN_POINT('',(-0.108452712988853,-0.101375,0.013));
#13000=CARTESIAN_POINT('',(-0.101952712988853,-0.101375,0.013));
#13001=CARTESIAN_POINT('',(-0.108452712988853,-0.100875,0.013));
#13002=CARTESIAN_POINT('',(-0.108452712988853,-0.100875,0.01));
#13003=CARTESIAN_POINT('',(-0.108952712988853,-0.100875,0.01));
#13004=CARTESIAN_POINT('',(-0.108952712988853,-0.100875,0.013));
#13005=CARTESIAN_POINT('',(-0.108952712988853,-0.100875,0.013));
#13006=CARTESIAN_POINT('',(-0.108452712988853,-0.100875,0.013));
#13007=CARTESIAN_POINT('',(-0.0513027129888534,-0.068825,0.013));
#13008=CARTESIAN_POINT('',(-0.0513027129888534,-0.068825,0.01));
#13009=CARTESIAN_POINT('',(-0.0513027129888534,-0.068325,0.01));
#13010=CARTESIAN_POINT('',(-0.0518027129888534,-0.068825,0.01));
#13011=CARTESIAN_POINT('',(-0.0513027129888534,-0.068325,0.013));
#13012=CARTESIAN_POINT('',(-0.0513027129888534,-0.068325,0.013));
#13013=CARTESIAN_POINT('',(-0.0513027129888534,-0.068825,0.013));
#13014=CARTESIAN_POINT('',(-0.0518027129888534,-0.068825,0.013));
#13015=CARTESIAN_POINT('',(-0.0518027129888534,-0.068825,0.013));
#13016=CARTESIAN_POINT('',(-0.0448027129888535,-0.068325,0.013));
#13017=CARTESIAN_POINT('',(-0.0448027129888535,-0.068325,0.01));
#13018=CARTESIAN_POINT('',(-0.0383027129888535,-0.068325,0.01));
#13019=CARTESIAN_POINT('',(-0.0383027129888535,-0.068325,0.013));
#13020=CARTESIAN_POINT('',(-0.0383027129888535,-0.068325,0.013));
#13021=CARTESIAN_POINT('',(-0.0448027129888535,-0.068325,0.013));
#13022=CARTESIAN_POINT('',(-0.0383027129888535,-0.068825,0.013));
#13023=CARTESIAN_POINT('',(-0.0383027129888535,-0.068825,0.01));
#13024=CARTESIAN_POINT('',(-0.0378027129888535,-0.068825,0.01));
#13025=CARTESIAN_POINT('',(-0.0378027129888535,-0.068825,0.013));
#13026=CARTESIAN_POINT('',(-0.0378027129888535,-0.068825,0.013));
#13027=CARTESIAN_POINT('',(-0.0383027129888535,-0.068825,0.013));
#13028=CARTESIAN_POINT('',(-0.0378027129888535,-0.075325,0.013));
#13029=CARTESIAN_POINT('',(-0.0378027129888535,-0.075325,0.01));
#13030=CARTESIAN_POINT('',(-0.0378027129888535,-0.081825,0.01));
#13031=CARTESIAN_POINT('',(-0.0378027129888535,-0.081825,0.013));
#13032=CARTESIAN_POINT('',(-0.0378027129888535,-0.081825,0.013));
#13033=CARTESIAN_POINT('',(-0.0378027129888535,-0.075325,0.013));
#13034=CARTESIAN_POINT('',(-0.0383027129888535,-0.081825,0.013));
#13035=CARTESIAN_POINT('',(-0.0383027129888535,-0.081825,0.01));
#13036=CARTESIAN_POINT('',(-0.0383027129888535,-0.082325,0.01));
#13037=CARTESIAN_POINT('',(-0.0383027129888535,-0.082325,0.013));
#13038=CARTESIAN_POINT('',(-0.0383027129888535,-0.082325,0.013));
#13039=CARTESIAN_POINT('',(-0.0383027129888535,-0.081825,0.013));
#13040=CARTESIAN_POINT('',(-0.0448027129888535,-0.082325,0.013));
#13041=CARTESIAN_POINT('',(-0.0448027129888535,-0.082325,0.01));
#13042=CARTESIAN_POINT('',(-0.0513027129888534,-0.082325,0.01));
#13043=CARTESIAN_POINT('',(-0.0513027129888534,-0.082325,0.013));
#13044=CARTESIAN_POINT('',(-0.0513027129888534,-0.082325,0.013));
#13045=CARTESIAN_POINT('',(-0.0448027129888535,-0.082325,0.013));
#13046=CARTESIAN_POINT('',(-0.0513027129888534,-0.081825,0.013));
#13047=CARTESIAN_POINT('',(-0.0513027129888534,-0.081825,0.01));
#13048=CARTESIAN_POINT('',(-0.0518027129888534,-0.081825,0.01));
#13049=CARTESIAN_POINT('',(-0.0518027129888534,-0.081825,0.013));
#13050=CARTESIAN_POINT('',(-0.0518027129888534,-0.081825,0.013));
#13051=CARTESIAN_POINT('',(-0.0513027129888534,-0.081825,0.013));
#13052=CARTESIAN_POINT('',(-0.0703527129888535,-0.068825,0.013));
#13053=CARTESIAN_POINT('',(-0.0703527129888535,-0.068825,0.01));
#13054=CARTESIAN_POINT('',(-0.0703527129888535,-0.068325,0.01));
#13055=CARTESIAN_POINT('',(-0.0708527129888535,-0.068825,0.01));
#13056=CARTESIAN_POINT('',(-0.0703527129888535,-0.068325,0.013));
#13057=CARTESIAN_POINT('',(-0.0703527129888535,-0.068325,0.013));
#13058=CARTESIAN_POINT('',(-0.0703527129888535,-0.068825,0.013));
#13059=CARTESIAN_POINT('',(-0.0708527129888535,-0.068825,0.013));
#13060=CARTESIAN_POINT('',(-0.0708527129888535,-0.068825,0.013));
#13061=CARTESIAN_POINT('',(-0.0638527129888535,-0.068325,0.013));
#13062=CARTESIAN_POINT('',(-0.0638527129888535,-0.068325,0.01));
#13063=CARTESIAN_POINT('',(-0.0573527129888534,-0.068325,0.01));
#13064=CARTESIAN_POINT('',(-0.0573527129888534,-0.068325,0.013));
#13065=CARTESIAN_POINT('',(-0.0573527129888534,-0.068325,0.013));
#13066=CARTESIAN_POINT('',(-0.0638527129888535,-0.068325,0.013));
#13067=CARTESIAN_POINT('',(-0.0573527129888534,-0.068825,0.013));
#13068=CARTESIAN_POINT('',(-0.0573527129888534,-0.068825,0.01));
#13069=CARTESIAN_POINT('',(-0.0568527129888534,-0.068825,0.01));
#13070=CARTESIAN_POINT('',(-0.0568527129888534,-0.068825,0.013));
#13071=CARTESIAN_POINT('',(-0.0568527129888534,-0.068825,0.013));
#13072=CARTESIAN_POINT('',(-0.0573527129888534,-0.068825,0.013));
#13073=CARTESIAN_POINT('',(-0.0568527129888534,-0.075325,0.013));
#13074=CARTESIAN_POINT('',(-0.0568527129888534,-0.075325,0.01));
#13075=CARTESIAN_POINT('',(-0.0568527129888534,-0.081825,0.01));
#13076=CARTESIAN_POINT('',(-0.0568527129888534,-0.081825,0.013));
#13077=CARTESIAN_POINT('',(-0.0568527129888534,-0.081825,0.013));
#13078=CARTESIAN_POINT('',(-0.0568527129888534,-0.075325,0.013));
#13079=CARTESIAN_POINT('',(-0.0573527129888534,-0.081825,0.013));
#13080=CARTESIAN_POINT('',(-0.0573527129888534,-0.081825,0.01));
#13081=CARTESIAN_POINT('',(-0.0573527129888534,-0.082325,0.01));
#13082=CARTESIAN_POINT('',(-0.0573527129888534,-0.082325,0.013));
#13083=CARTESIAN_POINT('',(-0.0573527129888534,-0.082325,0.013));
#13084=CARTESIAN_POINT('',(-0.0573527129888534,-0.081825,0.013));
#13085=CARTESIAN_POINT('',(-0.0638527129888535,-0.082325,0.013));
#13086=CARTESIAN_POINT('',(-0.0638527129888535,-0.082325,0.01));
#13087=CARTESIAN_POINT('',(-0.0703527129888535,-0.082325,0.01));
#13088=CARTESIAN_POINT('',(-0.0703527129888535,-0.082325,0.013));
#13089=CARTESIAN_POINT('',(-0.0703527129888535,-0.082325,0.013));
#13090=CARTESIAN_POINT('',(-0.0638527129888535,-0.082325,0.013));
#13091=CARTESIAN_POINT('',(-0.0703527129888535,-0.081825,0.013));
#13092=CARTESIAN_POINT('',(-0.0703527129888535,-0.081825,0.01));
#13093=CARTESIAN_POINT('',(-0.0708527129888535,-0.081825,0.01));
#13094=CARTESIAN_POINT('',(-0.0708527129888535,-0.081825,0.013));
#13095=CARTESIAN_POINT('',(-0.0708527129888535,-0.081825,0.013));
#13096=CARTESIAN_POINT('',(-0.0703527129888535,-0.081825,0.013));
#13097=CARTESIAN_POINT('',(-0.0894027129888535,-0.068825,0.013));
#13098=CARTESIAN_POINT('',(-0.0894027129888535,-0.068825,0.01));
#13099=CARTESIAN_POINT('',(-0.0894027129888535,-0.068325,0.01));
#13100=CARTESIAN_POINT('',(-0.0899027129888535,-0.068825,0.01));
#13101=CARTESIAN_POINT('',(-0.0894027129888535,-0.068325,0.013));
#13102=CARTESIAN_POINT('',(-0.0894027129888535,-0.068325,0.013));
#13103=CARTESIAN_POINT('',(-0.0894027129888535,-0.068825,0.013));
#13104=CARTESIAN_POINT('',(-0.0899027129888535,-0.068825,0.013));
#13105=CARTESIAN_POINT('',(-0.0899027129888535,-0.068825,0.013));
#13106=CARTESIAN_POINT('',(-0.0829027129888535,-0.068325,0.013));
#13107=CARTESIAN_POINT('',(-0.0829027129888535,-0.068325,0.01));
#13108=CARTESIAN_POINT('',(-0.0764027129888535,-0.068325,0.01));
#13109=CARTESIAN_POINT('',(-0.0764027129888535,-0.068325,0.013));
#13110=CARTESIAN_POINT('',(-0.0764027129888535,-0.068325,0.013));
#13111=CARTESIAN_POINT('',(-0.0829027129888535,-0.068325,0.013));
#13112=CARTESIAN_POINT('',(-0.0764027129888535,-0.068825,0.013));
#13113=CARTESIAN_POINT('',(-0.0764027129888535,-0.068825,0.01));
#13114=CARTESIAN_POINT('',(-0.0759027129888535,-0.068825,0.01));
#13115=CARTESIAN_POINT('',(-0.0759027129888535,-0.068825,0.013));
#13116=CARTESIAN_POINT('',(-0.0759027129888535,-0.068825,0.013));
#13117=CARTESIAN_POINT('',(-0.0764027129888535,-0.068825,0.013));
#13118=CARTESIAN_POINT('',(-0.0759027129888535,-0.075325,0.013));
#13119=CARTESIAN_POINT('',(-0.0759027129888535,-0.075325,0.01));
#13120=CARTESIAN_POINT('',(-0.0759027129888535,-0.081825,0.01));
#13121=CARTESIAN_POINT('',(-0.0759027129888535,-0.081825,0.013));
#13122=CARTESIAN_POINT('',(-0.0759027129888535,-0.081825,0.013));
#13123=CARTESIAN_POINT('',(-0.0759027129888535,-0.075325,0.013));
#13124=CARTESIAN_POINT('',(-0.0764027129888535,-0.081825,0.013));
#13125=CARTESIAN_POINT('',(-0.0764027129888535,-0.081825,0.01));
#13126=CARTESIAN_POINT('',(-0.0764027129888535,-0.082325,0.01));
#13127=CARTESIAN_POINT('',(-0.0764027129888535,-0.082325,0.013));
#13128=CARTESIAN_POINT('',(-0.0764027129888535,-0.082325,0.013));
#13129=CARTESIAN_POINT('',(-0.0764027129888535,-0.081825,0.013));
#13130=CARTESIAN_POINT('',(-0.0829027129888535,-0.082325,0.013));
#13131=CARTESIAN_POINT('',(-0.0829027129888535,-0.082325,0.01));
#13132=CARTESIAN_POINT('',(-0.0894027129888535,-0.082325,0.01));
#13133=CARTESIAN_POINT('',(-0.0894027129888535,-0.082325,0.013));
#13134=CARTESIAN_POINT('',(-0.0894027129888535,-0.082325,0.013));
#13135=CARTESIAN_POINT('',(-0.0829027129888535,-0.082325,0.013));
#13136=CARTESIAN_POINT('',(-0.0894027129888535,-0.081825,0.013));
#13137=CARTESIAN_POINT('',(-0.0894027129888535,-0.081825,0.01));
#13138=CARTESIAN_POINT('',(-0.0899027129888535,-0.081825,0.01));
#13139=CARTESIAN_POINT('',(-0.0899027129888535,-0.081825,0.013));
#13140=CARTESIAN_POINT('',(-0.0899027129888535,-0.081825,0.013));
#13141=CARTESIAN_POINT('',(-0.0894027129888535,-0.081825,0.013));
#13142=CARTESIAN_POINT('',(-0.108452712988853,-0.068825,0.013));
#13143=CARTESIAN_POINT('',(-0.108452712988853,-0.068825,0.01));
#13144=CARTESIAN_POINT('',(-0.108452712988853,-0.068325,0.01));
#13145=CARTESIAN_POINT('',(-0.108952712988853,-0.068825,0.01));
#13146=CARTESIAN_POINT('',(-0.108452712988853,-0.068325,0.013));
#13147=CARTESIAN_POINT('',(-0.108452712988853,-0.068325,0.013));
#13148=CARTESIAN_POINT('',(-0.108452712988853,-0.068825,0.013));
#13149=CARTESIAN_POINT('',(-0.108952712988853,-0.068825,0.013));
#13150=CARTESIAN_POINT('',(-0.108952712988853,-0.068825,0.013));
#13151=CARTESIAN_POINT('',(-0.101952712988853,-0.068325,0.013));
#13152=CARTESIAN_POINT('',(-0.101952712988853,-0.068325,0.01));
#13153=CARTESIAN_POINT('',(-0.0954527129888535,-0.068325,0.01));
#13154=CARTESIAN_POINT('',(-0.0954527129888535,-0.068325,0.013));
#13155=CARTESIAN_POINT('',(-0.0954527129888535,-0.068325,0.013));
#13156=CARTESIAN_POINT('',(-0.101952712988853,-0.068325,0.013));
#13157=CARTESIAN_POINT('',(-0.0954527129888535,-0.068825,0.013));
#13158=CARTESIAN_POINT('',(-0.0954527129888535,-0.068825,0.01));
#13159=CARTESIAN_POINT('',(-0.0949527129888535,-0.068825,0.01));
#13160=CARTESIAN_POINT('',(-0.0949527129888535,-0.068825,0.013));
#13161=CARTESIAN_POINT('',(-0.0949527129888535,-0.068825,0.013));
#13162=CARTESIAN_POINT('',(-0.0954527129888535,-0.068825,0.013));
#13163=CARTESIAN_POINT('',(-0.0949527129888535,-0.075325,0.013));
#13164=CARTESIAN_POINT('',(-0.0949527129888535,-0.075325,0.01));
#13165=CARTESIAN_POINT('',(-0.0949527129888535,-0.081825,0.01));
#13166=CARTESIAN_POINT('',(-0.0949527129888535,-0.081825,0.013));
#13167=CARTESIAN_POINT('',(-0.0949527129888535,-0.081825,0.013));
#13168=CARTESIAN_POINT('',(-0.0949527129888535,-0.075325,0.013));
#13169=CARTESIAN_POINT('',(-0.0954527129888535,-0.081825,0.013));
#13170=CARTESIAN_POINT('',(-0.0954527129888535,-0.081825,0.01));
#13171=CARTESIAN_POINT('',(-0.0954527129888535,-0.082325,0.01));
#13172=CARTESIAN_POINT('',(-0.0954527129888535,-0.082325,0.013));
#13173=CARTESIAN_POINT('',(-0.0954527129888535,-0.082325,0.013));
#13174=CARTESIAN_POINT('',(-0.0954527129888535,-0.081825,0.013));
#13175=CARTESIAN_POINT('',(-0.101952712988853,-0.082325,0.013));
#13176=CARTESIAN_POINT('',(-0.101952712988853,-0.082325,0.01));
#13177=CARTESIAN_POINT('',(-0.108452712988853,-0.082325,0.01));
#13178=CARTESIAN_POINT('',(-0.108452712988853,-0.082325,0.013));
#13179=CARTESIAN_POINT('',(-0.108452712988853,-0.082325,0.013));
#13180=CARTESIAN_POINT('',(-0.101952712988853,-0.082325,0.013));
#13181=CARTESIAN_POINT('',(-0.108452712988853,-0.081825,0.013));
#13182=CARTESIAN_POINT('',(-0.108452712988853,-0.081825,0.01));
#13183=CARTESIAN_POINT('',(-0.108952712988853,-0.081825,0.01));
#13184=CARTESIAN_POINT('',(-0.108952712988853,-0.081825,0.013));
#13185=CARTESIAN_POINT('',(-0.108952712988853,-0.081825,0.013));
#13186=CARTESIAN_POINT('',(-0.108452712988853,-0.081825,0.013));
#13187=CARTESIAN_POINT('',(-0.0513027129888534,-0.049775,0.013));
#13188=CARTESIAN_POINT('',(-0.0513027129888534,-0.049775,0.01));
#13189=CARTESIAN_POINT('',(-0.0513027129888534,-0.049275,0.01));
#13190=CARTESIAN_POINT('',(-0.0518027129888534,-0.049775,0.01));
#13191=CARTESIAN_POINT('',(-0.0513027129888534,-0.049275,0.013));
#13192=CARTESIAN_POINT('',(-0.0513027129888534,-0.049275,0.013));
#13193=CARTESIAN_POINT('',(-0.0513027129888534,-0.049775,0.013));
#13194=CARTESIAN_POINT('',(-0.0518027129888534,-0.049775,0.013));
#13195=CARTESIAN_POINT('',(-0.0518027129888534,-0.049775,0.013));
#13196=CARTESIAN_POINT('',(-0.0448027129888535,-0.049275,0.013));
#13197=CARTESIAN_POINT('',(-0.0448027129888535,-0.049275,0.01));
#13198=CARTESIAN_POINT('',(-0.0383027129888535,-0.049275,0.01));
#13199=CARTESIAN_POINT('',(-0.0383027129888535,-0.049275,0.013));
#13200=CARTESIAN_POINT('',(-0.0383027129888535,-0.049275,0.013));
#13201=CARTESIAN_POINT('',(-0.0448027129888535,-0.049275,0.013));
#13202=CARTESIAN_POINT('',(-0.0383027129888535,-0.049775,0.013));
#13203=CARTESIAN_POINT('',(-0.0383027129888535,-0.049775,0.01));
#13204=CARTESIAN_POINT('',(-0.0378027129888535,-0.049775,0.01));
#13205=CARTESIAN_POINT('',(-0.0378027129888535,-0.049775,0.013));
#13206=CARTESIAN_POINT('',(-0.0378027129888535,-0.049775,0.013));
#13207=CARTESIAN_POINT('',(-0.0383027129888535,-0.049775,0.013));
#13208=CARTESIAN_POINT('',(-0.0378027129888535,-0.056275,0.013));
#13209=CARTESIAN_POINT('',(-0.0378027129888535,-0.056275,0.01));
#13210=CARTESIAN_POINT('',(-0.0378027129888535,-0.062775,0.01));
#13211=CARTESIAN_POINT('',(-0.0378027129888535,-0.062775,0.013));
#13212=CARTESIAN_POINT('',(-0.0378027129888535,-0.062775,0.013));
#13213=CARTESIAN_POINT('',(-0.0378027129888535,-0.056275,0.013));
#13214=CARTESIAN_POINT('',(-0.0383027129888535,-0.062775,0.013));
#13215=CARTESIAN_POINT('',(-0.0383027129888535,-0.062775,0.01));
#13216=CARTESIAN_POINT('',(-0.0383027129888535,-0.063275,0.01));
#13217=CARTESIAN_POINT('',(-0.0383027129888535,-0.063275,0.013));
#13218=CARTESIAN_POINT('',(-0.0383027129888535,-0.063275,0.013));
#13219=CARTESIAN_POINT('',(-0.0383027129888535,-0.062775,0.013));
#13220=CARTESIAN_POINT('',(-0.0448027129888535,-0.063275,0.013));
#13221=CARTESIAN_POINT('',(-0.0448027129888535,-0.063275,0.01));
#13222=CARTESIAN_POINT('',(-0.0513027129888534,-0.063275,0.01));
#13223=CARTESIAN_POINT('',(-0.0513027129888534,-0.063275,0.013));
#13224=CARTESIAN_POINT('',(-0.0513027129888534,-0.063275,0.013));
#13225=CARTESIAN_POINT('',(-0.0448027129888535,-0.063275,0.013));
#13226=CARTESIAN_POINT('',(-0.0513027129888534,-0.062775,0.013));
#13227=CARTESIAN_POINT('',(-0.0513027129888534,-0.062775,0.01));
#13228=CARTESIAN_POINT('',(-0.0518027129888534,-0.062775,0.01));
#13229=CARTESIAN_POINT('',(-0.0518027129888534,-0.062775,0.013));
#13230=CARTESIAN_POINT('',(-0.0518027129888534,-0.062775,0.013));
#13231=CARTESIAN_POINT('',(-0.0513027129888534,-0.062775,0.013));
#13232=CARTESIAN_POINT('',(-0.0703527129888535,-0.049775,0.013));
#13233=CARTESIAN_POINT('',(-0.0703527129888535,-0.049775,0.01));
#13234=CARTESIAN_POINT('',(-0.0703527129888535,-0.049275,0.01));
#13235=CARTESIAN_POINT('',(-0.0708527129888535,-0.049775,0.01));
#13236=CARTESIAN_POINT('',(-0.0703527129888535,-0.049275,0.013));
#13237=CARTESIAN_POINT('',(-0.0703527129888535,-0.049275,0.013));
#13238=CARTESIAN_POINT('',(-0.0703527129888535,-0.049775,0.013));
#13239=CARTESIAN_POINT('',(-0.0708527129888535,-0.049775,0.013));
#13240=CARTESIAN_POINT('',(-0.0708527129888535,-0.049775,0.013));
#13241=CARTESIAN_POINT('',(-0.0638527129888535,-0.049275,0.013));
#13242=CARTESIAN_POINT('',(-0.0638527129888535,-0.049275,0.01));
#13243=CARTESIAN_POINT('',(-0.0573527129888534,-0.049275,0.01));
#13244=CARTESIAN_POINT('',(-0.0573527129888534,-0.049275,0.013));
#13245=CARTESIAN_POINT('',(-0.0573527129888534,-0.049275,0.013));
#13246=CARTESIAN_POINT('',(-0.0638527129888535,-0.049275,0.013));
#13247=CARTESIAN_POINT('',(-0.0573527129888534,-0.049775,0.013));
#13248=CARTESIAN_POINT('',(-0.0573527129888534,-0.049775,0.01));
#13249=CARTESIAN_POINT('',(-0.0568527129888534,-0.049775,0.01));
#13250=CARTESIAN_POINT('',(-0.0568527129888534,-0.049775,0.013));
#13251=CARTESIAN_POINT('',(-0.0568527129888534,-0.049775,0.013));
#13252=CARTESIAN_POINT('',(-0.0573527129888534,-0.049775,0.013));
#13253=CARTESIAN_POINT('',(-0.0568527129888534,-0.056275,0.013));
#13254=CARTESIAN_POINT('',(-0.0568527129888534,-0.056275,0.01));
#13255=CARTESIAN_POINT('',(-0.0568527129888534,-0.062775,0.01));
#13256=CARTESIAN_POINT('',(-0.0568527129888534,-0.062775,0.013));
#13257=CARTESIAN_POINT('',(-0.0568527129888534,-0.062775,0.013));
#13258=CARTESIAN_POINT('',(-0.0568527129888534,-0.056275,0.013));
#13259=CARTESIAN_POINT('',(-0.0573527129888535,-0.062775,0.013));
#13260=CARTESIAN_POINT('',(-0.0573527129888535,-0.062775,0.01));
#13261=CARTESIAN_POINT('',(-0.0573527129888534,-0.063275,0.01));
#13262=CARTESIAN_POINT('',(-0.0573527129888534,-0.063275,0.013));
#13263=CARTESIAN_POINT('',(-0.0573527129888534,-0.063275,0.013));
#13264=CARTESIAN_POINT('',(-0.0573527129888535,-0.062775,0.013));
#13265=CARTESIAN_POINT('',(-0.0638527129888535,-0.063275,0.013));
#13266=CARTESIAN_POINT('',(-0.0638527129888535,-0.063275,0.01));
#13267=CARTESIAN_POINT('',(-0.0703527129888535,-0.063275,0.01));
#13268=CARTESIAN_POINT('',(-0.0703527129888535,-0.063275,0.013));
#13269=CARTESIAN_POINT('',(-0.0703527129888535,-0.063275,0.013));
#13270=CARTESIAN_POINT('',(-0.0638527129888535,-0.063275,0.013));
#13271=CARTESIAN_POINT('',(-0.0703527129888534,-0.062775,0.013));
#13272=CARTESIAN_POINT('',(-0.0703527129888534,-0.062775,0.01));
#13273=CARTESIAN_POINT('',(-0.0708527129888535,-0.062775,0.01));
#13274=CARTESIAN_POINT('',(-0.0708527129888535,-0.062775,0.013));
#13275=CARTESIAN_POINT('',(-0.0708527129888535,-0.062775,0.013));
#13276=CARTESIAN_POINT('',(-0.0703527129888534,-0.062775,0.013));
#13277=CARTESIAN_POINT('',(-0.0894027129888535,-0.049775,0.013));
#13278=CARTESIAN_POINT('',(-0.0894027129888535,-0.049775,0.01));
#13279=CARTESIAN_POINT('',(-0.0894027129888535,-0.049275,0.01));
#13280=CARTESIAN_POINT('',(-0.0899027129888535,-0.049775,0.01));
#13281=CARTESIAN_POINT('',(-0.0894027129888535,-0.049275,0.013));
#13282=CARTESIAN_POINT('',(-0.0894027129888535,-0.049275,0.013));
#13283=CARTESIAN_POINT('',(-0.0894027129888535,-0.049775,0.013));
#13284=CARTESIAN_POINT('',(-0.0899027129888535,-0.049775,0.013));
#13285=CARTESIAN_POINT('',(-0.0899027129888535,-0.049775,0.013));
#13286=CARTESIAN_POINT('',(-0.0829027129888535,-0.049275,0.013));
#13287=CARTESIAN_POINT('',(-0.0829027129888535,-0.049275,0.01));
#13288=CARTESIAN_POINT('',(-0.0764027129888535,-0.049275,0.01));
#13289=CARTESIAN_POINT('',(-0.0764027129888535,-0.049275,0.013));
#13290=CARTESIAN_POINT('',(-0.0764027129888535,-0.049275,0.013));
#13291=CARTESIAN_POINT('',(-0.0829027129888535,-0.049275,0.013));
#13292=CARTESIAN_POINT('',(-0.0764027129888535,-0.049775,0.013));
#13293=CARTESIAN_POINT('',(-0.0764027129888535,-0.049775,0.01));
#13294=CARTESIAN_POINT('',(-0.0759027129888535,-0.049775,0.01));
#13295=CARTESIAN_POINT('',(-0.0759027129888535,-0.049775,0.013));
#13296=CARTESIAN_POINT('',(-0.0759027129888535,-0.049775,0.013));
#13297=CARTESIAN_POINT('',(-0.0764027129888535,-0.049775,0.013));
#13298=CARTESIAN_POINT('',(-0.0759027129888535,-0.056275,0.013));
#13299=CARTESIAN_POINT('',(-0.0759027129888535,-0.056275,0.01));
#13300=CARTESIAN_POINT('',(-0.0759027129888535,-0.062775,0.01));
#13301=CARTESIAN_POINT('',(-0.0759027129888535,-0.062775,0.013));
#13302=CARTESIAN_POINT('',(-0.0759027129888535,-0.062775,0.013));
#13303=CARTESIAN_POINT('',(-0.0759027129888535,-0.056275,0.013));
#13304=CARTESIAN_POINT('',(-0.0764027129888535,-0.062775,0.013));
#13305=CARTESIAN_POINT('',(-0.0764027129888535,-0.062775,0.01));
#13306=CARTESIAN_POINT('',(-0.0764027129888535,-0.063275,0.01));
#13307=CARTESIAN_POINT('',(-0.0764027129888535,-0.063275,0.013));
#13308=CARTESIAN_POINT('',(-0.0764027129888535,-0.063275,0.013));
#13309=CARTESIAN_POINT('',(-0.0764027129888535,-0.062775,0.013));
#13310=CARTESIAN_POINT('',(-0.0829027129888535,-0.063275,0.013));
#13311=CARTESIAN_POINT('',(-0.0829027129888535,-0.063275,0.01));
#13312=CARTESIAN_POINT('',(-0.0894027129888535,-0.063275,0.01));
#13313=CARTESIAN_POINT('',(-0.0894027129888535,-0.063275,0.013));
#13314=CARTESIAN_POINT('',(-0.0894027129888535,-0.063275,0.013));
#13315=CARTESIAN_POINT('',(-0.0829027129888535,-0.063275,0.013));
#13316=CARTESIAN_POINT('',(-0.0894027129888534,-0.062775,0.013));
#13317=CARTESIAN_POINT('',(-0.0894027129888534,-0.062775,0.01));
#13318=CARTESIAN_POINT('',(-0.0899027129888535,-0.062775,0.01));
#13319=CARTESIAN_POINT('',(-0.0899027129888535,-0.062775,0.013));
#13320=CARTESIAN_POINT('',(-0.0899027129888535,-0.062775,0.013));
#13321=CARTESIAN_POINT('',(-0.0894027129888534,-0.062775,0.013));
#13322=CARTESIAN_POINT('',(-0.108452712988853,-0.049775,0.013));
#13323=CARTESIAN_POINT('',(-0.108452712988853,-0.049775,0.01));
#13324=CARTESIAN_POINT('',(-0.108452712988853,-0.049275,0.01));
#13325=CARTESIAN_POINT('',(-0.108952712988853,-0.049775,0.01));
#13326=CARTESIAN_POINT('',(-0.108452712988853,-0.049275,0.013));
#13327=CARTESIAN_POINT('',(-0.108452712988853,-0.049275,0.013));
#13328=CARTESIAN_POINT('',(-0.108452712988853,-0.049775,0.013));
#13329=CARTESIAN_POINT('',(-0.108952712988853,-0.049775,0.013));
#13330=CARTESIAN_POINT('',(-0.108952712988853,-0.049775,0.013));
#13331=CARTESIAN_POINT('',(-0.101952712988853,-0.049275,0.013));
#13332=CARTESIAN_POINT('',(-0.101952712988853,-0.049275,0.01));
#13333=CARTESIAN_POINT('',(-0.0954527129888535,-0.049275,0.01));
#13334=CARTESIAN_POINT('',(-0.0954527129888535,-0.049275,0.013));
#13335=CARTESIAN_POINT('',(-0.0954527129888535,-0.049275,0.013));
#13336=CARTESIAN_POINT('',(-0.101952712988853,-0.049275,0.013));
#13337=CARTESIAN_POINT('',(-0.0954527129888535,-0.049775,0.013));
#13338=CARTESIAN_POINT('',(-0.0954527129888535,-0.049775,0.01));
#13339=CARTESIAN_POINT('',(-0.0949527129888535,-0.049775,0.01));
#13340=CARTESIAN_POINT('',(-0.0949527129888535,-0.049775,0.013));
#13341=CARTESIAN_POINT('',(-0.0949527129888535,-0.049775,0.013));
#13342=CARTESIAN_POINT('',(-0.0954527129888535,-0.049775,0.013));
#13343=CARTESIAN_POINT('',(-0.0949527129888535,-0.056275,0.013));
#13344=CARTESIAN_POINT('',(-0.0949527129888535,-0.056275,0.01));
#13345=CARTESIAN_POINT('',(-0.0949527129888535,-0.062775,0.01));
#13346=CARTESIAN_POINT('',(-0.0949527129888535,-0.062775,0.013));
#13347=CARTESIAN_POINT('',(-0.0949527129888535,-0.062775,0.013));
#13348=CARTESIAN_POINT('',(-0.0949527129888535,-0.056275,0.013));
#13349=CARTESIAN_POINT('',(-0.0954527129888535,-0.062775,0.013));
#13350=CARTESIAN_POINT('',(-0.0954527129888535,-0.062775,0.01));
#13351=CARTESIAN_POINT('',(-0.0954527129888535,-0.063275,0.01));
#13352=CARTESIAN_POINT('',(-0.0954527129888535,-0.063275,0.013));
#13353=CARTESIAN_POINT('',(-0.0954527129888535,-0.063275,0.013));
#13354=CARTESIAN_POINT('',(-0.0954527129888535,-0.062775,0.013));
#13355=CARTESIAN_POINT('',(-0.101952712988853,-0.063275,0.013));
#13356=CARTESIAN_POINT('',(-0.101952712988853,-0.063275,0.01));
#13357=CARTESIAN_POINT('',(-0.108452712988853,-0.063275,0.01));
#13358=CARTESIAN_POINT('',(-0.108452712988853,-0.063275,0.013));
#13359=CARTESIAN_POINT('',(-0.108452712988853,-0.063275,0.013));
#13360=CARTESIAN_POINT('',(-0.101952712988853,-0.063275,0.013));
#13361=CARTESIAN_POINT('',(-0.108452712988853,-0.062775,0.013));
#13362=CARTESIAN_POINT('',(-0.108452712988853,-0.062775,0.01));
#13363=CARTESIAN_POINT('',(-0.108952712988853,-0.062775,0.01));
#13364=CARTESIAN_POINT('',(-0.108952712988853,-0.062775,0.013));
#13365=CARTESIAN_POINT('',(-0.108952712988853,-0.062775,0.013));
#13366=CARTESIAN_POINT('',(-0.108452712988853,-0.062775,0.013));
#13367=CARTESIAN_POINT('',(-0.0513027129888534,-0.030725,0.013));
#13368=CARTESIAN_POINT('',(-0.0513027129888534,-0.030725,0.01));
#13369=CARTESIAN_POINT('',(-0.0513027129888534,-0.030225,0.01));
#13370=CARTESIAN_POINT('',(-0.0518027129888534,-0.030725,0.01));
#13371=CARTESIAN_POINT('',(-0.0513027129888534,-0.030225,0.013));
#13372=CARTESIAN_POINT('',(-0.0513027129888534,-0.030225,0.013));
#13373=CARTESIAN_POINT('',(-0.0513027129888534,-0.030725,0.013));
#13374=CARTESIAN_POINT('',(-0.0518027129888534,-0.030725,0.013));
#13375=CARTESIAN_POINT('',(-0.0518027129888534,-0.030725,0.013));
#13376=CARTESIAN_POINT('',(-0.0448027129888535,-0.030225,0.013));
#13377=CARTESIAN_POINT('',(-0.0448027129888535,-0.030225,0.01));
#13378=CARTESIAN_POINT('',(-0.0383027129888535,-0.030225,0.01));
#13379=CARTESIAN_POINT('',(-0.0383027129888535,-0.030225,0.013));
#13380=CARTESIAN_POINT('',(-0.0383027129888535,-0.030225,0.013));
#13381=CARTESIAN_POINT('',(-0.0448027129888535,-0.030225,0.013));
#13382=CARTESIAN_POINT('',(-0.0383027129888535,-0.030725,0.013));
#13383=CARTESIAN_POINT('',(-0.0383027129888535,-0.030725,0.01));
#13384=CARTESIAN_POINT('',(-0.0378027129888535,-0.030725,0.01));
#13385=CARTESIAN_POINT('',(-0.0378027129888535,-0.030725,0.013));
#13386=CARTESIAN_POINT('',(-0.0378027129888535,-0.030725,0.013));
#13387=CARTESIAN_POINT('',(-0.0383027129888535,-0.030725,0.013));
#13388=CARTESIAN_POINT('',(-0.0378027129888535,-0.037225,0.013));
#13389=CARTESIAN_POINT('',(-0.0378027129888535,-0.037225,0.01));
#13390=CARTESIAN_POINT('',(-0.0378027129888535,-0.043725,0.01));
#13391=CARTESIAN_POINT('',(-0.0378027129888535,-0.043725,0.013));
#13392=CARTESIAN_POINT('',(-0.0378027129888535,-0.043725,0.013));
#13393=CARTESIAN_POINT('',(-0.0378027129888535,-0.037225,0.013));
#13394=CARTESIAN_POINT('',(-0.0383027129888535,-0.043725,0.013));
#13395=CARTESIAN_POINT('',(-0.0383027129888535,-0.043725,0.01));
#13396=CARTESIAN_POINT('',(-0.0383027129888535,-0.044225,0.01));
#13397=CARTESIAN_POINT('',(-0.0383027129888535,-0.044225,0.013));
#13398=CARTESIAN_POINT('',(-0.0383027129888535,-0.044225,0.013));
#13399=CARTESIAN_POINT('',(-0.0383027129888535,-0.043725,0.013));
#13400=CARTESIAN_POINT('',(-0.0448027129888535,-0.044225,0.013));
#13401=CARTESIAN_POINT('',(-0.0448027129888535,-0.044225,0.01));
#13402=CARTESIAN_POINT('',(-0.0513027129888534,-0.044225,0.01));
#13403=CARTESIAN_POINT('',(-0.0513027129888534,-0.044225,0.013));
#13404=CARTESIAN_POINT('',(-0.0513027129888534,-0.044225,0.013));
#13405=CARTESIAN_POINT('',(-0.0448027129888535,-0.044225,0.013));
#13406=CARTESIAN_POINT('',(-0.0513027129888534,-0.043725,0.013));
#13407=CARTESIAN_POINT('',(-0.0513027129888534,-0.043725,0.01));
#13408=CARTESIAN_POINT('',(-0.0518027129888534,-0.043725,0.01));
#13409=CARTESIAN_POINT('',(-0.0518027129888534,-0.043725,0.013));
#13410=CARTESIAN_POINT('',(-0.0518027129888534,-0.043725,0.013));
#13411=CARTESIAN_POINT('',(-0.0513027129888534,-0.043725,0.013));
#13412=CARTESIAN_POINT('',(-0.0703527129888535,-0.030725,0.013));
#13413=CARTESIAN_POINT('',(-0.0703527129888535,-0.030725,0.01));
#13414=CARTESIAN_POINT('',(-0.0703527129888535,-0.030225,0.01));
#13415=CARTESIAN_POINT('',(-0.0708527129888535,-0.030725,0.01));
#13416=CARTESIAN_POINT('',(-0.0703527129888535,-0.030225,0.013));
#13417=CARTESIAN_POINT('',(-0.0703527129888535,-0.030225,0.013));
#13418=CARTESIAN_POINT('',(-0.0703527129888535,-0.030725,0.013));
#13419=CARTESIAN_POINT('',(-0.0708527129888535,-0.030725,0.013));
#13420=CARTESIAN_POINT('',(-0.0708527129888535,-0.030725,0.013));
#13421=CARTESIAN_POINT('',(-0.0638527129888535,-0.030225,0.013));
#13422=CARTESIAN_POINT('',(-0.0638527129888535,-0.030225,0.01));
#13423=CARTESIAN_POINT('',(-0.0573527129888534,-0.030225,0.01));
#13424=CARTESIAN_POINT('',(-0.0573527129888534,-0.030225,0.013));
#13425=CARTESIAN_POINT('',(-0.0573527129888534,-0.030225,0.013));
#13426=CARTESIAN_POINT('',(-0.0638527129888535,-0.030225,0.013));
#13427=CARTESIAN_POINT('',(-0.0573527129888534,-0.030725,0.013));
#13428=CARTESIAN_POINT('',(-0.0573527129888534,-0.030725,0.01));
#13429=CARTESIAN_POINT('',(-0.0568527129888534,-0.030725,0.01));
#13430=CARTESIAN_POINT('',(-0.0568527129888534,-0.030725,0.013));
#13431=CARTESIAN_POINT('',(-0.0568527129888534,-0.030725,0.013));
#13432=CARTESIAN_POINT('',(-0.0573527129888534,-0.030725,0.013));
#13433=CARTESIAN_POINT('',(-0.0568527129888534,-0.037225,0.013));
#13434=CARTESIAN_POINT('',(-0.0568527129888534,-0.037225,0.01));
#13435=CARTESIAN_POINT('',(-0.0568527129888534,-0.043725,0.01));
#13436=CARTESIAN_POINT('',(-0.0568527129888534,-0.043725,0.013));
#13437=CARTESIAN_POINT('',(-0.0568527129888534,-0.043725,0.013));
#13438=CARTESIAN_POINT('',(-0.0568527129888534,-0.037225,0.013));
#13439=CARTESIAN_POINT('',(-0.0573527129888534,-0.043725,0.013));
#13440=CARTESIAN_POINT('',(-0.0573527129888534,-0.043725,0.01));
#13441=CARTESIAN_POINT('',(-0.0573527129888534,-0.044225,0.01));
#13442=CARTESIAN_POINT('',(-0.0573527129888534,-0.044225,0.013));
#13443=CARTESIAN_POINT('',(-0.0573527129888534,-0.044225,0.013));
#13444=CARTESIAN_POINT('',(-0.0573527129888534,-0.043725,0.013));
#13445=CARTESIAN_POINT('',(-0.0638527129888535,-0.044225,0.013));
#13446=CARTESIAN_POINT('',(-0.0638527129888535,-0.044225,0.01));
#13447=CARTESIAN_POINT('',(-0.0703527129888535,-0.044225,0.01));
#13448=CARTESIAN_POINT('',(-0.0703527129888535,-0.044225,0.013));
#13449=CARTESIAN_POINT('',(-0.0703527129888535,-0.044225,0.013));
#13450=CARTESIAN_POINT('',(-0.0638527129888535,-0.044225,0.013));
#13451=CARTESIAN_POINT('',(-0.0703527129888535,-0.043725,0.013));
#13452=CARTESIAN_POINT('',(-0.0703527129888535,-0.043725,0.01));
#13453=CARTESIAN_POINT('',(-0.0708527129888535,-0.043725,0.01));
#13454=CARTESIAN_POINT('',(-0.0708527129888535,-0.043725,0.013));
#13455=CARTESIAN_POINT('',(-0.0708527129888535,-0.043725,0.013));
#13456=CARTESIAN_POINT('',(-0.0703527129888535,-0.043725,0.013));
#13457=CARTESIAN_POINT('',(-0.0894027129888535,-0.030725,0.013));
#13458=CARTESIAN_POINT('',(-0.0894027129888535,-0.030725,0.01));
#13459=CARTESIAN_POINT('',(-0.0894027129888535,-0.030225,0.01));
#13460=CARTESIAN_POINT('',(-0.0899027129888535,-0.030725,0.01));
#13461=CARTESIAN_POINT('',(-0.0894027129888535,-0.030225,0.013));
#13462=CARTESIAN_POINT('',(-0.0894027129888535,-0.030225,0.013));
#13463=CARTESIAN_POINT('',(-0.0894027129888535,-0.030725,0.013));
#13464=CARTESIAN_POINT('',(-0.0899027129888535,-0.030725,0.013));
#13465=CARTESIAN_POINT('',(-0.0899027129888535,-0.030725,0.013));
#13466=CARTESIAN_POINT('',(-0.0829027129888535,-0.030225,0.013));
#13467=CARTESIAN_POINT('',(-0.0829027129888535,-0.030225,0.01));
#13468=CARTESIAN_POINT('',(-0.0764027129888535,-0.030225,0.01));
#13469=CARTESIAN_POINT('',(-0.0764027129888535,-0.030225,0.013));
#13470=CARTESIAN_POINT('',(-0.0764027129888535,-0.030225,0.013));
#13471=CARTESIAN_POINT('',(-0.0829027129888535,-0.030225,0.013));
#13472=CARTESIAN_POINT('',(-0.0764027129888535,-0.030725,0.013));
#13473=CARTESIAN_POINT('',(-0.0764027129888535,-0.030725,0.01));
#13474=CARTESIAN_POINT('',(-0.0759027129888535,-0.030725,0.01));
#13475=CARTESIAN_POINT('',(-0.0759027129888535,-0.030725,0.013));
#13476=CARTESIAN_POINT('',(-0.0759027129888535,-0.030725,0.013));
#13477=CARTESIAN_POINT('',(-0.0764027129888535,-0.030725,0.013));
#13478=CARTESIAN_POINT('',(-0.0759027129888535,-0.037225,0.013));
#13479=CARTESIAN_POINT('',(-0.0759027129888535,-0.037225,0.01));
#13480=CARTESIAN_POINT('',(-0.0759027129888535,-0.043725,0.01));
#13481=CARTESIAN_POINT('',(-0.0759027129888535,-0.043725,0.013));
#13482=CARTESIAN_POINT('',(-0.0759027129888535,-0.043725,0.013));
#13483=CARTESIAN_POINT('',(-0.0759027129888535,-0.037225,0.013));
#13484=CARTESIAN_POINT('',(-0.0764027129888535,-0.043725,0.013));
#13485=CARTESIAN_POINT('',(-0.0764027129888535,-0.043725,0.01));
#13486=CARTESIAN_POINT('',(-0.0764027129888535,-0.044225,0.01));
#13487=CARTESIAN_POINT('',(-0.0764027129888535,-0.044225,0.013));
#13488=CARTESIAN_POINT('',(-0.0764027129888535,-0.044225,0.013));
#13489=CARTESIAN_POINT('',(-0.0764027129888535,-0.043725,0.013));
#13490=CARTESIAN_POINT('',(-0.0829027129888535,-0.044225,0.013));
#13491=CARTESIAN_POINT('',(-0.0829027129888535,-0.044225,0.01));
#13492=CARTESIAN_POINT('',(-0.0894027129888535,-0.044225,0.01));
#13493=CARTESIAN_POINT('',(-0.0894027129888535,-0.044225,0.013));
#13494=CARTESIAN_POINT('',(-0.0894027129888535,-0.044225,0.013));
#13495=CARTESIAN_POINT('',(-0.0829027129888535,-0.044225,0.013));
#13496=CARTESIAN_POINT('',(-0.0894027129888535,-0.043725,0.013));
#13497=CARTESIAN_POINT('',(-0.0894027129888535,-0.043725,0.01));
#13498=CARTESIAN_POINT('',(-0.0899027129888535,-0.043725,0.01));
#13499=CARTESIAN_POINT('',(-0.0899027129888535,-0.043725,0.013));
#13500=CARTESIAN_POINT('',(-0.0899027129888535,-0.043725,0.013));
#13501=CARTESIAN_POINT('',(-0.0894027129888535,-0.043725,0.013));
#13502=CARTESIAN_POINT('',(-0.108452712988853,-0.030725,0.013));
#13503=CARTESIAN_POINT('',(-0.108452712988853,-0.030725,0.01));
#13504=CARTESIAN_POINT('',(-0.108452712988853,-0.030225,0.01));
#13505=CARTESIAN_POINT('',(-0.108952712988853,-0.030725,0.01));
#13506=CARTESIAN_POINT('',(-0.108452712988853,-0.030225,0.013));
#13507=CARTESIAN_POINT('',(-0.108452712988853,-0.030225,0.013));
#13508=CARTESIAN_POINT('',(-0.108452712988853,-0.030725,0.013));
#13509=CARTESIAN_POINT('',(-0.108952712988853,-0.030725,0.013));
#13510=CARTESIAN_POINT('',(-0.108952712988853,-0.030725,0.013));
#13511=CARTESIAN_POINT('',(-0.101952712988853,-0.030225,0.013));
#13512=CARTESIAN_POINT('',(-0.101952712988853,-0.030225,0.01));
#13513=CARTESIAN_POINT('',(-0.0954527129888535,-0.030225,0.01));
#13514=CARTESIAN_POINT('',(-0.0954527129888535,-0.030225,0.013));
#13515=CARTESIAN_POINT('',(-0.0954527129888535,-0.030225,0.013));
#13516=CARTESIAN_POINT('',(-0.101952712988853,-0.030225,0.013));
#13517=CARTESIAN_POINT('',(-0.0954527129888535,-0.030725,0.013));
#13518=CARTESIAN_POINT('',(-0.0954527129888535,-0.030725,0.01));
#13519=CARTESIAN_POINT('',(-0.0949527129888535,-0.030725,0.01));
#13520=CARTESIAN_POINT('',(-0.0949527129888535,-0.030725,0.013));
#13521=CARTESIAN_POINT('',(-0.0949527129888535,-0.030725,0.013));
#13522=CARTESIAN_POINT('',(-0.0954527129888535,-0.030725,0.013));
#13523=CARTESIAN_POINT('',(-0.0949527129888535,-0.037225,0.013));
#13524=CARTESIAN_POINT('',(-0.0949527129888535,-0.037225,0.01));
#13525=CARTESIAN_POINT('',(-0.0949527129888535,-0.043725,0.01));
#13526=CARTESIAN_POINT('',(-0.0949527129888535,-0.043725,0.013));
#13527=CARTESIAN_POINT('',(-0.0949527129888535,-0.043725,0.013));
#13528=CARTESIAN_POINT('',(-0.0949527129888535,-0.037225,0.013));
#13529=CARTESIAN_POINT('',(-0.0954527129888535,-0.043725,0.013));
#13530=CARTESIAN_POINT('',(-0.0954527129888535,-0.043725,0.01));
#13531=CARTESIAN_POINT('',(-0.0954527129888535,-0.044225,0.01));
#13532=CARTESIAN_POINT('',(-0.0954527129888535,-0.044225,0.013));
#13533=CARTESIAN_POINT('',(-0.0954527129888535,-0.044225,0.013));
#13534=CARTESIAN_POINT('',(-0.0954527129888535,-0.043725,0.013));
#13535=CARTESIAN_POINT('',(-0.101952712988853,-0.044225,0.013));
#13536=CARTESIAN_POINT('',(-0.101952712988853,-0.044225,0.01));
#13537=CARTESIAN_POINT('',(-0.108452712988853,-0.044225,0.01));
#13538=CARTESIAN_POINT('',(-0.108452712988853,-0.044225,0.013));
#13539=CARTESIAN_POINT('',(-0.108452712988853,-0.044225,0.013));
#13540=CARTESIAN_POINT('',(-0.101952712988853,-0.044225,0.013));
#13541=CARTESIAN_POINT('',(-0.108452712988853,-0.043725,0.013));
#13542=CARTESIAN_POINT('',(-0.108452712988853,-0.043725,0.01));
#13543=CARTESIAN_POINT('',(-0.108952712988853,-0.043725,0.01));
#13544=CARTESIAN_POINT('',(-0.108952712988853,-0.043725,0.013));
#13545=CARTESIAN_POINT('',(-0.108952712988853,-0.043725,0.013));
#13546=CARTESIAN_POINT('',(-0.108452712988853,-0.043725,0.013));
#13547=CARTESIAN_POINT('',(-0.0667777129888534,0.005,0.013));
#13548=CARTESIAN_POINT('',(-0.0667777129888534,0.005,0.01));
#13549=CARTESIAN_POINT('',(-0.121477712988853,0.005,0.01));
#13550=CARTESIAN_POINT('',(-0.0120777129888535,0.005,0.01));
#13551=CARTESIAN_POINT('',(-0.121477712988853,0.005,0.013));
#13552=CARTESIAN_POINT('',(-0.121477712988853,0.005,0.013));
#13553=CARTESIAN_POINT('',(-0.0667777129888534,0.005,0.013));
#13554=CARTESIAN_POINT('',(-0.0120777129888535,0.005,0.013));
#13555=CARTESIAN_POINT('',(-0.0120777129888535,0.005,0.013));
#13556=CARTESIAN_POINT('',(-0.121477712988853,-0.05445,0.013));
#13557=CARTESIAN_POINT('',(-0.121477712988853,-0.05445,0.01));
#13558=CARTESIAN_POINT('',(-0.121477712988853,-0.1139,0.01));
#13559=CARTESIAN_POINT('',(-0.121477712988853,-0.1139,0.013));
#13560=CARTESIAN_POINT('',(-0.121477712988853,-0.1139,0.013));
#13561=CARTESIAN_POINT('',(-0.121477712988853,-0.05445,0.013));
#13562=CARTESIAN_POINT('',(-0.0667777129888534,-0.1139,0.013));
#13563=CARTESIAN_POINT('',(-0.0667777129888534,-0.1139,0.01));
#13564=CARTESIAN_POINT('',(-0.0120777129888535,-0.1139,0.01));
#13565=CARTESIAN_POINT('',(-0.0120777129888535,-0.1139,0.013));
#13566=CARTESIAN_POINT('',(-0.0120777129888535,-0.1139,0.013));
#13567=CARTESIAN_POINT('',(-0.0667777129888534,-0.1139,0.013));
#13568=CARTESIAN_POINT('',(-0.0765777129888534,-0.0155,0.013));
#13569=CARTESIAN_POINT('',(-0.0765777129888534,-0.0155,0.01));
#13570=CARTESIAN_POINT('',(-0.0765777129888534,-0.0095,0.01));
#13571=CARTESIAN_POINT('',(-0.0765777129888534,-0.0215,0.01));
#13572=CARTESIAN_POINT('',(-0.0765777129888534,-0.0095,0.013));
#13573=CARTESIAN_POINT('',(-0.0765777129888534,-0.0095,0.013));
#13574=CARTESIAN_POINT('',(-0.0765777129888534,-0.0155,0.013));
#13575=CARTESIAN_POINT('',(-0.0765777129888534,-0.0215,0.013));
#13576=CARTESIAN_POINT('',(-0.0765777129888534,-0.0215,0.013));
#13577=CARTESIAN_POINT('',(-0.0575777129888534,-0.0095,0.013));
#13578=CARTESIAN_POINT('',(-0.0575777129888534,-0.0095,0.01));
#13579=CARTESIAN_POINT('',(-0.0385777129888534,-0.0095,0.01));
#13580=CARTESIAN_POINT('',(-0.0385777129888534,-0.0095,0.013));
#13581=CARTESIAN_POINT('',(-0.0385777129888534,-0.0095,0.013));
#13582=CARTESIAN_POINT('',(-0.0575777129888534,-0.0095,0.013));
#13583=CARTESIAN_POINT('',(-0.0385777129888534,-0.0155,0.013));
#13584=CARTESIAN_POINT('',(-0.0385777129888534,-0.0155,0.01));
#13585=CARTESIAN_POINT('',(-0.0385777129888534,-0.0215,0.01));
#13586=CARTESIAN_POINT('',(-0.0385777129888534,-0.0215,0.013));
#13587=CARTESIAN_POINT('',(-0.0385777129888534,-0.0215,0.013));
#13588=CARTESIAN_POINT('',(-0.0385777129888534,-0.0155,0.013));
#13589=CARTESIAN_POINT('',(-0.109477712988853,-0.0165,0.013));
#13590=CARTESIAN_POINT('',(-0.109477712988853,-0.0165,0.01));
#13591=CARTESIAN_POINT('',(-0.109477712988853,-0.007,0.01));
#13592=CARTESIAN_POINT('',(-0.109477712988853,-0.026,0.01));
#13593=CARTESIAN_POINT('',(-0.109477712988853,-0.007,0.013));
#13594=CARTESIAN_POINT('',(-0.109477712988853,-0.007,0.013));
#13595=CARTESIAN_POINT('',(-0.109477712988853,-0.0165,0.013));
#13596=CARTESIAN_POINT('',(-0.109477712988853,-0.026,0.013));
#13597=CARTESIAN_POINT('',(-0.109477712988853,-0.026,0.013));
#13598=CARTESIAN_POINT('',(-0.0989777129888534,-0.007,0.013));
#13599=CARTESIAN_POINT('',(-0.0989777129888534,-0.007,0.01));
#13600=CARTESIAN_POINT('',(-0.0884777129888534,-0.007,0.01));
#13601=CARTESIAN_POINT('',(-0.0884777129888534,-0.007,0.013));
#13602=CARTESIAN_POINT('',(-0.0884777129888534,-0.007,0.013));
#13603=CARTESIAN_POINT('',(-0.0989777129888534,-0.007,0.013));
#13604=CARTESIAN_POINT('',(-0.0884777129888534,-0.0165,0.013));
#13605=CARTESIAN_POINT('',(-0.0884777129888534,-0.0165,0.01));
#13606=CARTESIAN_POINT('',(-0.0884777129888534,-0.026,0.01));
#13607=CARTESIAN_POINT('',(-0.0884777129888534,-0.026,0.013));
#13608=CARTESIAN_POINT('',(-0.0884777129888534,-0.026,0.013));
#13609=CARTESIAN_POINT('',(-0.0884777129888534,-0.0165,0.013));
#13610=CARTESIAN_POINT('',(-0.0708527129888535,-0.094375,0.013));
#13611=CARTESIAN_POINT('',(-0.0708527129888535,-0.094375,0.01));
#13612=CARTESIAN_POINT('',(-0.0708527129888535,-0.094375,0.013));
#13613=CARTESIAN_POINT('',(-0.0899027129888535,-0.094375,0.013));
#13614=CARTESIAN_POINT('',(-0.0899027129888535,-0.094375,0.01));
#13615=CARTESIAN_POINT('',(-0.0899027129888535,-0.094375,0.013));
#13616=CARTESIAN_POINT('',(-0.108952712988853,-0.094375,0.013));
#13617=CARTESIAN_POINT('',(-0.108952712988853,-0.094375,0.01));
#13618=CARTESIAN_POINT('',(-0.108952712988853,-0.094375,0.013));
#13619=CARTESIAN_POINT('',(-0.0518027129888534,-0.075325,0.013));
#13620=CARTESIAN_POINT('',(-0.0518027129888534,-0.075325,0.01));
#13621=CARTESIAN_POINT('',(-0.0518027129888534,-0.075325,0.013));
#13622=CARTESIAN_POINT('',(-0.0708527129888535,-0.075325,0.013));
#13623=CARTESIAN_POINT('',(-0.0708527129888535,-0.075325,0.01));
#13624=CARTESIAN_POINT('',(-0.0708527129888535,-0.075325,0.013));
#13625=CARTESIAN_POINT('',(-0.0899027129888535,-0.075325,0.013));
#13626=CARTESIAN_POINT('',(-0.0899027129888535,-0.075325,0.01));
#13627=CARTESIAN_POINT('',(-0.0899027129888535,-0.075325,0.013));
#13628=CARTESIAN_POINT('',(-0.108952712988853,-0.075325,0.013));
#13629=CARTESIAN_POINT('',(-0.108952712988853,-0.075325,0.01));
#13630=CARTESIAN_POINT('',(-0.108952712988853,-0.075325,0.013));
#13631=CARTESIAN_POINT('',(-0.0518027129888534,-0.056275,0.013));
#13632=CARTESIAN_POINT('',(-0.0518027129888534,-0.056275,0.01));
#13633=CARTESIAN_POINT('',(-0.0518027129888534,-0.056275,0.013));
#13634=CARTESIAN_POINT('',(-0.0708527129888535,-0.056275,0.013));
#13635=CARTESIAN_POINT('',(-0.0708527129888535,-0.056275,0.01));
#13636=CARTESIAN_POINT('',(-0.0708527129888535,-0.056275,0.013));
#13637=CARTESIAN_POINT('',(-0.0899027129888535,-0.056275,0.013));
#13638=CARTESIAN_POINT('',(-0.0899027129888535,-0.056275,0.01));
#13639=CARTESIAN_POINT('',(-0.0899027129888535,-0.056275,0.013));
#13640=CARTESIAN_POINT('',(-0.108952712988853,-0.056275,0.013));
#13641=CARTESIAN_POINT('',(-0.108952712988853,-0.056275,0.01));
#13642=CARTESIAN_POINT('',(-0.108952712988853,-0.056275,0.013));
#13643=CARTESIAN_POINT('',(-0.0518027129888534,-0.037225,0.013));
#13644=CARTESIAN_POINT('',(-0.0518027129888534,-0.037225,0.01));
#13645=CARTESIAN_POINT('',(-0.0518027129888534,-0.037225,0.013));
#13646=CARTESIAN_POINT('',(-0.0708527129888535,-0.037225,0.013));
#13647=CARTESIAN_POINT('',(-0.0708527129888535,-0.037225,0.01));
#13648=CARTESIAN_POINT('',(-0.0708527129888535,-0.037225,0.013));
#13649=CARTESIAN_POINT('',(-0.0899027129888535,-0.037225,0.013));
#13650=CARTESIAN_POINT('',(-0.0899027129888535,-0.037225,0.01));
#13651=CARTESIAN_POINT('',(-0.0899027129888535,-0.037225,0.013));
#13652=CARTESIAN_POINT('',(-0.108952712988853,-0.037225,0.013));
#13653=CARTESIAN_POINT('',(-0.108952712988853,-0.037225,0.01));
#13654=CARTESIAN_POINT('',(-0.108952712988853,-0.037225,0.013));
#13655=CARTESIAN_POINT('',(-0.0120777129888535,-0.05445,0.013));
#13656=CARTESIAN_POINT('',(-0.0120777129888535,-0.05445,0.01));
#13657=CARTESIAN_POINT('',(-0.0120777129888535,-0.05445,0.013));
#13658=CARTESIAN_POINT('',(-0.0575777129888534,-0.0215,0.013));
#13659=CARTESIAN_POINT('',(-0.0575777129888534,-0.0215,0.01));
#13660=CARTESIAN_POINT('',(-0.0575777129888534,-0.0215,0.013));
#13661=CARTESIAN_POINT('',(-0.0989777129888534,-0.026,0.013));
#13662=CARTESIAN_POINT('',(-0.0989777129888534,-0.026,0.01));
#13663=CARTESIAN_POINT('',(-0.0989777129888534,-0.026,0.013));
#13664=CARTESIAN_POINT('',(-0.0170777129888534,1.38777878078145E-17,0.013));
#13665=CARTESIAN_POINT('',(-0.0170777129888534,1.38777878078145E-17,0.013));
#13666=CARTESIAN_POINT('',(-0.0156277129888534,1.38777878078145E-17,0.013));
#13667=CARTESIAN_POINT('',(-0.0170777129888534,1.38777878078145E-17,0.01));
#13668=CARTESIAN_POINT('',(-0.0156277129888534,1.38777878078145E-17,0.01));
#13669=CARTESIAN_POINT('',(-0.0170777129888534,-0.1089,0.013));
#13670=CARTESIAN_POINT('',(-0.0170777129888534,-0.1089,0.013));
#13671=CARTESIAN_POINT('',(-0.0156277129888534,-0.1089,0.013));
#13672=CARTESIAN_POINT('',(-0.0170777129888534,-0.1089,0.01));
#13673=CARTESIAN_POINT('',(-0.0156277129888534,-0.1089,0.01));
#13674=CARTESIAN_POINT('',(-0.116477712988853,-0.1089,0.013));
#13675=CARTESIAN_POINT('',(-0.116477712988853,-0.1089,0.013));
#13676=CARTESIAN_POINT('',(-0.115027712988853,-0.1089,0.013));
#13677=CARTESIAN_POINT('',(-0.116477712988853,-0.1089,0.01));
#13678=CARTESIAN_POINT('',(-0.115027712988853,-0.1089,0.01));
#13679=CARTESIAN_POINT('',(-0.116477712988853,1.04083408558608E-17,0.013));
#13680=CARTESIAN_POINT('',(-0.116477712988853,1.04083408558608E-17,0.013));
#13681=CARTESIAN_POINT('',(-0.115027712988853,1.04083408558608E-17,0.013));
#13682=CARTESIAN_POINT('',(-0.116477712988853,1.04083408558608E-17,0.01));
#13683=CARTESIAN_POINT('',(-0.115027712988853,1.04083408558608E-17,0.01));
#13684=CARTESIAN_POINT('',(-0.0518027129888534,-0.094375,0.013));
#13685=CARTESIAN_POINT('',(-0.0518027129888534,-0.094375,0.01));
#13686=CARTESIAN_POINT('',(-0.0518027129888534,-0.094375,0.013));
#13687=CARTESIAN_POINT('',(-0.210477712988854,-0.0442,0.013));
#13688=CARTESIAN_POINT('',(-0.210477712988854,-0.0442,0.01));
#13689=MECHANICAL_DESIGN_GEOMETRIC_PRESENTATION_REPRESENTATION('',(#8184),
#13692);
#13690=MECHANICAL_DESIGN_GEOMETRIC_PRESENTATION_REPRESENTATION('',(#8185),
#13693);
#13691=MECHANICAL_DESIGN_GEOMETRIC_PRESENTATION_REPRESENTATION('',(#8186),
#13694);
#13692=(
GEOMETRIC_REPRESENTATION_CONTEXT(3)
GLOBAL_UNCERTAINTY_ASSIGNED_CONTEXT((#13695))
GLOBAL_UNIT_ASSIGNED_CONTEXT((#13704,#13701,#13698))
REPRESENTATION_CONTEXT('AirBC7B_PCB','TOP_LEVEL_ASSEMBLY_PART')
);
#13693=(
GEOMETRIC_REPRESENTATION_CONTEXT(3)
GLOBAL_UNCERTAINTY_ASSIGNED_CONTEXT((#13696))
GLOBAL_UNIT_ASSIGNED_CONTEXT((#13705,#13702,#13699))
REPRESENTATION_CONTEXT('Part 2','TOP_LEVEL_ASSEMBLY_PART')
);
#13694=(
GEOMETRIC_REPRESENTATION_CONTEXT(3)
GLOBAL_UNCERTAINTY_ASSIGNED_CONTEXT((#13697))
GLOBAL_UNIT_ASSIGNED_CONTEXT((#13706,#13703,#13700))
REPRESENTATION_CONTEXT('Part 3','TOP_LEVEL_ASSEMBLY_PART')
);
#13695=UNCERTAINTY_MEASURE_WITH_UNIT(LENGTH_MEASURE(1.E-8),#13704,
'DISTANCE_ACCURACY_VALUE','Maximum Tolerance applied to model');
#13696=UNCERTAINTY_MEASURE_WITH_UNIT(LENGTH_MEASURE(2.E-5),#13705,
'DISTANCE_ACCURACY_VALUE','Maximum Tolerance applied to model');
#13697=UNCERTAINTY_MEASURE_WITH_UNIT(LENGTH_MEASURE(1.E-8),#13706,
'DISTANCE_ACCURACY_VALUE','Maximum Tolerance applied to model');
#13698=(
NAMED_UNIT(*)
SI_UNIT($,.STERADIAN.)
SOLID_ANGLE_UNIT()
);
#13699=(
NAMED_UNIT(*)
SI_UNIT($,.STERADIAN.)
SOLID_ANGLE_UNIT()
);
#13700=(
NAMED_UNIT(*)
SI_UNIT($,.STERADIAN.)
SOLID_ANGLE_UNIT()
);
#13701=(
NAMED_UNIT(*)
PLANE_ANGLE_UNIT()
SI_UNIT($,.RADIAN.)
);
#13702=(
NAMED_UNIT(*)
PLANE_ANGLE_UNIT()
SI_UNIT($,.RADIAN.)
);
#13703=(
NAMED_UNIT(*)
PLANE_ANGLE_UNIT()
SI_UNIT($,.RADIAN.)
);
#13704=(
LENGTH_UNIT()
NAMED_UNIT(*)
SI_UNIT($,.METRE.)
);
#13705=(
LENGTH_UNIT()
NAMED_UNIT(*)
SI_UNIT($,.METRE.)
);
#13706=(
LENGTH_UNIT()
NAMED_UNIT(*)
SI_UNIT($,.METRE.)
);
#13707=PRODUCT_DEFINITION_SHAPE('','',#13710);
#13708=PRODUCT_DEFINITION_SHAPE('','',#13711);
#13709=PRODUCT_DEFINITION_SHAPE('','',#13712);
#13710=PRODUCT_DEFINITION('','',#13716,#13713);
#13711=PRODUCT_DEFINITION('','',#13717,#13714);
#13712=PRODUCT_DEFINITION('','',#13718,#13715);
#13713=PRODUCT_DEFINITION_CONTEXT('',#13734,'design');
#13714=PRODUCT_DEFINITION_CONTEXT('',#13735,'design');
#13715=PRODUCT_DEFINITION_CONTEXT('',#13736,'design');
#13716=PRODUCT_DEFINITION_FORMATION_WITH_SPECIFIED_SOURCE('','',#13722,
 .NOT_KNOWN.);
#13717=PRODUCT_DEFINITION_FORMATION_WITH_SPECIFIED_SOURCE('','',#13723,
 .NOT_KNOWN.);
#13718=PRODUCT_DEFINITION_FORMATION_WITH_SPECIFIED_SOURCE('','',#13724,
 .NOT_KNOWN.);
#13719=PRODUCT_RELATED_PRODUCT_CATEGORY('','',(#13722));
#13720=PRODUCT_RELATED_PRODUCT_CATEGORY('','',(#13723));
#13721=PRODUCT_RELATED_PRODUCT_CATEGORY('','',(#13724));
#13722=PRODUCT('AirBC7B_PCB','AirBC7B_PCB','AirBC7B_PCB',(#13728));
#13723=PRODUCT('Part 2','Part 2','Part 2',(#13729));
#13724=PRODUCT('Part 3','Part 3','Part 3',(#13730));
#13725=PRODUCT_CATEGORY('','');
#13726=PRODUCT_CATEGORY('','');
#13727=PRODUCT_CATEGORY('','');
#13728=PRODUCT_CONTEXT('',#13734,'mechanical');
#13729=PRODUCT_CONTEXT('',#13735,'mechanical');
#13730=PRODUCT_CONTEXT('',#13736,'mechanical');
#13731=APPLICATION_PROTOCOL_DEFINITION('international standard',
'ap242_managed_model_based_3d_engineering',2020,#13734);
#13732=APPLICATION_PROTOCOL_DEFINITION('international standard',
'ap242_managed_model_based_3d_engineering',2020,#13735);
#13733=APPLICATION_PROTOCOL_DEFINITION('international standard',
'ap242_managed_model_based_3d_engineering',2020,#13736);
#13734=APPLICATION_CONTEXT('managed model based 3d engineering');
#13735=APPLICATION_CONTEXT('managed model based 3d engineering');
#13736=APPLICATION_CONTEXT('managed model based 3d engineering');
ENDSEC;
END-ISO-10303-21;
