ISO-10303-21;
HEADER;
/* Generated by software containing ST-Developer
 * from STEP Tools, Inc. (www.steptools.com) 
 */
/* OPTION: using custom renumber hook */

FILE_DESCRIPTION(
/* description */ ('STEP AP242 Edition 2',
'CAx-IF Rec.Pracs.---Representation and Presentation of Product Manufa
cturing Information (PMI)---4.0---2014-10-13',
'CAx-IF Rec.Pracs.---3D Tessellated Geometry---0.4---2014-09-14','2;1',
'CAx-IF Rec.Pracs.---User Defined Attributes---1.5---2016-08-15'),
/* implementation_level */ '2;1');

FILE_NAME(
/* name */ 'Part Studio 2 - Part 4',
/* time_stamp */ '2026-08-30T02:54:57Z',
/* author */ (''),
/* organization */ (''),
/* preprocessor_version */ 'ST-DEVELOPER v20',
/* originating_system */ 'ONSHAPE BY PTC INC, 1.220',
/* authorisation */ '  ');

FILE_SCHEMA (('AP242_MANAGED_MODEL_BASED_3D_ENGINEERING_MIM_LF { 1 0 10303 442 3 1 4 }'));
ENDSEC;

DATA;
#10=SHAPE_REPRESENTATION_RELATIONSHIP('','',#2524,#11);
#11=ADVANCED_BREP_SHAPE_REPRESENTATION('',(#2522),#4114);
#12=B_SPLINE_SURFACE_WITH_KNOTS('',3,1,((#3710,#3711),(#3712,#3713),(#3714,
#3715),(#3716,#3717)),.SURF_OF_LINEAR_EXTRUSION.,.F.,.F.,.F.,(4,4),(2,2),
(0.,1.),(0.,1.),.PIECEWISE_BEZIER_KNOTS.);
#13=B_SPLINE_SURFACE_WITH_KNOTS('',3,1,((#3753,#3754),(#3755,#3756),(#3757,
#3758),(#3759,#3760)),.SURF_OF_LINEAR_EXTRUSION.,.F.,.F.,.F.,(4,4),(2,2),
(0.,1.),(0.,1.),.PIECEWISE_BEZIER_KNOTS.);
#14=B_SPLINE_SURFACE_WITH_KNOTS('',3,1,((#3766,#3767),(#3768,#3769),(#3770,
#3771),(#3772,#3773)),.SURF_OF_LINEAR_EXTRUSION.,.F.,.F.,.F.,(4,4),(2,2),
(0.,1.),(0.,1.),.PIECEWISE_BEZIER_KNOTS.);
#15=B_SPLINE_SURFACE_WITH_KNOTS('',3,1,((#3783,#3784),(#3785,#3786),(#3787,
#3788),(#3789,#3790)),.SURF_OF_LINEAR_EXTRUSION.,.F.,.F.,.F.,(4,4),(2,2),
(0.,1.),(0.,1.),.PIECEWISE_BEZIER_KNOTS.);
#16=B_SPLINE_SURFACE_WITH_KNOTS('',3,1,((#3795,#3796),(#3797,#3798),(#3799,
#3800),(#3801,#3802)),.SURF_OF_LINEAR_EXTRUSION.,.F.,.F.,.F.,(4,4),(2,2),
(0.,1.),(0.,1.),.PIECEWISE_BEZIER_KNOTS.);
#17=B_SPLINE_SURFACE_WITH_KNOTS('',3,1,((#3854,#3855),(#3856,#3857),(#3858,
#3859),(#3860,#3861)),.SURF_OF_LINEAR_EXTRUSION.,.F.,.F.,.F.,(4,4),(2,2),
(0.,1.),(0.,1.),.PIECEWISE_BEZIER_KNOTS.);
#18=B_SPLINE_SURFACE_WITH_KNOTS('',3,1,((#3867,#3868),(#3869,#3870),(#3871,
#3872),(#3873,#3874)),.SURF_OF_LINEAR_EXTRUSION.,.F.,.F.,.F.,(4,4),(2,2),
(0.,1.),(0.,1.),.PIECEWISE_BEZIER_KNOTS.);
#19=B_SPLINE_SURFACE_WITH_KNOTS('',3,1,((#3880,#3881),(#3882,#3883),(#3884,
#3885),(#3886,#3887)),.SURF_OF_LINEAR_EXTRUSION.,.F.,.F.,.F.,(4,4),(2,2),
(0.,1.),(0.,1.),.PIECEWISE_BEZIER_KNOTS.);
#20=B_SPLINE_SURFACE_WITH_KNOTS('',3,1,((#3892,#3893),(#3894,#3895),(#3896,
#3897),(#3898,#3899)),.SURF_OF_LINEAR_EXTRUSION.,.F.,.F.,.F.,(4,4),(2,2),
(0.,1.),(0.,1.),.PIECEWISE_BEZIER_KNOTS.);
#21=B_SPLINE_SURFACE_WITH_KNOTS('',3,1,((#3951,#3952),(#3953,#3954),(#3955,
#3956),(#3957,#3958)),.SURF_OF_LINEAR_EXTRUSION.,.F.,.F.,.F.,(4,4),(2,2),
(0.,1.),(0.,1.),.PIECEWISE_BEZIER_KNOTS.);
#22=B_SPLINE_SURFACE_WITH_KNOTS('',3,1,((#3964,#3965),(#3966,#3967),(#3968,
#3969),(#3970,#3971)),.SURF_OF_LINEAR_EXTRUSION.,.F.,.F.,.F.,(4,4),(2,2),
(0.,1.),(0.,1.),.PIECEWISE_BEZIER_KNOTS.);
#23=B_SPLINE_SURFACE_WITH_KNOTS('',3,1,((#3981,#3982),(#3983,#3984),(#3985,
#3986),(#3987,#3988)),.SURF_OF_LINEAR_EXTRUSION.,.F.,.F.,.F.,(4,4),(2,2),
(0.,1.),(0.,1.),.PIECEWISE_BEZIER_KNOTS.);
#24=B_SPLINE_SURFACE_WITH_KNOTS('',3,1,((#3994,#3995),(#3996,#3997),(#3998,
#3999),(#4000,#4001)),.SURF_OF_LINEAR_EXTRUSION.,.F.,.F.,.F.,(4,4),(2,2),
(0.,1.),(0.,1.),.PIECEWISE_BEZIER_KNOTS.);
#25=B_SPLINE_SURFACE_WITH_KNOTS('',3,1,((#4019,#4020),(#4021,#4022),(#4023,
#4024),(#4025,#4026)),.SURF_OF_LINEAR_EXTRUSION.,.F.,.F.,.F.,(4,4),(2,2),
(0.,1.),(0.,1.),.PIECEWISE_BEZIER_KNOTS.);
#26=B_SPLINE_SURFACE_WITH_KNOTS('',3,1,((#4032,#4033),(#4034,#4035),(#4036,
#4037),(#4038,#4039)),.SURF_OF_LINEAR_EXTRUSION.,.F.,.F.,.F.,(4,4),(2,2),
(0.,1.),(0.,1.),.PIECEWISE_BEZIER_KNOTS.);
#27=B_SPLINE_SURFACE_WITH_KNOTS('',3,1,((#4049,#4050),(#4051,#4052),(#4053,
#4054),(#4055,#4056)),.SURF_OF_LINEAR_EXTRUSION.,.F.,.F.,.F.,(4,4),(2,2),
(0.,1.),(0.,1.),.PIECEWISE_BEZIER_KNOTS.);
#28=B_SPLINE_SURFACE_WITH_KNOTS('',3,1,((#4062,#4063),(#4064,#4065),(#4066,
#4067),(#4068,#4069)),.SURF_OF_LINEAR_EXTRUSION.,.F.,.F.,.F.,(4,4),(2,2),
(0.,1.),(0.,1.),.PIECEWISE_BEZIER_KNOTS.);
#29=B_SPLINE_SURFACE_WITH_KNOTS('',3,1,((#4075,#4076),(#4077,#4078),(#4079,
#4080),(#4081,#4082)),.SURF_OF_LINEAR_EXTRUSION.,.F.,.F.,.F.,(4,4),(2,2),
(0.,1.),(0.,1.),.PIECEWISE_BEZIER_KNOTS.);
#30=B_SPLINE_SURFACE_WITH_KNOTS('',3,1,((#4088,#4089),(#4090,#4091),(#4092,
#4093),(#4094,#4095)),.SURF_OF_LINEAR_EXTRUSION.,.F.,.F.,.F.,(4,4),(2,2),
(0.,1.),(0.,1.),.PIECEWISE_BEZIER_KNOTS.);
#31=B_SPLINE_SURFACE_WITH_KNOTS('',3,1,((#4101,#4102),(#4103,#4104),(#4105,
#4106),(#4107,#4108)),.SURF_OF_LINEAR_EXTRUSION.,.F.,.F.,.F.,(4,4),(2,2),
(0.,1.),(0.,1.),.PIECEWISE_BEZIER_KNOTS.);
#32=CIRCLE('',#2532,0.00145);
#33=CIRCLE('',#2533,0.00145);
#34=CIRCLE('',#2535,0.00145);
#35=CIRCLE('',#2536,0.00145);
#36=CIRCLE('',#2538,0.00135);
#37=CIRCLE('',#2539,0.00135);
#38=CIRCLE('',#2541,0.00135);
#39=CIRCLE('',#2542,0.00135);
#40=CYLINDRICAL_SURFACE('',#2531,0.00145);
#41=CYLINDRICAL_SURFACE('',#2534,0.00145);
#42=CYLINDRICAL_SURFACE('',#2537,0.00135);
#43=CYLINDRICAL_SURFACE('',#2540,0.00135);
#44=LINE('',#3194,#349);
#45=LINE('',#3196,#350);
#46=LINE('',#3198,#351);
#47=LINE('',#3200,#352);
#48=LINE('',#3202,#353);
#49=LINE('',#3204,#354);
#50=LINE('',#3206,#355);
#51=LINE('',#3208,#356);
#52=LINE('',#3210,#357);
#53=LINE('',#3212,#358);
#54=LINE('',#3214,#359);
#55=LINE('',#3215,#360);
#56=LINE('',#3218,#361);
#57=LINE('',#3220,#362);
#58=LINE('',#3222,#363);
#59=LINE('',#3224,#364);
#60=LINE('',#3226,#365);
#61=LINE('',#3228,#366);
#62=LINE('',#3230,#367);
#63=LINE('',#3232,#368);
#64=LINE('',#3234,#369);
#65=LINE('',#3236,#370);
#66=LINE('',#3238,#371);
#67=LINE('',#3240,#372);
#68=LINE('',#3242,#373);
#69=LINE('',#3244,#374);
#70=LINE('',#3246,#375);
#71=LINE('',#3247,#376);
#72=LINE('',#3250,#377);
#73=LINE('',#3252,#378);
#74=LINE('',#3254,#379);
#75=LINE('',#3256,#380);
#76=LINE('',#3258,#381);
#77=LINE('',#3260,#382);
#78=LINE('',#3262,#383);
#79=LINE('',#3264,#384);
#80=LINE('',#3266,#385);
#81=LINE('',#3268,#386);
#82=LINE('',#3270,#387);
#83=LINE('',#3272,#388);
#84=LINE('',#3274,#389);
#85=LINE('',#3276,#390);
#86=LINE('',#3278,#391);
#87=LINE('',#3279,#392);
#88=LINE('',#3282,#393);
#89=LINE('',#3284,#394);
#90=LINE('',#3286,#395);
#91=LINE('',#3287,#396);
#92=LINE('',#3290,#397);
#93=LINE('',#3292,#398);
#94=LINE('',#3294,#399);
#95=LINE('',#3295,#400);
#96=LINE('',#3298,#401);
#97=LINE('',#3300,#402);
#98=LINE('',#3302,#403);
#99=LINE('',#3304,#404);
#100=LINE('',#3306,#405);
#101=LINE('',#3308,#406);
#102=LINE('',#3310,#407);
#103=LINE('',#3312,#408);
#104=LINE('',#3314,#409);
#105=LINE('',#3316,#410);
#106=LINE('',#3318,#411);
#107=LINE('',#3328,#412);
#108=LINE('',#3338,#413);
#109=LINE('',#3340,#414);
#110=LINE('',#3342,#415);
#111=LINE('',#3344,#416);
#112=LINE('',#3346,#417);
#113=LINE('',#3348,#418);
#114=LINE('',#3350,#419);
#115=LINE('',#3376,#420);
#116=LINE('',#3386,#421);
#117=LINE('',#3388,#422);
#118=LINE('',#3390,#423);
#119=LINE('',#3400,#424);
#120=LINE('',#3410,#425);
#121=LINE('',#3412,#426);
#122=LINE('',#3414,#427);
#123=LINE('',#3416,#428);
#124=LINE('',#3418,#429);
#125=LINE('',#3420,#430);
#126=LINE('',#3422,#431);
#127=LINE('',#3424,#432);
#128=LINE('',#3426,#433);
#129=LINE('',#3428,#434);
#130=LINE('',#3430,#435);
#131=LINE('',#3432,#436);
#132=LINE('',#3435,#437);
#133=LINE('',#3437,#438);
#134=LINE('',#3439,#439);
#135=LINE('',#3440,#440);
#136=LINE('',#3443,#441);
#137=LINE('',#3445,#442);
#138=LINE('',#3447,#443);
#139=LINE('',#3449,#444);
#140=LINE('',#3452,#445);
#141=LINE('',#3454,#446);
#142=LINE('',#3456,#447);
#143=LINE('',#3458,#448);
#144=LINE('',#3459,#449);
#145=LINE('',#3461,#450);
#146=LINE('',#3462,#451);
#147=LINE('',#3485,#452);
#148=LINE('',#3488,#453);
#149=LINE('',#3490,#454);
#150=LINE('',#3492,#455);
#151=LINE('',#3494,#456);
#152=LINE('',#3495,#457);
#153=LINE('',#3497,#458);
#154=LINE('',#3499,#459);
#155=LINE('',#3501,#460);
#156=LINE('',#3503,#461);
#157=LINE('',#3505,#462);
#158=LINE('',#3507,#463);
#159=LINE('',#3509,#464);
#160=LINE('',#3511,#465);
#161=LINE('',#3512,#466);
#162=LINE('',#3514,#467);
#163=LINE('',#3516,#468);
#164=LINE('',#3519,#469);
#165=LINE('',#3521,#470);
#166=LINE('',#3522,#471);
#167=LINE('',#3524,#472);
#168=LINE('',#3525,#473);
#169=LINE('',#3527,#474);
#170=LINE('',#3529,#475);
#171=LINE('',#3532,#476);
#172=LINE('',#3534,#477);
#173=LINE('',#3536,#478);
#174=LINE('',#3538,#479);
#175=LINE('',#3540,#480);
#176=LINE('',#3542,#481);
#177=LINE('',#3544,#482);
#178=LINE('',#3546,#483);
#179=LINE('',#3548,#484);
#180=LINE('',#3550,#485);
#181=LINE('',#3552,#486);
#182=LINE('',#3554,#487);
#183=LINE('',#3556,#488);
#184=LINE('',#3558,#489);
#185=LINE('',#3560,#490);
#186=LINE('',#3562,#491);
#187=LINE('',#3564,#492);
#188=LINE('',#3566,#493);
#189=LINE('',#3568,#494);
#190=LINE('',#3570,#495);
#191=LINE('',#3572,#496);
#192=LINE('',#3574,#497);
#193=LINE('',#3576,#498);
#194=LINE('',#3578,#499);
#195=LINE('',#3580,#500);
#196=LINE('',#3582,#501);
#197=LINE('',#3584,#502);
#198=LINE('',#3586,#503);
#199=LINE('',#3588,#504);
#200=LINE('',#3590,#505);
#201=LINE('',#3592,#506);
#202=LINE('',#3594,#507);
#203=LINE('',#3597,#508);
#204=LINE('',#3599,#509);
#205=LINE('',#3601,#510);
#206=LINE('',#3603,#511);
#207=LINE('',#3605,#512);
#208=LINE('',#3607,#513);
#209=LINE('',#3609,#514);
#210=LINE('',#3611,#515);
#211=LINE('',#3613,#516);
#212=LINE('',#3615,#517);
#213=LINE('',#3617,#518);
#214=LINE('',#3619,#519);
#215=LINE('',#3621,#520);
#216=LINE('',#3623,#521);
#217=LINE('',#3625,#522);
#218=LINE('',#3627,#523);
#219=LINE('',#3629,#524);
#220=LINE('',#3631,#525);
#221=LINE('',#3633,#526);
#222=LINE('',#3635,#527);
#223=LINE('',#3637,#528);
#224=LINE('',#3639,#529);
#225=LINE('',#3641,#530);
#226=LINE('',#3643,#531);
#227=LINE('',#3646,#532);
#228=LINE('',#3648,#533);
#229=LINE('',#3650,#534);
#230=LINE('',#3652,#535);
#231=LINE('',#3654,#536);
#232=LINE('',#3656,#537);
#233=LINE('',#3658,#538);
#234=LINE('',#3660,#539);
#235=LINE('',#3662,#540);
#236=LINE('',#3664,#541);
#237=LINE('',#3666,#542);
#238=LINE('',#3668,#543);
#239=LINE('',#3670,#544);
#240=LINE('',#3672,#545);
#241=LINE('',#3674,#546);
#242=LINE('',#3676,#547);
#243=LINE('',#3678,#548);
#244=LINE('',#3680,#549);
#245=LINE('',#3682,#550);
#246=LINE('',#3684,#551);
#247=LINE('',#3686,#552);
#248=LINE('',#3688,#553);
#249=LINE('',#3690,#554);
#250=LINE('',#3692,#555);
#251=LINE('',#3694,#556);
#252=LINE('',#3696,#557);
#253=LINE('',#3698,#558);
#254=LINE('',#3700,#559);
#255=LINE('',#3702,#560);
#256=LINE('',#3704,#561);
#257=LINE('',#3706,#562);
#258=LINE('',#3708,#563);
#259=LINE('',#3718,#564);
#260=LINE('',#3724,#565);
#261=LINE('',#3726,#566);
#262=LINE('',#3728,#567);
#263=LINE('',#3730,#568);
#264=LINE('',#3732,#569);
#265=LINE('',#3734,#570);
#266=LINE('',#3736,#571);
#267=LINE('',#3738,#572);
#268=LINE('',#3740,#573);
#269=LINE('',#3742,#574);
#270=LINE('',#3744,#575);
#271=LINE('',#3746,#576);
#272=LINE('',#3748,#577);
#273=LINE('',#3750,#578);
#274=LINE('',#3752,#579);
#275=LINE('',#3761,#580);
#276=LINE('',#3774,#581);
#277=LINE('',#3780,#582);
#278=LINE('',#3782,#583);
#279=LINE('',#3803,#584);
#280=LINE('',#3809,#585);
#281=LINE('',#3811,#586);
#282=LINE('',#3813,#587);
#283=LINE('',#3815,#588);
#284=LINE('',#3817,#589);
#285=LINE('',#3819,#590);
#286=LINE('',#3821,#591);
#287=LINE('',#3823,#592);
#288=LINE('',#3825,#593);
#289=LINE('',#3827,#594);
#290=LINE('',#3829,#595);
#291=LINE('',#3831,#596);
#292=LINE('',#3833,#597);
#293=LINE('',#3835,#598);
#294=LINE('',#3837,#599);
#295=LINE('',#3839,#600);
#296=LINE('',#3841,#601);
#297=LINE('',#3843,#602);
#298=LINE('',#3845,#603);
#299=LINE('',#3847,#604);
#300=LINE('',#3849,#605);
#301=LINE('',#3851,#606);
#302=LINE('',#3853,#607);
#303=LINE('',#3862,#608);
#304=LINE('',#3875,#609);
#305=LINE('',#3900,#610);
#306=LINE('',#3906,#611);
#307=LINE('',#3908,#612);
#308=LINE('',#3910,#613);
#309=LINE('',#3912,#614);
#310=LINE('',#3914,#615);
#311=LINE('',#3916,#616);
#312=LINE('',#3918,#617);
#313=LINE('',#3920,#618);
#314=LINE('',#3922,#619);
#315=LINE('',#3924,#620);
#316=LINE('',#3926,#621);
#317=LINE('',#3928,#622);
#318=LINE('',#3930,#623);
#319=LINE('',#3932,#624);
#320=LINE('',#3934,#625);
#321=LINE('',#3936,#626);
#322=LINE('',#3938,#627);
#323=LINE('',#3940,#628);
#324=LINE('',#3942,#629);
#325=LINE('',#3944,#630);
#326=LINE('',#3946,#631);
#327=LINE('',#3948,#632);
#328=LINE('',#3950,#633);
#329=LINE('',#3959,#634);
#330=LINE('',#3972,#635);
#331=LINE('',#3978,#636);
#332=LINE('',#3980,#637);
#333=LINE('',#3989,#638);
#334=LINE('',#4002,#639);
#335=LINE('',#4008,#640);
#336=LINE('',#4010,#641);
#337=LINE('',#4012,#642);
#338=LINE('',#4014,#643);
#339=LINE('',#4016,#644);
#340=LINE('',#4018,#645);
#341=LINE('',#4027,#646);
#342=LINE('',#4040,#647);
#343=LINE('',#4046,#648);
#344=LINE('',#4048,#649);
#345=LINE('',#4057,#650);
#346=LINE('',#4070,#651);
#347=LINE('',#4083,#652);
#348=LINE('',#4096,#653);
#349=VECTOR('',#2644,1.);
#350=VECTOR('',#2645,1.);
#351=VECTOR('',#2646,1.);
#352=VECTOR('',#2647,1.);
#353=VECTOR('',#2648,1.);
#354=VECTOR('',#2649,1.);
#355=VECTOR('',#2650,1.);
#356=VECTOR('',#2651,1.);
#357=VECTOR('',#2652,1.);
#358=VECTOR('',#2653,1.);
#359=VECTOR('',#2654,1.);
#360=VECTOR('',#2655,1.);
#361=VECTOR('',#2656,1.);
#362=VECTOR('',#2657,1.);
#363=VECTOR('',#2658,1.);
#364=VECTOR('',#2659,1.);
#365=VECTOR('',#2660,1.);
#366=VECTOR('',#2661,1.);
#367=VECTOR('',#2662,1.);
#368=VECTOR('',#2663,1.);
#369=VECTOR('',#2664,1.);
#370=VECTOR('',#2665,1.);
#371=VECTOR('',#2666,1.);
#372=VECTOR('',#2667,1.);
#373=VECTOR('',#2668,1.);
#374=VECTOR('',#2669,1.);
#375=VECTOR('',#2670,1.);
#376=VECTOR('',#2671,1.);
#377=VECTOR('',#2672,1.);
#378=VECTOR('',#2673,1.);
#379=VECTOR('',#2674,1.);
#380=VECTOR('',#2675,1.);
#381=VECTOR('',#2676,1.);
#382=VECTOR('',#2677,1.);
#383=VECTOR('',#2678,1.);
#384=VECTOR('',#2679,1.);
#385=VECTOR('',#2680,1.);
#386=VECTOR('',#2681,1.);
#387=VECTOR('',#2682,1.);
#388=VECTOR('',#2683,1.);
#389=VECTOR('',#2684,1.);
#390=VECTOR('',#2685,1.);
#391=VECTOR('',#2686,1.);
#392=VECTOR('',#2687,1.);
#393=VECTOR('',#2688,1.);
#394=VECTOR('',#2689,1.);
#395=VECTOR('',#2690,1.);
#396=VECTOR('',#2691,1.);
#397=VECTOR('',#2692,1.);
#398=VECTOR('',#2693,1.);
#399=VECTOR('',#2694,1.);
#400=VECTOR('',#2695,1.);
#401=VECTOR('',#2696,1.);
#402=VECTOR('',#2697,1.);
#403=VECTOR('',#2698,1.);
#404=VECTOR('',#2699,1.);
#405=VECTOR('',#2700,1.);
#406=VECTOR('',#2701,1.);
#407=VECTOR('',#2702,1.);
#408=VECTOR('',#2703,1.);
#409=VECTOR('',#2704,1.);
#410=VECTOR('',#2705,1.);
#411=VECTOR('',#2706,1.);
#412=VECTOR('',#2707,1.);
#413=VECTOR('',#2708,1.);
#414=VECTOR('',#2709,1.);
#415=VECTOR('',#2710,1.);
#416=VECTOR('',#2711,1.);
#417=VECTOR('',#2712,1.);
#418=VECTOR('',#2713,1.);
#419=VECTOR('',#2714,1.);
#420=VECTOR('',#2715,1.);
#421=VECTOR('',#2716,1.);
#422=VECTOR('',#2717,1.);
#423=VECTOR('',#2718,1.);
#424=VECTOR('',#2719,1.);
#425=VECTOR('',#2720,1.);
#426=VECTOR('',#2721,1.);
#427=VECTOR('',#2722,1.);
#428=VECTOR('',#2723,1.);
#429=VECTOR('',#2724,1.);
#430=VECTOR('',#2725,1.);
#431=VECTOR('',#2726,1.);
#432=VECTOR('',#2727,1.);
#433=VECTOR('',#2728,1.);
#434=VECTOR('',#2729,1.);
#435=VECTOR('',#2730,1.);
#436=VECTOR('',#2733,1.);
#437=VECTOR('',#2734,1.);
#438=VECTOR('',#2735,1.);
#439=VECTOR('',#2736,1.);
#440=VECTOR('',#2737,1.);
#441=VECTOR('',#2738,1.);
#442=VECTOR('',#2739,1.);
#443=VECTOR('',#2740,1.);
#444=VECTOR('',#2743,1.);
#445=VECTOR('',#2744,1.);
#446=VECTOR('',#2745,1.);
#447=VECTOR('',#2746,1.);
#448=VECTOR('',#2749,1.);
#449=VECTOR('',#2750,1.);
#450=VECTOR('',#2753,1.);
#451=VECTOR('',#2754,1.);
#452=VECTOR('',#2783,1.);
#453=VECTOR('',#2784,1.);
#454=VECTOR('',#2785,1.);
#455=VECTOR('',#2786,1.);
#456=VECTOR('',#2787,1.);
#457=VECTOR('',#2788,1.);
#458=VECTOR('',#2789,1.);
#459=VECTOR('',#2792,1.);
#460=VECTOR('',#2793,1.);
#461=VECTOR('',#2794,1.);
#462=VECTOR('',#2797,1.);
#463=VECTOR('',#2798,1.);
#464=VECTOR('',#2799,1.);
#465=VECTOR('',#2800,1.);
#466=VECTOR('',#2801,1.);
#467=VECTOR('',#2802,1.);
#468=VECTOR('',#2805,1.);
#469=VECTOR('',#2810,1.);
#470=VECTOR('',#2813,1.);
#471=VECTOR('',#2814,1.);
#472=VECTOR('',#2817,1.);
#473=VECTOR('',#2818,1.);
#474=VECTOR('',#2821,1.);
#475=VECTOR('',#2824,1.);
#476=VECTOR('',#2829,1.);
#477=VECTOR('',#2830,1.);
#478=VECTOR('',#2831,1.);
#479=VECTOR('',#2834,1.);
#480=VECTOR('',#2835,1.);
#481=VECTOR('',#2838,1.);
#482=VECTOR('',#2839,1.);
#483=VECTOR('',#2842,1.);
#484=VECTOR('',#2843,1.);
#485=VECTOR('',#2846,1.);
#486=VECTOR('',#2847,1.);
#487=VECTOR('',#2850,1.);
#488=VECTOR('',#2851,1.);
#489=VECTOR('',#2854,1.);
#490=VECTOR('',#2855,1.);
#491=VECTOR('',#2858,1.);
#492=VECTOR('',#2859,1.);
#493=VECTOR('',#2862,1.);
#494=VECTOR('',#2863,1.);
#495=VECTOR('',#2866,1.);
#496=VECTOR('',#2867,1.);
#497=VECTOR('',#2870,1.);
#498=VECTOR('',#2871,1.);
#499=VECTOR('',#2874,1.);
#500=VECTOR('',#2875,1.);
#501=VECTOR('',#2878,1.);
#502=VECTOR('',#2879,1.);
#503=VECTOR('',#2882,1.);
#504=VECTOR('',#2883,1.);
#505=VECTOR('',#2886,1.);
#506=VECTOR('',#2887,1.);
#507=VECTOR('',#2890,1.);
#508=VECTOR('',#2895,1.);
#509=VECTOR('',#2896,1.);
#510=VECTOR('',#2897,1.);
#511=VECTOR('',#2900,1.);
#512=VECTOR('',#2901,1.);
#513=VECTOR('',#2904,1.);
#514=VECTOR('',#2905,1.);
#515=VECTOR('',#2908,1.);
#516=VECTOR('',#2909,1.);
#517=VECTOR('',#2912,1.);
#518=VECTOR('',#2913,1.);
#519=VECTOR('',#2916,1.);
#520=VECTOR('',#2917,1.);
#521=VECTOR('',#2920,1.);
#522=VECTOR('',#2921,1.);
#523=VECTOR('',#2924,1.);
#524=VECTOR('',#2925,1.);
#525=VECTOR('',#2928,1.);
#526=VECTOR('',#2929,1.);
#527=VECTOR('',#2932,1.);
#528=VECTOR('',#2933,1.);
#529=VECTOR('',#2936,1.);
#530=VECTOR('',#2937,1.);
#531=VECTOR('',#2940,1.);
#532=VECTOR('',#2945,1.);
#533=VECTOR('',#2946,1.);
#534=VECTOR('',#2947,1.);
#535=VECTOR('',#2950,1.);
#536=VECTOR('',#2951,1.);
#537=VECTOR('',#2954,1.);
#538=VECTOR('',#2955,1.);
#539=VECTOR('',#2958,1.);
#540=VECTOR('',#2959,1.);
#541=VECTOR('',#2962,1.);
#542=VECTOR('',#2963,1.);
#543=VECTOR('',#2966,1.);
#544=VECTOR('',#2967,1.);
#545=VECTOR('',#2970,1.);
#546=VECTOR('',#2971,1.);
#547=VECTOR('',#2974,1.);
#548=VECTOR('',#2975,1.);
#549=VECTOR('',#2978,1.);
#550=VECTOR('',#2979,1.);
#551=VECTOR('',#2982,1.);
#552=VECTOR('',#2983,1.);
#553=VECTOR('',#2986,1.);
#554=VECTOR('',#2987,1.);
#555=VECTOR('',#2990,1.);
#556=VECTOR('',#2991,1.);
#557=VECTOR('',#2994,1.);
#558=VECTOR('',#2995,1.);
#559=VECTOR('',#2998,1.);
#560=VECTOR('',#2999,1.);
#561=VECTOR('',#3002,1.);
#562=VECTOR('',#3003,1.);
#563=VECTOR('',#3006,1.);
#564=VECTOR('',#3009,1.);
#565=VECTOR('',#3010,1.);
#566=VECTOR('',#3013,1.);
#567=VECTOR('',#3014,1.);
#568=VECTOR('',#3017,1.);
#569=VECTOR('',#3018,1.);
#570=VECTOR('',#3021,1.);
#571=VECTOR('',#3022,1.);
#572=VECTOR('',#3025,1.);
#573=VECTOR('',#3026,1.);
#574=VECTOR('',#3029,1.);
#575=VECTOR('',#3030,1.);
#576=VECTOR('',#3033,1.);
#577=VECTOR('',#3034,1.);
#578=VECTOR('',#3037,1.);
#579=VECTOR('',#3038,1.);
#580=VECTOR('',#3039,1.);
#581=VECTOR('',#3040,1.);
#582=VECTOR('',#3043,1.);
#583=VECTOR('',#3044,1.);
#584=VECTOR('',#3047,1.);
#585=VECTOR('',#3048,1.);
#586=VECTOR('',#3051,1.);
#587=VECTOR('',#3052,1.);
#588=VECTOR('',#3055,1.);
#589=VECTOR('',#3056,1.);
#590=VECTOR('',#3059,1.);
#591=VECTOR('',#3060,1.);
#592=VECTOR('',#3063,1.);
#593=VECTOR('',#3064,1.);
#594=VECTOR('',#3067,1.);
#595=VECTOR('',#3068,1.);
#596=VECTOR('',#3071,1.);
#597=VECTOR('',#3072,1.);
#598=VECTOR('',#3075,1.);
#599=VECTOR('',#3076,1.);
#600=VECTOR('',#3079,1.);
#601=VECTOR('',#3080,1.);
#602=VECTOR('',#3083,1.);
#603=VECTOR('',#3084,1.);
#604=VECTOR('',#3087,1.);
#605=VECTOR('',#3088,1.);
#606=VECTOR('',#3091,1.);
#607=VECTOR('',#3092,1.);
#608=VECTOR('',#3093,1.);
#609=VECTOR('',#3094,1.);
#610=VECTOR('',#3097,1.);
#611=VECTOR('',#3098,1.);
#612=VECTOR('',#3101,1.);
#613=VECTOR('',#3102,1.);
#614=VECTOR('',#3105,1.);
#615=VECTOR('',#3106,1.);
#616=VECTOR('',#3109,1.);
#617=VECTOR('',#3110,1.);
#618=VECTOR('',#3113,1.);
#619=VECTOR('',#3114,1.);
#620=VECTOR('',#3117,1.);
#621=VECTOR('',#3118,1.);
#622=VECTOR('',#3121,1.);
#623=VECTOR('',#3122,1.);
#624=VECTOR('',#3125,1.);
#625=VECTOR('',#3126,1.);
#626=VECTOR('',#3129,1.);
#627=VECTOR('',#3130,1.);
#628=VECTOR('',#3133,1.);
#629=VECTOR('',#3134,1.);
#630=VECTOR('',#3137,1.);
#631=VECTOR('',#3138,1.);
#632=VECTOR('',#3141,1.);
#633=VECTOR('',#3142,1.);
#634=VECTOR('',#3143,1.);
#635=VECTOR('',#3144,1.);
#636=VECTOR('',#3147,1.);
#637=VECTOR('',#3148,1.);
#638=VECTOR('',#3149,1.);
#639=VECTOR('',#3150,1.);
#640=VECTOR('',#3153,1.);
#641=VECTOR('',#3154,1.);
#642=VECTOR('',#3157,1.);
#643=VECTOR('',#3158,1.);
#644=VECTOR('',#3161,1.);
#645=VECTOR('',#3162,1.);
#646=VECTOR('',#3163,1.);
#647=VECTOR('',#3164,1.);
#648=VECTOR('',#3167,1.);
#649=VECTOR('',#3168,1.);
#650=VECTOR('',#3169,1.);
#651=VECTOR('',#3170,1.);
#652=VECTOR('',#3171,1.);
#653=VECTOR('',#3172,1.);
#654=ORIENTED_EDGE('',*,*,#1360,.T.);
#655=ORIENTED_EDGE('',*,*,#1361,.T.);
#656=ORIENTED_EDGE('',*,*,#1362,.T.);
#657=ORIENTED_EDGE('',*,*,#1363,.T.);
#658=ORIENTED_EDGE('',*,*,#1364,.T.);
#659=ORIENTED_EDGE('',*,*,#1365,.T.);
#660=ORIENTED_EDGE('',*,*,#1366,.T.);
#661=ORIENTED_EDGE('',*,*,#1367,.T.);
#662=ORIENTED_EDGE('',*,*,#1368,.T.);
#663=ORIENTED_EDGE('',*,*,#1369,.T.);
#664=ORIENTED_EDGE('',*,*,#1370,.T.);
#665=ORIENTED_EDGE('',*,*,#1371,.T.);
#666=ORIENTED_EDGE('',*,*,#1372,.T.);
#667=ORIENTED_EDGE('',*,*,#1373,.T.);
#668=ORIENTED_EDGE('',*,*,#1374,.T.);
#669=ORIENTED_EDGE('',*,*,#1375,.T.);
#670=ORIENTED_EDGE('',*,*,#1376,.T.);
#671=ORIENTED_EDGE('',*,*,#1377,.T.);
#672=ORIENTED_EDGE('',*,*,#1378,.T.);
#673=ORIENTED_EDGE('',*,*,#1379,.T.);
#674=ORIENTED_EDGE('',*,*,#1380,.T.);
#675=ORIENTED_EDGE('',*,*,#1381,.T.);
#676=ORIENTED_EDGE('',*,*,#1382,.T.);
#677=ORIENTED_EDGE('',*,*,#1383,.T.);
#678=ORIENTED_EDGE('',*,*,#1384,.T.);
#679=ORIENTED_EDGE('',*,*,#1385,.T.);
#680=ORIENTED_EDGE('',*,*,#1386,.T.);
#681=ORIENTED_EDGE('',*,*,#1387,.T.);
#682=ORIENTED_EDGE('',*,*,#1388,.T.);
#683=ORIENTED_EDGE('',*,*,#1389,.T.);
#684=ORIENTED_EDGE('',*,*,#1390,.T.);
#685=ORIENTED_EDGE('',*,*,#1391,.T.);
#686=ORIENTED_EDGE('',*,*,#1392,.T.);
#687=ORIENTED_EDGE('',*,*,#1393,.T.);
#688=ORIENTED_EDGE('',*,*,#1394,.T.);
#689=ORIENTED_EDGE('',*,*,#1395,.T.);
#690=ORIENTED_EDGE('',*,*,#1396,.T.);
#691=ORIENTED_EDGE('',*,*,#1397,.T.);
#692=ORIENTED_EDGE('',*,*,#1398,.T.);
#693=ORIENTED_EDGE('',*,*,#1399,.T.);
#694=ORIENTED_EDGE('',*,*,#1400,.T.);
#695=ORIENTED_EDGE('',*,*,#1401,.T.);
#696=ORIENTED_EDGE('',*,*,#1402,.T.);
#697=ORIENTED_EDGE('',*,*,#1403,.T.);
#698=ORIENTED_EDGE('',*,*,#1404,.T.);
#699=ORIENTED_EDGE('',*,*,#1405,.T.);
#700=ORIENTED_EDGE('',*,*,#1406,.T.);
#701=ORIENTED_EDGE('',*,*,#1407,.T.);
#702=ORIENTED_EDGE('',*,*,#1408,.F.);
#703=ORIENTED_EDGE('',*,*,#1409,.F.);
#704=ORIENTED_EDGE('',*,*,#1410,.T.);
#705=ORIENTED_EDGE('',*,*,#1411,.T.);
#706=ORIENTED_EDGE('',*,*,#1412,.T.);
#707=ORIENTED_EDGE('',*,*,#1413,.F.);
#708=ORIENTED_EDGE('',*,*,#1414,.F.);
#709=ORIENTED_EDGE('',*,*,#1415,.T.);
#710=ORIENTED_EDGE('',*,*,#1416,.T.);
#711=ORIENTED_EDGE('',*,*,#1417,.T.);
#712=ORIENTED_EDGE('',*,*,#1418,.T.);
#713=ORIENTED_EDGE('',*,*,#1419,.T.);
#714=ORIENTED_EDGE('',*,*,#1420,.T.);
#715=ORIENTED_EDGE('',*,*,#1421,.T.);
#716=ORIENTED_EDGE('',*,*,#1422,.T.);
#717=ORIENTED_EDGE('',*,*,#1423,.T.);
#718=ORIENTED_EDGE('',*,*,#1424,.T.);
#719=ORIENTED_EDGE('',*,*,#1425,.T.);
#720=ORIENTED_EDGE('',*,*,#1426,.T.);
#721=ORIENTED_EDGE('',*,*,#1427,.T.);
#722=ORIENTED_EDGE('',*,*,#1428,.T.);
#723=ORIENTED_EDGE('',*,*,#1429,.T.);
#724=ORIENTED_EDGE('',*,*,#1430,.T.);
#725=ORIENTED_EDGE('',*,*,#1431,.T.);
#726=ORIENTED_EDGE('',*,*,#1432,.T.);
#727=ORIENTED_EDGE('',*,*,#1433,.T.);
#728=ORIENTED_EDGE('',*,*,#1434,.T.);
#729=ORIENTED_EDGE('',*,*,#1435,.T.);
#730=ORIENTED_EDGE('',*,*,#1436,.T.);
#731=ORIENTED_EDGE('',*,*,#1437,.T.);
#732=ORIENTED_EDGE('',*,*,#1438,.T.);
#733=ORIENTED_EDGE('',*,*,#1439,.T.);
#734=ORIENTED_EDGE('',*,*,#1440,.T.);
#735=ORIENTED_EDGE('',*,*,#1441,.T.);
#736=ORIENTED_EDGE('',*,*,#1442,.T.);
#737=ORIENTED_EDGE('',*,*,#1443,.T.);
#738=ORIENTED_EDGE('',*,*,#1444,.T.);
#739=ORIENTED_EDGE('',*,*,#1445,.T.);
#740=ORIENTED_EDGE('',*,*,#1446,.T.);
#741=ORIENTED_EDGE('',*,*,#1447,.T.);
#742=ORIENTED_EDGE('',*,*,#1448,.T.);
#743=ORIENTED_EDGE('',*,*,#1449,.T.);
#744=ORIENTED_EDGE('',*,*,#1450,.T.);
#745=ORIENTED_EDGE('',*,*,#1451,.T.);
#746=ORIENTED_EDGE('',*,*,#1452,.T.);
#747=ORIENTED_EDGE('',*,*,#1453,.T.);
#748=ORIENTED_EDGE('',*,*,#1454,.T.);
#749=ORIENTED_EDGE('',*,*,#1455,.T.);
#750=ORIENTED_EDGE('',*,*,#1456,.T.);
#751=ORIENTED_EDGE('',*,*,#1457,.T.);
#752=ORIENTED_EDGE('',*,*,#1458,.T.);
#753=ORIENTED_EDGE('',*,*,#1459,.T.);
#754=ORIENTED_EDGE('',*,*,#1460,.T.);
#755=ORIENTED_EDGE('',*,*,#1461,.T.);
#756=ORIENTED_EDGE('',*,*,#1462,.T.);
#757=ORIENTED_EDGE('',*,*,#1463,.T.);
#758=ORIENTED_EDGE('',*,*,#1464,.T.);
#759=ORIENTED_EDGE('',*,*,#1465,.T.);
#760=ORIENTED_EDGE('',*,*,#1466,.T.);
#761=ORIENTED_EDGE('',*,*,#1467,.F.);
#762=ORIENTED_EDGE('',*,*,#1468,.F.);
#763=ORIENTED_EDGE('',*,*,#1469,.T.);
#764=ORIENTED_EDGE('',*,*,#1470,.T.);
#765=ORIENTED_EDGE('',*,*,#1471,.T.);
#766=ORIENTED_EDGE('',*,*,#1472,.T.);
#767=ORIENTED_EDGE('',*,*,#1473,.F.);
#768=ORIENTED_EDGE('',*,*,#1474,.F.);
#769=ORIENTED_EDGE('',*,*,#1475,.F.);
#770=ORIENTED_EDGE('',*,*,#1476,.T.);
#771=ORIENTED_EDGE('',*,*,#1477,.T.);
#772=ORIENTED_EDGE('',*,*,#1478,.T.);
#773=ORIENTED_EDGE('',*,*,#1479,.F.);
#774=ORIENTED_EDGE('',*,*,#1410,.F.);
#775=ORIENTED_EDGE('',*,*,#1480,.T.);
#776=ORIENTED_EDGE('',*,*,#1468,.T.);
#777=ORIENTED_EDGE('',*,*,#1481,.T.);
#778=ORIENTED_EDGE('',*,*,#1470,.F.);
#779=ORIENTED_EDGE('',*,*,#1482,.F.);
#780=ORIENTED_EDGE('',*,*,#1408,.T.);
#781=ORIENTED_EDGE('',*,*,#1483,.F.);
#782=ORIENTED_EDGE('',*,*,#1484,.T.);
#783=ORIENTED_EDGE('',*,*,#1485,.F.);
#784=ORIENTED_EDGE('',*,*,#1486,.T.);
#785=ORIENTED_EDGE('',*,*,#1487,.F.);
#786=ORIENTED_EDGE('',*,*,#1488,.T.);
#787=ORIENTED_EDGE('',*,*,#1489,.F.);
#788=ORIENTED_EDGE('',*,*,#1490,.T.);
#789=ORIENTED_EDGE('',*,*,#1489,.T.);
#790=ORIENTED_EDGE('',*,*,#1487,.T.);
#791=ORIENTED_EDGE('',*,*,#1485,.T.);
#792=ORIENTED_EDGE('',*,*,#1483,.T.);
#793=ORIENTED_EDGE('',*,*,#1479,.T.);
#794=ORIENTED_EDGE('',*,*,#1467,.T.);
#795=ORIENTED_EDGE('',*,*,#1481,.F.);
#796=ORIENTED_EDGE('',*,*,#1407,.F.);
#797=ORIENTED_EDGE('',*,*,#1491,.F.);
#798=ORIENTED_EDGE('',*,*,#1492,.F.);
#799=ORIENTED_EDGE('',*,*,#1493,.F.);
#800=ORIENTED_EDGE('',*,*,#1494,.T.);
#801=ORIENTED_EDGE('',*,*,#1495,.T.);
#802=ORIENTED_EDGE('',*,*,#1477,.F.);
#803=ORIENTED_EDGE('',*,*,#1496,.T.);
#804=ORIENTED_EDGE('',*,*,#1497,.T.);
#805=ORIENTED_EDGE('',*,*,#1498,.T.);
#806=ORIENTED_EDGE('',*,*,#1499,.F.);
#807=ORIENTED_EDGE('',*,*,#1500,.F.);
#808=ORIENTED_EDGE('',*,*,#1493,.T.);
#809=ORIENTED_EDGE('',*,*,#1501,.T.);
#810=ORIENTED_EDGE('',*,*,#1502,.T.);
#811=ORIENTED_EDGE('',*,*,#1503,.F.);
#812=ORIENTED_EDGE('',*,*,#1504,.F.);
#813=ORIENTED_EDGE('',*,*,#1475,.T.);
#814=ORIENTED_EDGE('',*,*,#1505,.F.);
#815=ORIENTED_EDGE('',*,*,#1506,.F.);
#816=ORIENTED_EDGE('',*,*,#1499,.T.);
#817=ORIENTED_EDGE('',*,*,#1478,.F.);
#818=ORIENTED_EDGE('',*,*,#1495,.F.);
#819=ORIENTED_EDGE('',*,*,#1507,.T.);
#820=ORIENTED_EDGE('',*,*,#1505,.T.);
#821=ORIENTED_EDGE('',*,*,#1494,.F.);
#822=ORIENTED_EDGE('',*,*,#1500,.T.);
#823=ORIENTED_EDGE('',*,*,#1506,.T.);
#824=ORIENTED_EDGE('',*,*,#1507,.F.);
#825=ORIENTED_EDGE('',*,*,#1490,.F.);
#826=ORIENTED_EDGE('',*,*,#1488,.F.);
#827=ORIENTED_EDGE('',*,*,#1486,.F.);
#828=ORIENTED_EDGE('',*,*,#1484,.F.);
#829=ORIENTED_EDGE('',*,*,#1480,.F.);
#830=ORIENTED_EDGE('',*,*,#1409,.T.);
#831=ORIENTED_EDGE('',*,*,#1482,.T.);
#832=ORIENTED_EDGE('',*,*,#1469,.F.);
#833=ORIENTED_EDGE('',*,*,#1508,.F.);
#834=ORIENTED_EDGE('',*,*,#1501,.F.);
#835=ORIENTED_EDGE('',*,*,#1498,.F.);
#836=ORIENTED_EDGE('',*,*,#1492,.T.);
#837=ORIENTED_EDGE('',*,*,#1509,.T.);
#838=ORIENTED_EDGE('',*,*,#1503,.T.);
#839=ORIENTED_EDGE('',*,*,#1510,.F.);
#840=ORIENTED_EDGE('',*,*,#1472,.F.);
#841=ORIENTED_EDGE('',*,*,#1511,.T.);
#842=ORIENTED_EDGE('',*,*,#1411,.F.);
#843=ORIENTED_EDGE('',*,*,#1512,.F.);
#844=ORIENTED_EDGE('',*,*,#1497,.F.);
#845=ORIENTED_EDGE('',*,*,#1473,.T.);
#846=ORIENTED_EDGE('',*,*,#1510,.T.);
#847=ORIENTED_EDGE('',*,*,#1502,.F.);
#848=ORIENTED_EDGE('',*,*,#1508,.T.);
#849=ORIENTED_EDGE('',*,*,#1491,.T.);
#850=ORIENTED_EDGE('',*,*,#1512,.T.);
#851=ORIENTED_EDGE('',*,*,#1414,.T.);
#852=ORIENTED_EDGE('',*,*,#1513,.F.);
#853=ORIENTED_EDGE('',*,*,#1474,.T.);
#854=ORIENTED_EDGE('',*,*,#1513,.T.);
#855=ORIENTED_EDGE('',*,*,#1413,.T.);
#856=ORIENTED_EDGE('',*,*,#1514,.F.);
#857=ORIENTED_EDGE('',*,*,#1514,.T.);
#858=ORIENTED_EDGE('',*,*,#1412,.F.);
#859=ORIENTED_EDGE('',*,*,#1511,.F.);
#860=ORIENTED_EDGE('',*,*,#1496,.F.);
#861=ORIENTED_EDGE('',*,*,#1476,.F.);
#862=ORIENTED_EDGE('',*,*,#1504,.T.);
#863=ORIENTED_EDGE('',*,*,#1509,.F.);
#864=ORIENTED_EDGE('',*,*,#1471,.F.);
#865=ORIENTED_EDGE('',*,*,#1391,.F.);
#866=ORIENTED_EDGE('',*,*,#1515,.F.);
#867=ORIENTED_EDGE('',*,*,#1516,.T.);
#868=ORIENTED_EDGE('',*,*,#1517,.T.);
#869=ORIENTED_EDGE('',*,*,#1406,.F.);
#870=ORIENTED_EDGE('',*,*,#1518,.F.);
#871=ORIENTED_EDGE('',*,*,#1519,.T.);
#872=ORIENTED_EDGE('',*,*,#1515,.T.);
#873=ORIENTED_EDGE('',*,*,#1405,.F.);
#874=ORIENTED_EDGE('',*,*,#1520,.F.);
#875=ORIENTED_EDGE('',*,*,#1521,.T.);
#876=ORIENTED_EDGE('',*,*,#1518,.T.);
#877=ORIENTED_EDGE('',*,*,#1404,.F.);
#878=ORIENTED_EDGE('',*,*,#1522,.F.);
#879=ORIENTED_EDGE('',*,*,#1523,.T.);
#880=ORIENTED_EDGE('',*,*,#1520,.T.);
#881=ORIENTED_EDGE('',*,*,#1403,.F.);
#882=ORIENTED_EDGE('',*,*,#1524,.F.);
#883=ORIENTED_EDGE('',*,*,#1525,.T.);
#884=ORIENTED_EDGE('',*,*,#1522,.T.);
#885=ORIENTED_EDGE('',*,*,#1402,.F.);
#886=ORIENTED_EDGE('',*,*,#1526,.F.);
#887=ORIENTED_EDGE('',*,*,#1527,.T.);
#888=ORIENTED_EDGE('',*,*,#1524,.T.);
#889=ORIENTED_EDGE('',*,*,#1401,.F.);
#890=ORIENTED_EDGE('',*,*,#1528,.F.);
#891=ORIENTED_EDGE('',*,*,#1529,.T.);
#892=ORIENTED_EDGE('',*,*,#1526,.T.);
#893=ORIENTED_EDGE('',*,*,#1400,.F.);
#894=ORIENTED_EDGE('',*,*,#1530,.F.);
#895=ORIENTED_EDGE('',*,*,#1531,.T.);
#896=ORIENTED_EDGE('',*,*,#1528,.T.);
#897=ORIENTED_EDGE('',*,*,#1399,.F.);
#898=ORIENTED_EDGE('',*,*,#1532,.F.);
#899=ORIENTED_EDGE('',*,*,#1533,.T.);
#900=ORIENTED_EDGE('',*,*,#1530,.T.);
#901=ORIENTED_EDGE('',*,*,#1398,.F.);
#902=ORIENTED_EDGE('',*,*,#1534,.F.);
#903=ORIENTED_EDGE('',*,*,#1535,.T.);
#904=ORIENTED_EDGE('',*,*,#1532,.T.);
#905=ORIENTED_EDGE('',*,*,#1397,.F.);
#906=ORIENTED_EDGE('',*,*,#1536,.F.);
#907=ORIENTED_EDGE('',*,*,#1537,.T.);
#908=ORIENTED_EDGE('',*,*,#1534,.T.);
#909=ORIENTED_EDGE('',*,*,#1396,.F.);
#910=ORIENTED_EDGE('',*,*,#1538,.F.);
#911=ORIENTED_EDGE('',*,*,#1539,.T.);
#912=ORIENTED_EDGE('',*,*,#1536,.T.);
#913=ORIENTED_EDGE('',*,*,#1395,.F.);
#914=ORIENTED_EDGE('',*,*,#1540,.F.);
#915=ORIENTED_EDGE('',*,*,#1541,.T.);
#916=ORIENTED_EDGE('',*,*,#1538,.T.);
#917=ORIENTED_EDGE('',*,*,#1394,.F.);
#918=ORIENTED_EDGE('',*,*,#1542,.F.);
#919=ORIENTED_EDGE('',*,*,#1543,.T.);
#920=ORIENTED_EDGE('',*,*,#1540,.T.);
#921=ORIENTED_EDGE('',*,*,#1393,.F.);
#922=ORIENTED_EDGE('',*,*,#1544,.F.);
#923=ORIENTED_EDGE('',*,*,#1545,.T.);
#924=ORIENTED_EDGE('',*,*,#1542,.T.);
#925=ORIENTED_EDGE('',*,*,#1392,.F.);
#926=ORIENTED_EDGE('',*,*,#1517,.F.);
#927=ORIENTED_EDGE('',*,*,#1546,.T.);
#928=ORIENTED_EDGE('',*,*,#1544,.T.);
#929=ORIENTED_EDGE('',*,*,#1516,.F.);
#930=ORIENTED_EDGE('',*,*,#1519,.F.);
#931=ORIENTED_EDGE('',*,*,#1521,.F.);
#932=ORIENTED_EDGE('',*,*,#1523,.F.);
#933=ORIENTED_EDGE('',*,*,#1525,.F.);
#934=ORIENTED_EDGE('',*,*,#1527,.F.);
#935=ORIENTED_EDGE('',*,*,#1529,.F.);
#936=ORIENTED_EDGE('',*,*,#1531,.F.);
#937=ORIENTED_EDGE('',*,*,#1533,.F.);
#938=ORIENTED_EDGE('',*,*,#1535,.F.);
#939=ORIENTED_EDGE('',*,*,#1537,.F.);
#940=ORIENTED_EDGE('',*,*,#1539,.F.);
#941=ORIENTED_EDGE('',*,*,#1541,.F.);
#942=ORIENTED_EDGE('',*,*,#1543,.F.);
#943=ORIENTED_EDGE('',*,*,#1545,.F.);
#944=ORIENTED_EDGE('',*,*,#1546,.F.);
#945=ORIENTED_EDGE('',*,*,#1415,.F.);
#946=ORIENTED_EDGE('',*,*,#1547,.F.);
#947=ORIENTED_EDGE('',*,*,#1548,.T.);
#948=ORIENTED_EDGE('',*,*,#1549,.T.);
#949=ORIENTED_EDGE('',*,*,#1426,.F.);
#950=ORIENTED_EDGE('',*,*,#1550,.F.);
#951=ORIENTED_EDGE('',*,*,#1551,.T.);
#952=ORIENTED_EDGE('',*,*,#1547,.T.);
#953=ORIENTED_EDGE('',*,*,#1425,.F.);
#954=ORIENTED_EDGE('',*,*,#1552,.F.);
#955=ORIENTED_EDGE('',*,*,#1553,.T.);
#956=ORIENTED_EDGE('',*,*,#1550,.T.);
#957=ORIENTED_EDGE('',*,*,#1424,.F.);
#958=ORIENTED_EDGE('',*,*,#1554,.F.);
#959=ORIENTED_EDGE('',*,*,#1555,.T.);
#960=ORIENTED_EDGE('',*,*,#1552,.T.);
#961=ORIENTED_EDGE('',*,*,#1423,.F.);
#962=ORIENTED_EDGE('',*,*,#1556,.F.);
#963=ORIENTED_EDGE('',*,*,#1557,.T.);
#964=ORIENTED_EDGE('',*,*,#1554,.T.);
#965=ORIENTED_EDGE('',*,*,#1422,.F.);
#966=ORIENTED_EDGE('',*,*,#1558,.F.);
#967=ORIENTED_EDGE('',*,*,#1559,.T.);
#968=ORIENTED_EDGE('',*,*,#1556,.T.);
#969=ORIENTED_EDGE('',*,*,#1421,.F.);
#970=ORIENTED_EDGE('',*,*,#1560,.F.);
#971=ORIENTED_EDGE('',*,*,#1561,.T.);
#972=ORIENTED_EDGE('',*,*,#1558,.T.);
#973=ORIENTED_EDGE('',*,*,#1420,.F.);
#974=ORIENTED_EDGE('',*,*,#1562,.F.);
#975=ORIENTED_EDGE('',*,*,#1563,.T.);
#976=ORIENTED_EDGE('',*,*,#1560,.T.);
#977=ORIENTED_EDGE('',*,*,#1419,.F.);
#978=ORIENTED_EDGE('',*,*,#1564,.F.);
#979=ORIENTED_EDGE('',*,*,#1565,.T.);
#980=ORIENTED_EDGE('',*,*,#1562,.T.);
#981=ORIENTED_EDGE('',*,*,#1418,.F.);
#982=ORIENTED_EDGE('',*,*,#1566,.F.);
#983=ORIENTED_EDGE('',*,*,#1567,.T.);
#984=ORIENTED_EDGE('',*,*,#1564,.T.);
#985=ORIENTED_EDGE('',*,*,#1417,.F.);
#986=ORIENTED_EDGE('',*,*,#1568,.F.);
#987=ORIENTED_EDGE('',*,*,#1569,.T.);
#988=ORIENTED_EDGE('',*,*,#1566,.T.);
#989=ORIENTED_EDGE('',*,*,#1416,.F.);
#990=ORIENTED_EDGE('',*,*,#1549,.F.);
#991=ORIENTED_EDGE('',*,*,#1570,.T.);
#992=ORIENTED_EDGE('',*,*,#1568,.T.);
#993=ORIENTED_EDGE('',*,*,#1548,.F.);
#994=ORIENTED_EDGE('',*,*,#1551,.F.);
#995=ORIENTED_EDGE('',*,*,#1553,.F.);
#996=ORIENTED_EDGE('',*,*,#1555,.F.);
#997=ORIENTED_EDGE('',*,*,#1557,.F.);
#998=ORIENTED_EDGE('',*,*,#1559,.F.);
#999=ORIENTED_EDGE('',*,*,#1561,.F.);
#1000=ORIENTED_EDGE('',*,*,#1563,.F.);
#1001=ORIENTED_EDGE('',*,*,#1565,.F.);
#1002=ORIENTED_EDGE('',*,*,#1567,.F.);
#1003=ORIENTED_EDGE('',*,*,#1569,.F.);
#1004=ORIENTED_EDGE('',*,*,#1570,.F.);
#1005=ORIENTED_EDGE('',*,*,#1375,.F.);
#1006=ORIENTED_EDGE('',*,*,#1571,.F.);
#1007=ORIENTED_EDGE('',*,*,#1572,.T.);
#1008=ORIENTED_EDGE('',*,*,#1573,.T.);
#1009=ORIENTED_EDGE('',*,*,#1390,.F.);
#1010=ORIENTED_EDGE('',*,*,#1574,.F.);
#1011=ORIENTED_EDGE('',*,*,#1575,.T.);
#1012=ORIENTED_EDGE('',*,*,#1571,.T.);
#1013=ORIENTED_EDGE('',*,*,#1389,.F.);
#1014=ORIENTED_EDGE('',*,*,#1576,.F.);
#1015=ORIENTED_EDGE('',*,*,#1577,.T.);
#1016=ORIENTED_EDGE('',*,*,#1574,.T.);
#1017=ORIENTED_EDGE('',*,*,#1388,.F.);
#1018=ORIENTED_EDGE('',*,*,#1578,.F.);
#1019=ORIENTED_EDGE('',*,*,#1579,.T.);
#1020=ORIENTED_EDGE('',*,*,#1576,.T.);
#1021=ORIENTED_EDGE('',*,*,#1387,.F.);
#1022=ORIENTED_EDGE('',*,*,#1580,.F.);
#1023=ORIENTED_EDGE('',*,*,#1581,.T.);
#1024=ORIENTED_EDGE('',*,*,#1578,.T.);
#1025=ORIENTED_EDGE('',*,*,#1386,.F.);
#1026=ORIENTED_EDGE('',*,*,#1582,.F.);
#1027=ORIENTED_EDGE('',*,*,#1583,.T.);
#1028=ORIENTED_EDGE('',*,*,#1580,.T.);
#1029=ORIENTED_EDGE('',*,*,#1385,.F.);
#1030=ORIENTED_EDGE('',*,*,#1584,.F.);
#1031=ORIENTED_EDGE('',*,*,#1585,.T.);
#1032=ORIENTED_EDGE('',*,*,#1582,.T.);
#1033=ORIENTED_EDGE('',*,*,#1384,.F.);
#1034=ORIENTED_EDGE('',*,*,#1586,.F.);
#1035=ORIENTED_EDGE('',*,*,#1587,.T.);
#1036=ORIENTED_EDGE('',*,*,#1584,.T.);
#1037=ORIENTED_EDGE('',*,*,#1383,.F.);
#1038=ORIENTED_EDGE('',*,*,#1588,.F.);
#1039=ORIENTED_EDGE('',*,*,#1589,.T.);
#1040=ORIENTED_EDGE('',*,*,#1586,.T.);
#1041=ORIENTED_EDGE('',*,*,#1382,.F.);
#1042=ORIENTED_EDGE('',*,*,#1590,.F.);
#1043=ORIENTED_EDGE('',*,*,#1591,.T.);
#1044=ORIENTED_EDGE('',*,*,#1588,.T.);
#1045=ORIENTED_EDGE('',*,*,#1381,.F.);
#1046=ORIENTED_EDGE('',*,*,#1592,.F.);
#1047=ORIENTED_EDGE('',*,*,#1593,.T.);
#1048=ORIENTED_EDGE('',*,*,#1590,.T.);
#1049=ORIENTED_EDGE('',*,*,#1380,.F.);
#1050=ORIENTED_EDGE('',*,*,#1594,.F.);
#1051=ORIENTED_EDGE('',*,*,#1595,.T.);
#1052=ORIENTED_EDGE('',*,*,#1592,.T.);
#1053=ORIENTED_EDGE('',*,*,#1379,.F.);
#1054=ORIENTED_EDGE('',*,*,#1596,.F.);
#1055=ORIENTED_EDGE('',*,*,#1597,.T.);
#1056=ORIENTED_EDGE('',*,*,#1594,.T.);
#1057=ORIENTED_EDGE('',*,*,#1378,.F.);
#1058=ORIENTED_EDGE('',*,*,#1598,.F.);
#1059=ORIENTED_EDGE('',*,*,#1599,.T.);
#1060=ORIENTED_EDGE('',*,*,#1596,.T.);
#1061=ORIENTED_EDGE('',*,*,#1377,.F.);
#1062=ORIENTED_EDGE('',*,*,#1600,.F.);
#1063=ORIENTED_EDGE('',*,*,#1601,.T.);
#1064=ORIENTED_EDGE('',*,*,#1598,.T.);
#1065=ORIENTED_EDGE('',*,*,#1376,.F.);
#1066=ORIENTED_EDGE('',*,*,#1573,.F.);
#1067=ORIENTED_EDGE('',*,*,#1602,.T.);
#1068=ORIENTED_EDGE('',*,*,#1600,.T.);
#1069=ORIENTED_EDGE('',*,*,#1572,.F.);
#1070=ORIENTED_EDGE('',*,*,#1575,.F.);
#1071=ORIENTED_EDGE('',*,*,#1577,.F.);
#1072=ORIENTED_EDGE('',*,*,#1579,.F.);
#1073=ORIENTED_EDGE('',*,*,#1581,.F.);
#1074=ORIENTED_EDGE('',*,*,#1583,.F.);
#1075=ORIENTED_EDGE('',*,*,#1585,.F.);
#1076=ORIENTED_EDGE('',*,*,#1587,.F.);
#1077=ORIENTED_EDGE('',*,*,#1589,.F.);
#1078=ORIENTED_EDGE('',*,*,#1591,.F.);
#1079=ORIENTED_EDGE('',*,*,#1593,.F.);
#1080=ORIENTED_EDGE('',*,*,#1595,.F.);
#1081=ORIENTED_EDGE('',*,*,#1597,.F.);
#1082=ORIENTED_EDGE('',*,*,#1599,.F.);
#1083=ORIENTED_EDGE('',*,*,#1601,.F.);
#1084=ORIENTED_EDGE('',*,*,#1602,.F.);
#1085=ORIENTED_EDGE('',*,*,#1427,.F.);
#1086=ORIENTED_EDGE('',*,*,#1603,.F.);
#1087=ORIENTED_EDGE('',*,*,#1604,.T.);
#1088=ORIENTED_EDGE('',*,*,#1605,.T.);
#1089=ORIENTED_EDGE('',*,*,#1438,.F.);
#1090=ORIENTED_EDGE('',*,*,#1606,.F.);
#1091=ORIENTED_EDGE('',*,*,#1607,.T.);
#1092=ORIENTED_EDGE('',*,*,#1603,.T.);
#1093=ORIENTED_EDGE('',*,*,#1437,.F.);
#1094=ORIENTED_EDGE('',*,*,#1608,.F.);
#1095=ORIENTED_EDGE('',*,*,#1609,.T.);
#1096=ORIENTED_EDGE('',*,*,#1606,.T.);
#1097=ORIENTED_EDGE('',*,*,#1436,.F.);
#1098=ORIENTED_EDGE('',*,*,#1610,.F.);
#1099=ORIENTED_EDGE('',*,*,#1611,.T.);
#1100=ORIENTED_EDGE('',*,*,#1608,.T.);
#1101=ORIENTED_EDGE('',*,*,#1435,.F.);
#1102=ORIENTED_EDGE('',*,*,#1612,.F.);
#1103=ORIENTED_EDGE('',*,*,#1613,.T.);
#1104=ORIENTED_EDGE('',*,*,#1610,.T.);
#1105=ORIENTED_EDGE('',*,*,#1434,.F.);
#1106=ORIENTED_EDGE('',*,*,#1614,.F.);
#1107=ORIENTED_EDGE('',*,*,#1615,.T.);
#1108=ORIENTED_EDGE('',*,*,#1612,.T.);
#1109=ORIENTED_EDGE('',*,*,#1433,.F.);
#1110=ORIENTED_EDGE('',*,*,#1616,.F.);
#1111=ORIENTED_EDGE('',*,*,#1617,.T.);
#1112=ORIENTED_EDGE('',*,*,#1614,.T.);
#1113=ORIENTED_EDGE('',*,*,#1432,.F.);
#1114=ORIENTED_EDGE('',*,*,#1618,.F.);
#1115=ORIENTED_EDGE('',*,*,#1619,.T.);
#1116=ORIENTED_EDGE('',*,*,#1616,.T.);
#1117=ORIENTED_EDGE('',*,*,#1431,.F.);
#1118=ORIENTED_EDGE('',*,*,#1620,.F.);
#1119=ORIENTED_EDGE('',*,*,#1621,.T.);
#1120=ORIENTED_EDGE('',*,*,#1618,.T.);
#1121=ORIENTED_EDGE('',*,*,#1430,.F.);
#1122=ORIENTED_EDGE('',*,*,#1622,.F.);
#1123=ORIENTED_EDGE('',*,*,#1623,.T.);
#1124=ORIENTED_EDGE('',*,*,#1620,.T.);
#1125=ORIENTED_EDGE('',*,*,#1429,.F.);
#1126=ORIENTED_EDGE('',*,*,#1624,.F.);
#1127=ORIENTED_EDGE('',*,*,#1625,.T.);
#1128=ORIENTED_EDGE('',*,*,#1622,.T.);
#1129=ORIENTED_EDGE('',*,*,#1428,.F.);
#1130=ORIENTED_EDGE('',*,*,#1605,.F.);
#1131=ORIENTED_EDGE('',*,*,#1626,.T.);
#1132=ORIENTED_EDGE('',*,*,#1624,.T.);
#1133=ORIENTED_EDGE('',*,*,#1604,.F.);
#1134=ORIENTED_EDGE('',*,*,#1607,.F.);
#1135=ORIENTED_EDGE('',*,*,#1609,.F.);
#1136=ORIENTED_EDGE('',*,*,#1611,.F.);
#1137=ORIENTED_EDGE('',*,*,#1613,.F.);
#1138=ORIENTED_EDGE('',*,*,#1615,.F.);
#1139=ORIENTED_EDGE('',*,*,#1617,.F.);
#1140=ORIENTED_EDGE('',*,*,#1619,.F.);
#1141=ORIENTED_EDGE('',*,*,#1621,.F.);
#1142=ORIENTED_EDGE('',*,*,#1623,.F.);
#1143=ORIENTED_EDGE('',*,*,#1625,.F.);
#1144=ORIENTED_EDGE('',*,*,#1626,.F.);
#1145=ORIENTED_EDGE('',*,*,#1360,.F.);
#1146=ORIENTED_EDGE('',*,*,#1627,.F.);
#1147=ORIENTED_EDGE('',*,*,#1628,.T.);
#1148=ORIENTED_EDGE('',*,*,#1629,.T.);
#1149=ORIENTED_EDGE('',*,*,#1374,.F.);
#1150=ORIENTED_EDGE('',*,*,#1630,.F.);
#1151=ORIENTED_EDGE('',*,*,#1631,.T.);
#1152=ORIENTED_EDGE('',*,*,#1627,.T.);
#1153=ORIENTED_EDGE('',*,*,#1373,.F.);
#1154=ORIENTED_EDGE('',*,*,#1632,.F.);
#1155=ORIENTED_EDGE('',*,*,#1633,.T.);
#1156=ORIENTED_EDGE('',*,*,#1630,.T.);
#1157=ORIENTED_EDGE('',*,*,#1372,.F.);
#1158=ORIENTED_EDGE('',*,*,#1634,.F.);
#1159=ORIENTED_EDGE('',*,*,#1635,.T.);
#1160=ORIENTED_EDGE('',*,*,#1632,.T.);
#1161=ORIENTED_EDGE('',*,*,#1371,.F.);
#1162=ORIENTED_EDGE('',*,*,#1636,.F.);
#1163=ORIENTED_EDGE('',*,*,#1637,.T.);
#1164=ORIENTED_EDGE('',*,*,#1634,.T.);
#1165=ORIENTED_EDGE('',*,*,#1370,.F.);
#1166=ORIENTED_EDGE('',*,*,#1638,.F.);
#1167=ORIENTED_EDGE('',*,*,#1639,.T.);
#1168=ORIENTED_EDGE('',*,*,#1636,.T.);
#1169=ORIENTED_EDGE('',*,*,#1369,.F.);
#1170=ORIENTED_EDGE('',*,*,#1640,.F.);
#1171=ORIENTED_EDGE('',*,*,#1641,.T.);
#1172=ORIENTED_EDGE('',*,*,#1638,.T.);
#1173=ORIENTED_EDGE('',*,*,#1368,.F.);
#1174=ORIENTED_EDGE('',*,*,#1642,.F.);
#1175=ORIENTED_EDGE('',*,*,#1643,.T.);
#1176=ORIENTED_EDGE('',*,*,#1640,.T.);
#1177=ORIENTED_EDGE('',*,*,#1367,.F.);
#1178=ORIENTED_EDGE('',*,*,#1644,.F.);
#1179=ORIENTED_EDGE('',*,*,#1645,.T.);
#1180=ORIENTED_EDGE('',*,*,#1642,.T.);
#1181=ORIENTED_EDGE('',*,*,#1366,.F.);
#1182=ORIENTED_EDGE('',*,*,#1646,.F.);
#1183=ORIENTED_EDGE('',*,*,#1647,.T.);
#1184=ORIENTED_EDGE('',*,*,#1644,.T.);
#1185=ORIENTED_EDGE('',*,*,#1365,.F.);
#1186=ORIENTED_EDGE('',*,*,#1648,.F.);
#1187=ORIENTED_EDGE('',*,*,#1649,.T.);
#1188=ORIENTED_EDGE('',*,*,#1646,.T.);
#1189=ORIENTED_EDGE('',*,*,#1364,.F.);
#1190=ORIENTED_EDGE('',*,*,#1650,.F.);
#1191=ORIENTED_EDGE('',*,*,#1651,.T.);
#1192=ORIENTED_EDGE('',*,*,#1648,.T.);
#1193=ORIENTED_EDGE('',*,*,#1363,.F.);
#1194=ORIENTED_EDGE('',*,*,#1652,.F.);
#1195=ORIENTED_EDGE('',*,*,#1653,.T.);
#1196=ORIENTED_EDGE('',*,*,#1650,.T.);
#1197=ORIENTED_EDGE('',*,*,#1362,.F.);
#1198=ORIENTED_EDGE('',*,*,#1654,.F.);
#1199=ORIENTED_EDGE('',*,*,#1655,.T.);
#1200=ORIENTED_EDGE('',*,*,#1652,.T.);
#1201=ORIENTED_EDGE('',*,*,#1361,.F.);
#1202=ORIENTED_EDGE('',*,*,#1629,.F.);
#1203=ORIENTED_EDGE('',*,*,#1656,.T.);
#1204=ORIENTED_EDGE('',*,*,#1654,.T.);
#1205=ORIENTED_EDGE('',*,*,#1628,.F.);
#1206=ORIENTED_EDGE('',*,*,#1631,.F.);
#1207=ORIENTED_EDGE('',*,*,#1633,.F.);
#1208=ORIENTED_EDGE('',*,*,#1635,.F.);
#1209=ORIENTED_EDGE('',*,*,#1637,.F.);
#1210=ORIENTED_EDGE('',*,*,#1639,.F.);
#1211=ORIENTED_EDGE('',*,*,#1641,.F.);
#1212=ORIENTED_EDGE('',*,*,#1643,.F.);
#1213=ORIENTED_EDGE('',*,*,#1645,.F.);
#1214=ORIENTED_EDGE('',*,*,#1647,.F.);
#1215=ORIENTED_EDGE('',*,*,#1649,.F.);
#1216=ORIENTED_EDGE('',*,*,#1651,.F.);
#1217=ORIENTED_EDGE('',*,*,#1653,.F.);
#1218=ORIENTED_EDGE('',*,*,#1655,.F.);
#1219=ORIENTED_EDGE('',*,*,#1656,.F.);
#1220=ORIENTED_EDGE('',*,*,#1439,.F.);
#1221=ORIENTED_EDGE('',*,*,#1657,.F.);
#1222=ORIENTED_EDGE('',*,*,#1658,.T.);
#1223=ORIENTED_EDGE('',*,*,#1659,.T.);
#1224=ORIENTED_EDGE('',*,*,#1466,.F.);
#1225=ORIENTED_EDGE('',*,*,#1660,.F.);
#1226=ORIENTED_EDGE('',*,*,#1661,.T.);
#1227=ORIENTED_EDGE('',*,*,#1657,.T.);
#1228=ORIENTED_EDGE('',*,*,#1465,.F.);
#1229=ORIENTED_EDGE('',*,*,#1662,.F.);
#1230=ORIENTED_EDGE('',*,*,#1663,.T.);
#1231=ORIENTED_EDGE('',*,*,#1660,.T.);
#1232=ORIENTED_EDGE('',*,*,#1464,.F.);
#1233=ORIENTED_EDGE('',*,*,#1664,.F.);
#1234=ORIENTED_EDGE('',*,*,#1665,.T.);
#1235=ORIENTED_EDGE('',*,*,#1662,.T.);
#1236=ORIENTED_EDGE('',*,*,#1463,.F.);
#1237=ORIENTED_EDGE('',*,*,#1666,.F.);
#1238=ORIENTED_EDGE('',*,*,#1667,.T.);
#1239=ORIENTED_EDGE('',*,*,#1664,.T.);
#1240=ORIENTED_EDGE('',*,*,#1462,.F.);
#1241=ORIENTED_EDGE('',*,*,#1668,.F.);
#1242=ORIENTED_EDGE('',*,*,#1669,.T.);
#1243=ORIENTED_EDGE('',*,*,#1666,.T.);
#1244=ORIENTED_EDGE('',*,*,#1461,.F.);
#1245=ORIENTED_EDGE('',*,*,#1670,.F.);
#1246=ORIENTED_EDGE('',*,*,#1671,.T.);
#1247=ORIENTED_EDGE('',*,*,#1668,.T.);
#1248=ORIENTED_EDGE('',*,*,#1460,.F.);
#1249=ORIENTED_EDGE('',*,*,#1672,.F.);
#1250=ORIENTED_EDGE('',*,*,#1673,.T.);
#1251=ORIENTED_EDGE('',*,*,#1670,.T.);
#1252=ORIENTED_EDGE('',*,*,#1459,.F.);
#1253=ORIENTED_EDGE('',*,*,#1674,.F.);
#1254=ORIENTED_EDGE('',*,*,#1675,.T.);
#1255=ORIENTED_EDGE('',*,*,#1672,.T.);
#1256=ORIENTED_EDGE('',*,*,#1458,.F.);
#1257=ORIENTED_EDGE('',*,*,#1676,.F.);
#1258=ORIENTED_EDGE('',*,*,#1677,.T.);
#1259=ORIENTED_EDGE('',*,*,#1674,.T.);
#1260=ORIENTED_EDGE('',*,*,#1457,.F.);
#1261=ORIENTED_EDGE('',*,*,#1678,.F.);
#1262=ORIENTED_EDGE('',*,*,#1679,.T.);
#1263=ORIENTED_EDGE('',*,*,#1676,.T.);
#1264=ORIENTED_EDGE('',*,*,#1456,.F.);
#1265=ORIENTED_EDGE('',*,*,#1680,.F.);
#1266=ORIENTED_EDGE('',*,*,#1681,.T.);
#1267=ORIENTED_EDGE('',*,*,#1678,.T.);
#1268=ORIENTED_EDGE('',*,*,#1455,.F.);
#1269=ORIENTED_EDGE('',*,*,#1682,.F.);
#1270=ORIENTED_EDGE('',*,*,#1683,.T.);
#1271=ORIENTED_EDGE('',*,*,#1680,.T.);
#1272=ORIENTED_EDGE('',*,*,#1454,.F.);
#1273=ORIENTED_EDGE('',*,*,#1684,.F.);
#1274=ORIENTED_EDGE('',*,*,#1685,.T.);
#1275=ORIENTED_EDGE('',*,*,#1682,.T.);
#1276=ORIENTED_EDGE('',*,*,#1453,.F.);
#1277=ORIENTED_EDGE('',*,*,#1686,.F.);
#1278=ORIENTED_EDGE('',*,*,#1687,.T.);
#1279=ORIENTED_EDGE('',*,*,#1684,.T.);
#1280=ORIENTED_EDGE('',*,*,#1452,.F.);
#1281=ORIENTED_EDGE('',*,*,#1688,.F.);
#1282=ORIENTED_EDGE('',*,*,#1689,.T.);
#1283=ORIENTED_EDGE('',*,*,#1686,.T.);
#1284=ORIENTED_EDGE('',*,*,#1451,.F.);
#1285=ORIENTED_EDGE('',*,*,#1690,.F.);
#1286=ORIENTED_EDGE('',*,*,#1691,.T.);
#1287=ORIENTED_EDGE('',*,*,#1688,.T.);
#1288=ORIENTED_EDGE('',*,*,#1450,.F.);
#1289=ORIENTED_EDGE('',*,*,#1692,.F.);
#1290=ORIENTED_EDGE('',*,*,#1693,.T.);
#1291=ORIENTED_EDGE('',*,*,#1690,.T.);
#1292=ORIENTED_EDGE('',*,*,#1449,.F.);
#1293=ORIENTED_EDGE('',*,*,#1694,.F.);
#1294=ORIENTED_EDGE('',*,*,#1695,.T.);
#1295=ORIENTED_EDGE('',*,*,#1692,.T.);
#1296=ORIENTED_EDGE('',*,*,#1448,.F.);
#1297=ORIENTED_EDGE('',*,*,#1696,.F.);
#1298=ORIENTED_EDGE('',*,*,#1697,.T.);
#1299=ORIENTED_EDGE('',*,*,#1694,.T.);
#1300=ORIENTED_EDGE('',*,*,#1447,.F.);
#1301=ORIENTED_EDGE('',*,*,#1698,.F.);
#1302=ORIENTED_EDGE('',*,*,#1699,.T.);
#1303=ORIENTED_EDGE('',*,*,#1696,.T.);
#1304=ORIENTED_EDGE('',*,*,#1446,.F.);
#1305=ORIENTED_EDGE('',*,*,#1700,.F.);
#1306=ORIENTED_EDGE('',*,*,#1701,.T.);
#1307=ORIENTED_EDGE('',*,*,#1698,.T.);
#1308=ORIENTED_EDGE('',*,*,#1445,.F.);
#1309=ORIENTED_EDGE('',*,*,#1702,.F.);
#1310=ORIENTED_EDGE('',*,*,#1703,.T.);
#1311=ORIENTED_EDGE('',*,*,#1700,.T.);
#1312=ORIENTED_EDGE('',*,*,#1444,.F.);
#1313=ORIENTED_EDGE('',*,*,#1704,.F.);
#1314=ORIENTED_EDGE('',*,*,#1705,.T.);
#1315=ORIENTED_EDGE('',*,*,#1702,.T.);
#1316=ORIENTED_EDGE('',*,*,#1443,.F.);
#1317=ORIENTED_EDGE('',*,*,#1706,.F.);
#1318=ORIENTED_EDGE('',*,*,#1707,.T.);
#1319=ORIENTED_EDGE('',*,*,#1704,.T.);
#1320=ORIENTED_EDGE('',*,*,#1442,.F.);
#1321=ORIENTED_EDGE('',*,*,#1708,.F.);
#1322=ORIENTED_EDGE('',*,*,#1709,.T.);
#1323=ORIENTED_EDGE('',*,*,#1706,.T.);
#1324=ORIENTED_EDGE('',*,*,#1441,.F.);
#1325=ORIENTED_EDGE('',*,*,#1710,.F.);
#1326=ORIENTED_EDGE('',*,*,#1711,.T.);
#1327=ORIENTED_EDGE('',*,*,#1708,.T.);
#1328=ORIENTED_EDGE('',*,*,#1440,.F.);
#1329=ORIENTED_EDGE('',*,*,#1659,.F.);
#1330=ORIENTED_EDGE('',*,*,#1712,.T.);
#1331=ORIENTED_EDGE('',*,*,#1710,.T.);
#1332=ORIENTED_EDGE('',*,*,#1658,.F.);
#1333=ORIENTED_EDGE('',*,*,#1661,.F.);
#1334=ORIENTED_EDGE('',*,*,#1663,.F.);
#1335=ORIENTED_EDGE('',*,*,#1665,.F.);
#1336=ORIENTED_EDGE('',*,*,#1667,.F.);
#1337=ORIENTED_EDGE('',*,*,#1669,.F.);
#1338=ORIENTED_EDGE('',*,*,#1671,.F.);
#1339=ORIENTED_EDGE('',*,*,#1673,.F.);
#1340=ORIENTED_EDGE('',*,*,#1675,.F.);
#1341=ORIENTED_EDGE('',*,*,#1677,.F.);
#1342=ORIENTED_EDGE('',*,*,#1679,.F.);
#1343=ORIENTED_EDGE('',*,*,#1681,.F.);
#1344=ORIENTED_EDGE('',*,*,#1683,.F.);
#1345=ORIENTED_EDGE('',*,*,#1685,.F.);
#1346=ORIENTED_EDGE('',*,*,#1687,.F.);
#1347=ORIENTED_EDGE('',*,*,#1689,.F.);
#1348=ORIENTED_EDGE('',*,*,#1691,.F.);
#1349=ORIENTED_EDGE('',*,*,#1693,.F.);
#1350=ORIENTED_EDGE('',*,*,#1695,.F.);
#1351=ORIENTED_EDGE('',*,*,#1697,.F.);
#1352=ORIENTED_EDGE('',*,*,#1699,.F.);
#1353=ORIENTED_EDGE('',*,*,#1701,.F.);
#1354=ORIENTED_EDGE('',*,*,#1703,.F.);
#1355=ORIENTED_EDGE('',*,*,#1705,.F.);
#1356=ORIENTED_EDGE('',*,*,#1707,.F.);
#1357=ORIENTED_EDGE('',*,*,#1709,.F.);
#1358=ORIENTED_EDGE('',*,*,#1711,.F.);
#1359=ORIENTED_EDGE('',*,*,#1712,.F.);
#1360=EDGE_CURVE('',#1713,#1714,#1951,.T.);
#1361=EDGE_CURVE('',#1714,#1715,#1952,.T.);
#1362=EDGE_CURVE('',#1715,#1716,#1953,.T.);
#1363=EDGE_CURVE('',#1716,#1717,#1954,.T.);
#1364=EDGE_CURVE('',#1717,#1718,#44,.T.);
#1365=EDGE_CURVE('',#1718,#1719,#45,.T.);
#1366=EDGE_CURVE('',#1719,#1720,#46,.T.);
#1367=EDGE_CURVE('',#1720,#1721,#47,.T.);
#1368=EDGE_CURVE('',#1721,#1722,#48,.T.);
#1369=EDGE_CURVE('',#1722,#1723,#49,.T.);
#1370=EDGE_CURVE('',#1723,#1724,#50,.T.);
#1371=EDGE_CURVE('',#1724,#1725,#51,.T.);
#1372=EDGE_CURVE('',#1725,#1726,#52,.T.);
#1373=EDGE_CURVE('',#1726,#1727,#53,.T.);
#1374=EDGE_CURVE('',#1727,#1713,#54,.T.);
#1375=EDGE_CURVE('',#1728,#1729,#55,.T.);
#1376=EDGE_CURVE('',#1729,#1730,#56,.T.);
#1377=EDGE_CURVE('',#1730,#1731,#57,.T.);
#1378=EDGE_CURVE('',#1731,#1732,#58,.T.);
#1379=EDGE_CURVE('',#1732,#1733,#59,.T.);
#1380=EDGE_CURVE('',#1733,#1734,#60,.T.);
#1381=EDGE_CURVE('',#1734,#1735,#61,.T.);
#1382=EDGE_CURVE('',#1735,#1736,#62,.T.);
#1383=EDGE_CURVE('',#1736,#1737,#63,.T.);
#1384=EDGE_CURVE('',#1737,#1738,#64,.T.);
#1385=EDGE_CURVE('',#1738,#1739,#65,.T.);
#1386=EDGE_CURVE('',#1739,#1740,#66,.T.);
#1387=EDGE_CURVE('',#1740,#1741,#67,.T.);
#1388=EDGE_CURVE('',#1741,#1742,#68,.T.);
#1389=EDGE_CURVE('',#1742,#1743,#69,.T.);
#1390=EDGE_CURVE('',#1743,#1728,#70,.T.);
#1391=EDGE_CURVE('',#1744,#1745,#71,.T.);
#1392=EDGE_CURVE('',#1745,#1746,#72,.T.);
#1393=EDGE_CURVE('',#1746,#1747,#73,.T.);
#1394=EDGE_CURVE('',#1747,#1748,#74,.T.);
#1395=EDGE_CURVE('',#1748,#1749,#75,.T.);
#1396=EDGE_CURVE('',#1749,#1750,#76,.T.);
#1397=EDGE_CURVE('',#1750,#1751,#77,.T.);
#1398=EDGE_CURVE('',#1751,#1752,#78,.T.);
#1399=EDGE_CURVE('',#1752,#1753,#79,.T.);
#1400=EDGE_CURVE('',#1753,#1754,#80,.T.);
#1401=EDGE_CURVE('',#1754,#1755,#81,.T.);
#1402=EDGE_CURVE('',#1755,#1756,#82,.T.);
#1403=EDGE_CURVE('',#1756,#1757,#83,.T.);
#1404=EDGE_CURVE('',#1757,#1758,#84,.T.);
#1405=EDGE_CURVE('',#1758,#1759,#85,.T.);
#1406=EDGE_CURVE('',#1759,#1744,#86,.T.);
#1407=EDGE_CURVE('',#1760,#1761,#87,.T.);
#1408=EDGE_CURVE('',#1762,#1761,#88,.T.);
#1409=EDGE_CURVE('',#1763,#1762,#89,.T.);
#1410=EDGE_CURVE('',#1763,#1760,#90,.T.);
#1411=EDGE_CURVE('',#1764,#1765,#91,.T.);
#1412=EDGE_CURVE('',#1765,#1766,#92,.T.);
#1413=EDGE_CURVE('',#1767,#1766,#93,.T.);
#1414=EDGE_CURVE('',#1764,#1767,#94,.T.);
#1415=EDGE_CURVE('',#1768,#1769,#95,.T.);
#1416=EDGE_CURVE('',#1769,#1770,#96,.T.);
#1417=EDGE_CURVE('',#1770,#1771,#97,.T.);
#1418=EDGE_CURVE('',#1771,#1772,#98,.T.);
#1419=EDGE_CURVE('',#1772,#1773,#99,.T.);
#1420=EDGE_CURVE('',#1773,#1774,#100,.T.);
#1421=EDGE_CURVE('',#1774,#1775,#101,.T.);
#1422=EDGE_CURVE('',#1775,#1776,#102,.T.);
#1423=EDGE_CURVE('',#1776,#1777,#103,.T.);
#1424=EDGE_CURVE('',#1777,#1778,#104,.T.);
#1425=EDGE_CURVE('',#1778,#1779,#105,.T.);
#1426=EDGE_CURVE('',#1779,#1768,#106,.T.);
#1427=EDGE_CURVE('',#1780,#1781,#1955,.T.);
#1428=EDGE_CURVE('',#1781,#1782,#1956,.T.);
#1429=EDGE_CURVE('',#1782,#1783,#107,.T.);
#1430=EDGE_CURVE('',#1783,#1784,#1957,.T.);
#1431=EDGE_CURVE('',#1784,#1785,#1958,.T.);
#1432=EDGE_CURVE('',#1785,#1786,#108,.T.);
#1433=EDGE_CURVE('',#1786,#1787,#109,.T.);
#1434=EDGE_CURVE('',#1787,#1788,#110,.T.);
#1435=EDGE_CURVE('',#1788,#1789,#111,.T.);
#1436=EDGE_CURVE('',#1789,#1790,#112,.T.);
#1437=EDGE_CURVE('',#1790,#1791,#113,.T.);
#1438=EDGE_CURVE('',#1791,#1780,#114,.T.);
#1439=EDGE_CURVE('',#1792,#1793,#1959,.T.);
#1440=EDGE_CURVE('',#1793,#1794,#1960,.T.);
#1441=EDGE_CURVE('',#1794,#1795,#1961,.T.);
#1442=EDGE_CURVE('',#1795,#1796,#1962,.T.);
#1443=EDGE_CURVE('',#1796,#1797,#1963,.T.);
#1444=EDGE_CURVE('',#1797,#1798,#1964,.T.);
#1445=EDGE_CURVE('',#1798,#1799,#115,.T.);
#1446=EDGE_CURVE('',#1799,#1800,#1965,.T.);
#1447=EDGE_CURVE('',#1800,#1801,#1966,.T.);
#1448=EDGE_CURVE('',#1801,#1802,#116,.T.);
#1449=EDGE_CURVE('',#1802,#1803,#117,.T.);
#1450=EDGE_CURVE('',#1803,#1804,#118,.T.);
#1451=EDGE_CURVE('',#1804,#1805,#1967,.T.);
#1452=EDGE_CURVE('',#1805,#1806,#1968,.T.);
#1453=EDGE_CURVE('',#1806,#1807,#119,.T.);
#1454=EDGE_CURVE('',#1807,#1808,#1969,.T.);
#1455=EDGE_CURVE('',#1808,#1809,#1970,.T.);
#1456=EDGE_CURVE('',#1809,#1810,#120,.T.);
#1457=EDGE_CURVE('',#1810,#1811,#121,.T.);
#1458=EDGE_CURVE('',#1811,#1812,#122,.T.);
#1459=EDGE_CURVE('',#1812,#1813,#123,.T.);
#1460=EDGE_CURVE('',#1813,#1814,#124,.T.);
#1461=EDGE_CURVE('',#1814,#1815,#125,.T.);
#1462=EDGE_CURVE('',#1815,#1816,#126,.T.);
#1463=EDGE_CURVE('',#1816,#1817,#127,.T.);
#1464=EDGE_CURVE('',#1817,#1818,#128,.T.);
#1465=EDGE_CURVE('',#1818,#1819,#129,.T.);
#1466=EDGE_CURVE('',#1819,#1792,#130,.T.);
#1467=EDGE_CURVE('',#1820,#1821,#131,.T.);
#1468=EDGE_CURVE('',#1822,#1820,#132,.T.);
#1469=EDGE_CURVE('',#1822,#1823,#133,.T.);
#1470=EDGE_CURVE('',#1823,#1821,#134,.T.);
#1471=EDGE_CURVE('',#1824,#1825,#135,.T.);
#1472=EDGE_CURVE('',#1825,#1826,#136,.T.);
#1473=EDGE_CURVE('',#1827,#1826,#137,.T.);
#1474=EDGE_CURVE('',#1824,#1827,#138,.T.);
#1475=EDGE_CURVE('',#1828,#1829,#139,.T.);
#1476=EDGE_CURVE('',#1828,#1830,#140,.T.);
#1477=EDGE_CURVE('',#1830,#1831,#141,.T.);
#1478=EDGE_CURVE('',#1831,#1829,#142,.T.);
#1479=EDGE_CURVE('',#1760,#1820,#143,.T.);
#1480=EDGE_CURVE('',#1763,#1822,#144,.T.);
#1481=EDGE_CURVE('',#1761,#1821,#145,.T.);
#1482=EDGE_CURVE('',#1762,#1823,#146,.T.);
#1483=EDGE_CURVE('',#1832,#1832,#32,.T.);
#1484=EDGE_CURVE('',#1833,#1833,#33,.T.);
#1485=EDGE_CURVE('',#1834,#1834,#34,.T.);
#1486=EDGE_CURVE('',#1835,#1835,#35,.T.);
#1487=EDGE_CURVE('',#1836,#1836,#36,.T.);
#1488=EDGE_CURVE('',#1837,#1837,#37,.T.);
#1489=EDGE_CURVE('',#1838,#1838,#38,.T.);
#1490=EDGE_CURVE('',#1839,#1839,#39,.T.);
#1491=EDGE_CURVE('',#1840,#1841,#147,.T.);
#1492=EDGE_CURVE('',#1842,#1840,#148,.T.);
#1493=EDGE_CURVE('',#1843,#1842,#149,.T.);
#1494=EDGE_CURVE('',#1843,#1844,#150,.T.);
#1495=EDGE_CURVE('',#1844,#1831,#151,.T.);
#1496=EDGE_CURVE('',#1830,#1845,#152,.T.);
#1497=EDGE_CURVE('',#1845,#1841,#153,.T.);
#1498=EDGE_CURVE('',#1842,#1846,#154,.T.);
#1499=EDGE_CURVE('',#1847,#1846,#155,.T.);
#1500=EDGE_CURVE('',#1843,#1847,#156,.T.);
#1501=EDGE_CURVE('',#1846,#1848,#157,.T.);
#1502=EDGE_CURVE('',#1848,#1849,#158,.T.);
#1503=EDGE_CURVE('',#1850,#1849,#159,.T.);
#1504=EDGE_CURVE('',#1828,#1850,#160,.T.);
#1505=EDGE_CURVE('',#1851,#1829,#161,.T.);
#1506=EDGE_CURVE('',#1847,#1851,#162,.T.);
#1507=EDGE_CURVE('',#1844,#1851,#163,.T.);
#1508=EDGE_CURVE('',#1848,#1840,#164,.T.);
#1509=EDGE_CURVE('',#1825,#1850,#165,.T.);
#1510=EDGE_CURVE('',#1826,#1849,#166,.T.);
#1511=EDGE_CURVE('',#1845,#1765,#167,.T.);
#1512=EDGE_CURVE('',#1841,#1764,#168,.T.);
#1513=EDGE_CURVE('',#1827,#1767,#169,.T.);
#1514=EDGE_CURVE('',#1824,#1766,#170,.T.);
#1515=EDGE_CURVE('',#1852,#1744,#171,.T.);
#1516=EDGE_CURVE('',#1852,#1853,#172,.T.);
#1517=EDGE_CURVE('',#1853,#1745,#173,.T.);
#1518=EDGE_CURVE('',#1854,#1759,#174,.T.);
#1519=EDGE_CURVE('',#1854,#1852,#175,.T.);
#1520=EDGE_CURVE('',#1855,#1758,#176,.T.);
#1521=EDGE_CURVE('',#1855,#1854,#177,.T.);
#1522=EDGE_CURVE('',#1856,#1757,#178,.T.);
#1523=EDGE_CURVE('',#1856,#1855,#179,.T.);
#1524=EDGE_CURVE('',#1857,#1756,#180,.T.);
#1525=EDGE_CURVE('',#1857,#1856,#181,.T.);
#1526=EDGE_CURVE('',#1858,#1755,#182,.T.);
#1527=EDGE_CURVE('',#1858,#1857,#183,.T.);
#1528=EDGE_CURVE('',#1859,#1754,#184,.T.);
#1529=EDGE_CURVE('',#1859,#1858,#185,.T.);
#1530=EDGE_CURVE('',#1860,#1753,#186,.T.);
#1531=EDGE_CURVE('',#1860,#1859,#187,.T.);
#1532=EDGE_CURVE('',#1861,#1752,#188,.T.);
#1533=EDGE_CURVE('',#1861,#1860,#189,.T.);
#1534=EDGE_CURVE('',#1862,#1751,#190,.T.);
#1535=EDGE_CURVE('',#1862,#1861,#191,.T.);
#1536=EDGE_CURVE('',#1863,#1750,#192,.T.);
#1537=EDGE_CURVE('',#1863,#1862,#193,.T.);
#1538=EDGE_CURVE('',#1864,#1749,#194,.T.);
#1539=EDGE_CURVE('',#1864,#1863,#195,.T.);
#1540=EDGE_CURVE('',#1865,#1748,#196,.T.);
#1541=EDGE_CURVE('',#1865,#1864,#197,.T.);
#1542=EDGE_CURVE('',#1866,#1747,#198,.T.);
#1543=EDGE_CURVE('',#1866,#1865,#199,.T.);
#1544=EDGE_CURVE('',#1867,#1746,#200,.T.);
#1545=EDGE_CURVE('',#1867,#1866,#201,.T.);
#1546=EDGE_CURVE('',#1853,#1867,#202,.T.);
#1547=EDGE_CURVE('',#1868,#1768,#203,.T.);
#1548=EDGE_CURVE('',#1868,#1869,#204,.T.);
#1549=EDGE_CURVE('',#1869,#1769,#205,.T.);
#1550=EDGE_CURVE('',#1870,#1779,#206,.T.);
#1551=EDGE_CURVE('',#1870,#1868,#207,.T.);
#1552=EDGE_CURVE('',#1871,#1778,#208,.T.);
#1553=EDGE_CURVE('',#1871,#1870,#209,.T.);
#1554=EDGE_CURVE('',#1872,#1777,#210,.T.);
#1555=EDGE_CURVE('',#1872,#1871,#211,.T.);
#1556=EDGE_CURVE('',#1873,#1776,#212,.T.);
#1557=EDGE_CURVE('',#1873,#1872,#213,.T.);
#1558=EDGE_CURVE('',#1874,#1775,#214,.T.);
#1559=EDGE_CURVE('',#1874,#1873,#215,.T.);
#1560=EDGE_CURVE('',#1875,#1774,#216,.T.);
#1561=EDGE_CURVE('',#1875,#1874,#217,.T.);
#1562=EDGE_CURVE('',#1876,#1773,#218,.T.);
#1563=EDGE_CURVE('',#1876,#1875,#219,.T.);
#1564=EDGE_CURVE('',#1877,#1772,#220,.T.);
#1565=EDGE_CURVE('',#1877,#1876,#221,.T.);
#1566=EDGE_CURVE('',#1878,#1771,#222,.T.);
#1567=EDGE_CURVE('',#1878,#1877,#223,.T.);
#1568=EDGE_CURVE('',#1879,#1770,#224,.T.);
#1569=EDGE_CURVE('',#1879,#1878,#225,.T.);
#1570=EDGE_CURVE('',#1869,#1879,#226,.T.);
#1571=EDGE_CURVE('',#1880,#1728,#227,.T.);
#1572=EDGE_CURVE('',#1880,#1881,#228,.T.);
#1573=EDGE_CURVE('',#1881,#1729,#229,.T.);
#1574=EDGE_CURVE('',#1882,#1743,#230,.T.);
#1575=EDGE_CURVE('',#1882,#1880,#231,.T.);
#1576=EDGE_CURVE('',#1883,#1742,#232,.T.);
#1577=EDGE_CURVE('',#1883,#1882,#233,.T.);
#1578=EDGE_CURVE('',#1884,#1741,#234,.T.);
#1579=EDGE_CURVE('',#1884,#1883,#235,.T.);
#1580=EDGE_CURVE('',#1885,#1740,#236,.T.);
#1581=EDGE_CURVE('',#1885,#1884,#237,.T.);
#1582=EDGE_CURVE('',#1886,#1739,#238,.T.);
#1583=EDGE_CURVE('',#1886,#1885,#239,.T.);
#1584=EDGE_CURVE('',#1887,#1738,#240,.T.);
#1585=EDGE_CURVE('',#1887,#1886,#241,.T.);
#1586=EDGE_CURVE('',#1888,#1737,#242,.T.);
#1587=EDGE_CURVE('',#1888,#1887,#243,.T.);
#1588=EDGE_CURVE('',#1889,#1736,#244,.T.);
#1589=EDGE_CURVE('',#1889,#1888,#245,.T.);
#1590=EDGE_CURVE('',#1890,#1735,#246,.T.);
#1591=EDGE_CURVE('',#1890,#1889,#247,.T.);
#1592=EDGE_CURVE('',#1891,#1734,#248,.T.);
#1593=EDGE_CURVE('',#1891,#1890,#249,.T.);
#1594=EDGE_CURVE('',#1892,#1733,#250,.T.);
#1595=EDGE_CURVE('',#1892,#1891,#251,.T.);
#1596=EDGE_CURVE('',#1893,#1732,#252,.T.);
#1597=EDGE_CURVE('',#1893,#1892,#253,.T.);
#1598=EDGE_CURVE('',#1894,#1731,#254,.T.);
#1599=EDGE_CURVE('',#1894,#1893,#255,.T.);
#1600=EDGE_CURVE('',#1895,#1730,#256,.T.);
#1601=EDGE_CURVE('',#1895,#1894,#257,.T.);
#1602=EDGE_CURVE('',#1881,#1895,#258,.T.);
#1603=EDGE_CURVE('',#1896,#1780,#259,.T.);
#1604=EDGE_CURVE('',#1896,#1897,#1971,.T.);
#1605=EDGE_CURVE('',#1897,#1781,#260,.T.);
#1606=EDGE_CURVE('',#1898,#1791,#261,.T.);
#1607=EDGE_CURVE('',#1898,#1896,#262,.T.);
#1608=EDGE_CURVE('',#1899,#1790,#263,.T.);
#1609=EDGE_CURVE('',#1899,#1898,#264,.T.);
#1610=EDGE_CURVE('',#1900,#1789,#265,.T.);
#1611=EDGE_CURVE('',#1900,#1899,#266,.T.);
#1612=EDGE_CURVE('',#1901,#1788,#267,.T.);
#1613=EDGE_CURVE('',#1901,#1900,#268,.T.);
#1614=EDGE_CURVE('',#1902,#1787,#269,.T.);
#1615=EDGE_CURVE('',#1902,#1901,#270,.T.);
#1616=EDGE_CURVE('',#1903,#1786,#271,.T.);
#1617=EDGE_CURVE('',#1903,#1902,#272,.T.);
#1618=EDGE_CURVE('',#1904,#1785,#273,.T.);
#1619=EDGE_CURVE('',#1904,#1903,#274,.T.);
#1620=EDGE_CURVE('',#1905,#1784,#275,.T.);
#1621=EDGE_CURVE('',#1905,#1904,#1972,.T.);
#1622=EDGE_CURVE('',#1906,#1783,#276,.T.);
#1623=EDGE_CURVE('',#1906,#1905,#1973,.T.);
#1624=EDGE_CURVE('',#1907,#1782,#277,.T.);
#1625=EDGE_CURVE('',#1907,#1906,#278,.T.);
#1626=EDGE_CURVE('',#1897,#1907,#1974,.T.);
#1627=EDGE_CURVE('',#1908,#1713,#279,.T.);
#1628=EDGE_CURVE('',#1908,#1909,#1975,.T.);
#1629=EDGE_CURVE('',#1909,#1714,#280,.T.);
#1630=EDGE_CURVE('',#1910,#1727,#281,.T.);
#1631=EDGE_CURVE('',#1910,#1908,#282,.T.);
#1632=EDGE_CURVE('',#1911,#1726,#283,.T.);
#1633=EDGE_CURVE('',#1911,#1910,#284,.T.);
#1634=EDGE_CURVE('',#1912,#1725,#285,.T.);
#1635=EDGE_CURVE('',#1912,#1911,#286,.T.);
#1636=EDGE_CURVE('',#1913,#1724,#287,.T.);
#1637=EDGE_CURVE('',#1913,#1912,#288,.T.);
#1638=EDGE_CURVE('',#1914,#1723,#289,.T.);
#1639=EDGE_CURVE('',#1914,#1913,#290,.T.);
#1640=EDGE_CURVE('',#1915,#1722,#291,.T.);
#1641=EDGE_CURVE('',#1915,#1914,#292,.T.);
#1642=EDGE_CURVE('',#1916,#1721,#293,.T.);
#1643=EDGE_CURVE('',#1916,#1915,#294,.T.);
#1644=EDGE_CURVE('',#1917,#1720,#295,.T.);
#1645=EDGE_CURVE('',#1917,#1916,#296,.T.);
#1646=EDGE_CURVE('',#1918,#1719,#297,.T.);
#1647=EDGE_CURVE('',#1918,#1917,#298,.T.);
#1648=EDGE_CURVE('',#1919,#1718,#299,.T.);
#1649=EDGE_CURVE('',#1919,#1918,#300,.T.);
#1650=EDGE_CURVE('',#1920,#1717,#301,.T.);
#1651=EDGE_CURVE('',#1920,#1919,#302,.T.);
#1652=EDGE_CURVE('',#1921,#1716,#303,.T.);
#1653=EDGE_CURVE('',#1921,#1920,#1976,.T.);
#1654=EDGE_CURVE('',#1922,#1715,#304,.T.);
#1655=EDGE_CURVE('',#1922,#1921,#1977,.T.);
#1656=EDGE_CURVE('',#1909,#1922,#1978,.T.);
#1657=EDGE_CURVE('',#1923,#1792,#305,.T.);
#1658=EDGE_CURVE('',#1923,#1924,#1979,.T.);
#1659=EDGE_CURVE('',#1924,#1793,#306,.T.);
#1660=EDGE_CURVE('',#1925,#1819,#307,.T.);
#1661=EDGE_CURVE('',#1925,#1923,#308,.T.);
#1662=EDGE_CURVE('',#1926,#1818,#309,.T.);
#1663=EDGE_CURVE('',#1926,#1925,#310,.T.);
#1664=EDGE_CURVE('',#1927,#1817,#311,.T.);
#1665=EDGE_CURVE('',#1927,#1926,#312,.T.);
#1666=EDGE_CURVE('',#1928,#1816,#313,.T.);
#1667=EDGE_CURVE('',#1928,#1927,#314,.T.);
#1668=EDGE_CURVE('',#1929,#1815,#315,.T.);
#1669=EDGE_CURVE('',#1929,#1928,#316,.T.);
#1670=EDGE_CURVE('',#1930,#1814,#317,.T.);
#1671=EDGE_CURVE('',#1930,#1929,#318,.T.);
#1672=EDGE_CURVE('',#1931,#1813,#319,.T.);
#1673=EDGE_CURVE('',#1931,#1930,#320,.T.);
#1674=EDGE_CURVE('',#1932,#1812,#321,.T.);
#1675=EDGE_CURVE('',#1932,#1931,#322,.T.);
#1676=EDGE_CURVE('',#1933,#1811,#323,.T.);
#1677=EDGE_CURVE('',#1933,#1932,#324,.T.);
#1678=EDGE_CURVE('',#1934,#1810,#325,.T.);
#1679=EDGE_CURVE('',#1934,#1933,#326,.T.);
#1680=EDGE_CURVE('',#1935,#1809,#327,.T.);
#1681=EDGE_CURVE('',#1935,#1934,#328,.T.);
#1682=EDGE_CURVE('',#1936,#1808,#329,.T.);
#1683=EDGE_CURVE('',#1936,#1935,#1980,.T.);
#1684=EDGE_CURVE('',#1937,#1807,#330,.T.);
#1685=EDGE_CURVE('',#1937,#1936,#1981,.T.);
#1686=EDGE_CURVE('',#1938,#1806,#331,.T.);
#1687=EDGE_CURVE('',#1938,#1937,#332,.T.);
#1688=EDGE_CURVE('',#1939,#1805,#333,.T.);
#1689=EDGE_CURVE('',#1939,#1938,#1982,.T.);
#1690=EDGE_CURVE('',#1940,#1804,#334,.T.);
#1691=EDGE_CURVE('',#1940,#1939,#1983,.T.);
#1692=EDGE_CURVE('',#1941,#1803,#335,.T.);
#1693=EDGE_CURVE('',#1941,#1940,#336,.T.);
#1694=EDGE_CURVE('',#1942,#1802,#337,.T.);
#1695=EDGE_CURVE('',#1942,#1941,#338,.T.);
#1696=EDGE_CURVE('',#1943,#1801,#339,.T.);
#1697=EDGE_CURVE('',#1943,#1942,#340,.T.);
#1698=EDGE_CURVE('',#1944,#1800,#341,.T.);
#1699=EDGE_CURVE('',#1944,#1943,#1984,.T.);
#1700=EDGE_CURVE('',#1945,#1799,#342,.T.);
#1701=EDGE_CURVE('',#1945,#1944,#1985,.T.);
#1702=EDGE_CURVE('',#1946,#1798,#343,.T.);
#1703=EDGE_CURVE('',#1946,#1945,#344,.T.);
#1704=EDGE_CURVE('',#1947,#1797,#345,.T.);
#1705=EDGE_CURVE('',#1947,#1946,#1986,.T.);
#1706=EDGE_CURVE('',#1948,#1796,#346,.T.);
#1707=EDGE_CURVE('',#1948,#1947,#1987,.T.);
#1708=EDGE_CURVE('',#1949,#1795,#347,.T.);
#1709=EDGE_CURVE('',#1949,#1948,#1988,.T.);
#1710=EDGE_CURVE('',#1950,#1794,#348,.T.);
#1711=EDGE_CURVE('',#1950,#1949,#1989,.T.);
#1712=EDGE_CURVE('',#1924,#1950,#1990,.T.);
#1713=VERTEX_POINT('',#3180);
#1714=VERTEX_POINT('',#3181);
#1715=VERTEX_POINT('',#3185);
#1716=VERTEX_POINT('',#3189);
#1717=VERTEX_POINT('',#3193);
#1718=VERTEX_POINT('',#3195);
#1719=VERTEX_POINT('',#3197);
#1720=VERTEX_POINT('',#3199);
#1721=VERTEX_POINT('',#3201);
#1722=VERTEX_POINT('',#3203);
#1723=VERTEX_POINT('',#3205);
#1724=VERTEX_POINT('',#3207);
#1725=VERTEX_POINT('',#3209);
#1726=VERTEX_POINT('',#3211);
#1727=VERTEX_POINT('',#3213);
#1728=VERTEX_POINT('',#3216);
#1729=VERTEX_POINT('',#3217);
#1730=VERTEX_POINT('',#3219);
#1731=VERTEX_POINT('',#3221);
#1732=VERTEX_POINT('',#3223);
#1733=VERTEX_POINT('',#3225);
#1734=VERTEX_POINT('',#3227);
#1735=VERTEX_POINT('',#3229);
#1736=VERTEX_POINT('',#3231);
#1737=VERTEX_POINT('',#3233);
#1738=VERTEX_POINT('',#3235);
#1739=VERTEX_POINT('',#3237);
#1740=VERTEX_POINT('',#3239);
#1741=VERTEX_POINT('',#3241);
#1742=VERTEX_POINT('',#3243);
#1743=VERTEX_POINT('',#3245);
#1744=VERTEX_POINT('',#3248);
#1745=VERTEX_POINT('',#3249);
#1746=VERTEX_POINT('',#3251);
#1747=VERTEX_POINT('',#3253);
#1748=VERTEX_POINT('',#3255);
#1749=VERTEX_POINT('',#3257);
#1750=VERTEX_POINT('',#3259);
#1751=VERTEX_POINT('',#3261);
#1752=VERTEX_POINT('',#3263);
#1753=VERTEX_POINT('',#3265);
#1754=VERTEX_POINT('',#3267);
#1755=VERTEX_POINT('',#3269);
#1756=VERTEX_POINT('',#3271);
#1757=VERTEX_POINT('',#3273);
#1758=VERTEX_POINT('',#3275);
#1759=VERTEX_POINT('',#3277);
#1760=VERTEX_POINT('',#3280);
#1761=VERTEX_POINT('',#3281);
#1762=VERTEX_POINT('',#3283);
#1763=VERTEX_POINT('',#3285);
#1764=VERTEX_POINT('',#3288);
#1765=VERTEX_POINT('',#3289);
#1766=VERTEX_POINT('',#3291);
#1767=VERTEX_POINT('',#3293);
#1768=VERTEX_POINT('',#3296);
#1769=VERTEX_POINT('',#3297);
#1770=VERTEX_POINT('',#3299);
#1771=VERTEX_POINT('',#3301);
#1772=VERTEX_POINT('',#3303);
#1773=VERTEX_POINT('',#3305);
#1774=VERTEX_POINT('',#3307);
#1775=VERTEX_POINT('',#3309);
#1776=VERTEX_POINT('',#3311);
#1777=VERTEX_POINT('',#3313);
#1778=VERTEX_POINT('',#3315);
#1779=VERTEX_POINT('',#3317);
#1780=VERTEX_POINT('',#3322);
#1781=VERTEX_POINT('',#3323);
#1782=VERTEX_POINT('',#3327);
#1783=VERTEX_POINT('',#3329);
#1784=VERTEX_POINT('',#3333);
#1785=VERTEX_POINT('',#3337);
#1786=VERTEX_POINT('',#3339);
#1787=VERTEX_POINT('',#3341);
#1788=VERTEX_POINT('',#3343);
#1789=VERTEX_POINT('',#3345);
#1790=VERTEX_POINT('',#3347);
#1791=VERTEX_POINT('',#3349);
#1792=VERTEX_POINT('',#3354);
#1793=VERTEX_POINT('',#3355);
#1794=VERTEX_POINT('',#3359);
#1795=VERTEX_POINT('',#3363);
#1796=VERTEX_POINT('',#3367);
#1797=VERTEX_POINT('',#3371);
#1798=VERTEX_POINT('',#3375);
#1799=VERTEX_POINT('',#3377);
#1800=VERTEX_POINT('',#3381);
#1801=VERTEX_POINT('',#3385);
#1802=VERTEX_POINT('',#3387);
#1803=VERTEX_POINT('',#3389);
#1804=VERTEX_POINT('',#3391);
#1805=VERTEX_POINT('',#3395);
#1806=VERTEX_POINT('',#3399);
#1807=VERTEX_POINT('',#3401);
#1808=VERTEX_POINT('',#3405);
#1809=VERTEX_POINT('',#3409);
#1810=VERTEX_POINT('',#3411);
#1811=VERTEX_POINT('',#3413);
#1812=VERTEX_POINT('',#3415);
#1813=VERTEX_POINT('',#3417);
#1814=VERTEX_POINT('',#3419);
#1815=VERTEX_POINT('',#3421);
#1816=VERTEX_POINT('',#3423);
#1817=VERTEX_POINT('',#3425);
#1818=VERTEX_POINT('',#3427);
#1819=VERTEX_POINT('',#3429);
#1820=VERTEX_POINT('',#3433);
#1821=VERTEX_POINT('',#3434);
#1822=VERTEX_POINT('',#3436);
#1823=VERTEX_POINT('',#3438);
#1824=VERTEX_POINT('',#3441);
#1825=VERTEX_POINT('',#3442);
#1826=VERTEX_POINT('',#3444);
#1827=VERTEX_POINT('',#3446);
#1828=VERTEX_POINT('',#3450);
#1829=VERTEX_POINT('',#3451);
#1830=VERTEX_POINT('',#3453);
#1831=VERTEX_POINT('',#3455);
#1832=VERTEX_POINT('',#3465);
#1833=VERTEX_POINT('',#3467);
#1834=VERTEX_POINT('',#3470);
#1835=VERTEX_POINT('',#3472);
#1836=VERTEX_POINT('',#3475);
#1837=VERTEX_POINT('',#3477);
#1838=VERTEX_POINT('',#3480);
#1839=VERTEX_POINT('',#3482);
#1840=VERTEX_POINT('',#3486);
#1841=VERTEX_POINT('',#3487);
#1842=VERTEX_POINT('',#3489);
#1843=VERTEX_POINT('',#3491);
#1844=VERTEX_POINT('',#3493);
#1845=VERTEX_POINT('',#3496);
#1846=VERTEX_POINT('',#3500);
#1847=VERTEX_POINT('',#3502);
#1848=VERTEX_POINT('',#3506);
#1849=VERTEX_POINT('',#3508);
#1850=VERTEX_POINT('',#3510);
#1851=VERTEX_POINT('',#3513);
#1852=VERTEX_POINT('',#3533);
#1853=VERTEX_POINT('',#3535);
#1854=VERTEX_POINT('',#3539);
#1855=VERTEX_POINT('',#3543);
#1856=VERTEX_POINT('',#3547);
#1857=VERTEX_POINT('',#3551);
#1858=VERTEX_POINT('',#3555);
#1859=VERTEX_POINT('',#3559);
#1860=VERTEX_POINT('',#3563);
#1861=VERTEX_POINT('',#3567);
#1862=VERTEX_POINT('',#3571);
#1863=VERTEX_POINT('',#3575);
#1864=VERTEX_POINT('',#3579);
#1865=VERTEX_POINT('',#3583);
#1866=VERTEX_POINT('',#3587);
#1867=VERTEX_POINT('',#3591);
#1868=VERTEX_POINT('',#3598);
#1869=VERTEX_POINT('',#3600);
#1870=VERTEX_POINT('',#3604);
#1871=VERTEX_POINT('',#3608);
#1872=VERTEX_POINT('',#3612);
#1873=VERTEX_POINT('',#3616);
#1874=VERTEX_POINT('',#3620);
#1875=VERTEX_POINT('',#3624);
#1876=VERTEX_POINT('',#3628);
#1877=VERTEX_POINT('',#3632);
#1878=VERTEX_POINT('',#3636);
#1879=VERTEX_POINT('',#3640);
#1880=VERTEX_POINT('',#3647);
#1881=VERTEX_POINT('',#3649);
#1882=VERTEX_POINT('',#3653);
#1883=VERTEX_POINT('',#3657);
#1884=VERTEX_POINT('',#3661);
#1885=VERTEX_POINT('',#3665);
#1886=VERTEX_POINT('',#3669);
#1887=VERTEX_POINT('',#3673);
#1888=VERTEX_POINT('',#3677);
#1889=VERTEX_POINT('',#3681);
#1890=VERTEX_POINT('',#3685);
#1891=VERTEX_POINT('',#3689);
#1892=VERTEX_POINT('',#3693);
#1893=VERTEX_POINT('',#3697);
#1894=VERTEX_POINT('',#3701);
#1895=VERTEX_POINT('',#3705);
#1896=VERTEX_POINT('',#3719);
#1897=VERTEX_POINT('',#3723);
#1898=VERTEX_POINT('',#3727);
#1899=VERTEX_POINT('',#3731);
#1900=VERTEX_POINT('',#3735);
#1901=VERTEX_POINT('',#3739);
#1902=VERTEX_POINT('',#3743);
#1903=VERTEX_POINT('',#3747);
#1904=VERTEX_POINT('',#3751);
#1905=VERTEX_POINT('',#3762);
#1906=VERTEX_POINT('',#3775);
#1907=VERTEX_POINT('',#3781);
#1908=VERTEX_POINT('',#3804);
#1909=VERTEX_POINT('',#3808);
#1910=VERTEX_POINT('',#3812);
#1911=VERTEX_POINT('',#3816);
#1912=VERTEX_POINT('',#3820);
#1913=VERTEX_POINT('',#3824);
#1914=VERTEX_POINT('',#3828);
#1915=VERTEX_POINT('',#3832);
#1916=VERTEX_POINT('',#3836);
#1917=VERTEX_POINT('',#3840);
#1918=VERTEX_POINT('',#3844);
#1919=VERTEX_POINT('',#3848);
#1920=VERTEX_POINT('',#3852);
#1921=VERTEX_POINT('',#3863);
#1922=VERTEX_POINT('',#3876);
#1923=VERTEX_POINT('',#3901);
#1924=VERTEX_POINT('',#3905);
#1925=VERTEX_POINT('',#3909);
#1926=VERTEX_POINT('',#3913);
#1927=VERTEX_POINT('',#3917);
#1928=VERTEX_POINT('',#3921);
#1929=VERTEX_POINT('',#3925);
#1930=VERTEX_POINT('',#3929);
#1931=VERTEX_POINT('',#3933);
#1932=VERTEX_POINT('',#3937);
#1933=VERTEX_POINT('',#3941);
#1934=VERTEX_POINT('',#3945);
#1935=VERTEX_POINT('',#3949);
#1936=VERTEX_POINT('',#3960);
#1937=VERTEX_POINT('',#3973);
#1938=VERTEX_POINT('',#3979);
#1939=VERTEX_POINT('',#3990);
#1940=VERTEX_POINT('',#4003);
#1941=VERTEX_POINT('',#4009);
#1942=VERTEX_POINT('',#4013);
#1943=VERTEX_POINT('',#4017);
#1944=VERTEX_POINT('',#4028);
#1945=VERTEX_POINT('',#4041);
#1946=VERTEX_POINT('',#4047);
#1947=VERTEX_POINT('',#4058);
#1948=VERTEX_POINT('',#4071);
#1949=VERTEX_POINT('',#4084);
#1950=VERTEX_POINT('',#4097);
#1951=B_SPLINE_CURVE_WITH_KNOTS('',2,(#3177,#3178,#3179),.UNSPECIFIED.,
 .F.,.F.,(3,3),(0.,1.),.PIECEWISE_BEZIER_KNOTS.);
#1952=B_SPLINE_CURVE_WITH_KNOTS('',2,(#3182,#3183,#3184),.UNSPECIFIED.,
 .F.,.F.,(3,3),(0.,1.),.PIECEWISE_BEZIER_KNOTS.);
#1953=B_SPLINE_CURVE_WITH_KNOTS('',2,(#3186,#3187,#3188),.UNSPECIFIED.,
 .F.,.F.,(3,3),(0.,1.),.PIECEWISE_BEZIER_KNOTS.);
#1954=B_SPLINE_CURVE_WITH_KNOTS('',2,(#3190,#3191,#3192),.UNSPECIFIED.,
 .F.,.F.,(3,3),(0.,1.),.PIECEWISE_BEZIER_KNOTS.);
#1955=B_SPLINE_CURVE_WITH_KNOTS('',2,(#3319,#3320,#3321),.UNSPECIFIED.,
 .F.,.F.,(3,3),(0.,1.),.PIECEWISE_BEZIER_KNOTS.);
#1956=B_SPLINE_CURVE_WITH_KNOTS('',2,(#3324,#3325,#3326),.UNSPECIFIED.,
 .F.,.F.,(3,3),(0.,1.),.PIECEWISE_BEZIER_KNOTS.);
#1957=B_SPLINE_CURVE_WITH_KNOTS('',2,(#3330,#3331,#3332),.UNSPECIFIED.,
 .F.,.F.,(3,3),(0.,1.),.PIECEWISE_BEZIER_KNOTS.);
#1958=B_SPLINE_CURVE_WITH_KNOTS('',2,(#3334,#3335,#3336),.UNSPECIFIED.,
 .F.,.F.,(3,3),(0.,1.),.PIECEWISE_BEZIER_KNOTS.);
#1959=B_SPLINE_CURVE_WITH_KNOTS('',2,(#3351,#3352,#3353),.UNSPECIFIED.,
 .F.,.F.,(3,3),(0.,1.),.PIECEWISE_BEZIER_KNOTS.);
#1960=B_SPLINE_CURVE_WITH_KNOTS('',2,(#3356,#3357,#3358),.UNSPECIFIED.,
 .F.,.F.,(3,3),(0.,1.),.PIECEWISE_BEZIER_KNOTS.);
#1961=B_SPLINE_CURVE_WITH_KNOTS('',2,(#3360,#3361,#3362),.UNSPECIFIED.,
 .F.,.F.,(3,3),(0.,1.),.PIECEWISE_BEZIER_KNOTS.);
#1962=B_SPLINE_CURVE_WITH_KNOTS('',2,(#3364,#3365,#3366),.UNSPECIFIED.,
 .F.,.F.,(3,3),(0.,1.),.PIECEWISE_BEZIER_KNOTS.);
#1963=B_SPLINE_CURVE_WITH_KNOTS('',2,(#3368,#3369,#3370),.UNSPECIFIED.,
 .F.,.F.,(3,3),(0.,1.),.PIECEWISE_BEZIER_KNOTS.);
#1964=B_SPLINE_CURVE_WITH_KNOTS('',2,(#3372,#3373,#3374),.UNSPECIFIED.,
 .F.,.F.,(3,3),(0.,1.),.PIECEWISE_BEZIER_KNOTS.);
#1965=B_SPLINE_CURVE_WITH_KNOTS('',2,(#3378,#3379,#3380),.UNSPECIFIED.,
 .F.,.F.,(3,3),(0.,1.),.PIECEWISE_BEZIER_KNOTS.);
#1966=B_SPLINE_CURVE_WITH_KNOTS('',2,(#3382,#3383,#3384),.UNSPECIFIED.,
 .F.,.F.,(3,3),(0.,1.),.PIECEWISE_BEZIER_KNOTS.);
#1967=B_SPLINE_CURVE_WITH_KNOTS('',2,(#3392,#3393,#3394),.UNSPECIFIED.,
 .F.,.F.,(3,3),(0.,1.),.PIECEWISE_BEZIER_KNOTS.);
#1968=B_SPLINE_CURVE_WITH_KNOTS('',2,(#3396,#3397,#3398),.UNSPECIFIED.,
 .F.,.F.,(3,3),(0.,1.),.PIECEWISE_BEZIER_KNOTS.);
#1969=B_SPLINE_CURVE_WITH_KNOTS('',2,(#3402,#3403,#3404),.UNSPECIFIED.,
 .F.,.F.,(3,3),(0.,1.),.PIECEWISE_BEZIER_KNOTS.);
#1970=B_SPLINE_CURVE_WITH_KNOTS('',2,(#3406,#3407,#3408),.UNSPECIFIED.,
 .F.,.F.,(3,3),(0.,1.),.PIECEWISE_BEZIER_KNOTS.);
#1971=B_SPLINE_CURVE_WITH_KNOTS('',2,(#3720,#3721,#3722),.UNSPECIFIED.,
 .F.,.F.,(3,3),(0.,1.),.PIECEWISE_BEZIER_KNOTS.);
#1972=B_SPLINE_CURVE_WITH_KNOTS('',2,(#3763,#3764,#3765),.UNSPECIFIED.,
 .F.,.F.,(3,3),(0.,1.),.PIECEWISE_BEZIER_KNOTS.);
#1973=B_SPLINE_CURVE_WITH_KNOTS('',2,(#3776,#3777,#3778),.UNSPECIFIED.,
 .F.,.F.,(3,3),(0.,1.),.PIECEWISE_BEZIER_KNOTS.);
#1974=B_SPLINE_CURVE_WITH_KNOTS('',2,(#3791,#3792,#3793),.UNSPECIFIED.,
 .F.,.F.,(3,3),(0.,1.),.PIECEWISE_BEZIER_KNOTS.);
#1975=B_SPLINE_CURVE_WITH_KNOTS('',2,(#3805,#3806,#3807),.UNSPECIFIED.,
 .F.,.F.,(3,3),(0.,1.),.PIECEWISE_BEZIER_KNOTS.);
#1976=B_SPLINE_CURVE_WITH_KNOTS('',2,(#3864,#3865,#3866),.UNSPECIFIED.,
 .F.,.F.,(3,3),(0.,1.),.PIECEWISE_BEZIER_KNOTS.);
#1977=B_SPLINE_CURVE_WITH_KNOTS('',2,(#3877,#3878,#3879),.UNSPECIFIED.,
 .F.,.F.,(3,3),(0.,1.),.PIECEWISE_BEZIER_KNOTS.);
#1978=B_SPLINE_CURVE_WITH_KNOTS('',2,(#3888,#3889,#3890),.UNSPECIFIED.,
 .F.,.F.,(3,3),(0.,1.),.PIECEWISE_BEZIER_KNOTS.);
#1979=B_SPLINE_CURVE_WITH_KNOTS('',2,(#3902,#3903,#3904),.UNSPECIFIED.,
 .F.,.F.,(3,3),(0.,1.),.PIECEWISE_BEZIER_KNOTS.);
#1980=B_SPLINE_CURVE_WITH_KNOTS('',2,(#3961,#3962,#3963),.UNSPECIFIED.,
 .F.,.F.,(3,3),(0.,1.),.PIECEWISE_BEZIER_KNOTS.);
#1981=B_SPLINE_CURVE_WITH_KNOTS('',2,(#3974,#3975,#3976),.UNSPECIFIED.,
 .F.,.F.,(3,3),(0.,1.),.PIECEWISE_BEZIER_KNOTS.);
#1982=B_SPLINE_CURVE_WITH_KNOTS('',2,(#3991,#3992,#3993),.UNSPECIFIED.,
 .F.,.F.,(3,3),(0.,1.),.PIECEWISE_BEZIER_KNOTS.);
#1983=B_SPLINE_CURVE_WITH_KNOTS('',2,(#4004,#4005,#4006),.UNSPECIFIED.,
 .F.,.F.,(3,3),(0.,1.),.PIECEWISE_BEZIER_KNOTS.);
#1984=B_SPLINE_CURVE_WITH_KNOTS('',2,(#4029,#4030,#4031),.UNSPECIFIED.,
 .F.,.F.,(3,3),(0.,1.),.PIECEWISE_BEZIER_KNOTS.);
#1985=B_SPLINE_CURVE_WITH_KNOTS('',2,(#4042,#4043,#4044),.UNSPECIFIED.,
 .F.,.F.,(3,3),(0.,1.),.PIECEWISE_BEZIER_KNOTS.);
#1986=B_SPLINE_CURVE_WITH_KNOTS('',2,(#4059,#4060,#4061),.UNSPECIFIED.,
 .F.,.F.,(3,3),(0.,1.),.PIECEWISE_BEZIER_KNOTS.);
#1987=B_SPLINE_CURVE_WITH_KNOTS('',2,(#4072,#4073,#4074),.UNSPECIFIED.,
 .F.,.F.,(3,3),(0.,1.),.PIECEWISE_BEZIER_KNOTS.);
#1988=B_SPLINE_CURVE_WITH_KNOTS('',2,(#4085,#4086,#4087),.UNSPECIFIED.,
 .F.,.F.,(3,3),(0.,1.),.PIECEWISE_BEZIER_KNOTS.);
#1989=B_SPLINE_CURVE_WITH_KNOTS('',2,(#4098,#4099,#4100),.UNSPECIFIED.,
 .F.,.F.,(3,3),(0.,1.),.PIECEWISE_BEZIER_KNOTS.);
#1990=B_SPLINE_CURVE_WITH_KNOTS('',2,(#4109,#4110,#4111),.UNSPECIFIED.,
 .F.,.F.,(3,3),(0.,1.),.PIECEWISE_BEZIER_KNOTS.);
#1991=EDGE_LOOP('',(#654,#655,#656,#657,#658,#659,#660,#661,#662,#663,#664,
#665,#666,#667,#668));
#1992=EDGE_LOOP('',(#669,#670,#671,#672,#673,#674,#675,#676,#677,#678,#679,
#680,#681,#682,#683,#684));
#1993=EDGE_LOOP('',(#685,#686,#687,#688,#689,#690,#691,#692,#693,#694,#695,
#696,#697,#698,#699,#700));
#1994=EDGE_LOOP('',(#701,#702,#703,#704));
#1995=EDGE_LOOP('',(#705,#706,#707,#708));
#1996=EDGE_LOOP('',(#709,#710,#711,#712,#713,#714,#715,#716,#717,#718,#719,
#720));
#1997=EDGE_LOOP('',(#721,#722,#723,#724,#725,#726,#727,#728,#729,#730,#731,
#732));
#1998=EDGE_LOOP('',(#733,#734,#735,#736,#737,#738,#739,#740,#741,#742,#743,
#744,#745,#746,#747,#748,#749,#750,#751,#752,#753,#754,#755,#756,#757,#758,
#759,#760));
#1999=EDGE_LOOP('',(#761,#762,#763,#764));
#2000=EDGE_LOOP('',(#765,#766,#767,#768));
#2001=EDGE_LOOP('',(#769,#770,#771,#772));
#2002=EDGE_LOOP('',(#773,#774,#775,#776));
#2003=EDGE_LOOP('',(#777,#778,#779,#780));
#2004=EDGE_LOOP('',(#781));
#2005=EDGE_LOOP('',(#782));
#2006=EDGE_LOOP('',(#783));
#2007=EDGE_LOOP('',(#784));
#2008=EDGE_LOOP('',(#785));
#2009=EDGE_LOOP('',(#786));
#2010=EDGE_LOOP('',(#787));
#2011=EDGE_LOOP('',(#788));
#2012=EDGE_LOOP('',(#789));
#2013=EDGE_LOOP('',(#790));
#2014=EDGE_LOOP('',(#791));
#2015=EDGE_LOOP('',(#792));
#2016=EDGE_LOOP('',(#793,#794,#795,#796));
#2017=EDGE_LOOP('',(#797,#798,#799,#800,#801,#802,#803,#804));
#2018=EDGE_LOOP('',(#805,#806,#807,#808));
#2019=EDGE_LOOP('',(#809,#810,#811,#812,#813,#814,#815,#816));
#2020=EDGE_LOOP('',(#817,#818,#819,#820));
#2021=EDGE_LOOP('',(#821,#822,#823,#824));
#2022=EDGE_LOOP('',(#825));
#2023=EDGE_LOOP('',(#826));
#2024=EDGE_LOOP('',(#827));
#2025=EDGE_LOOP('',(#828));
#2026=EDGE_LOOP('',(#829,#830,#831,#832));
#2027=EDGE_LOOP('',(#833,#834,#835,#836));
#2028=EDGE_LOOP('',(#837,#838,#839,#840));
#2029=EDGE_LOOP('',(#841,#842,#843,#844));
#2030=EDGE_LOOP('',(#845,#846,#847,#848,#849,#850,#851,#852));
#2031=EDGE_LOOP('',(#853,#854,#855,#856));
#2032=EDGE_LOOP('',(#857,#858,#859,#860,#861,#862,#863,#864));
#2033=EDGE_LOOP('',(#865,#866,#867,#868));
#2034=EDGE_LOOP('',(#869,#870,#871,#872));
#2035=EDGE_LOOP('',(#873,#874,#875,#876));
#2036=EDGE_LOOP('',(#877,#878,#879,#880));
#2037=EDGE_LOOP('',(#881,#882,#883,#884));
#2038=EDGE_LOOP('',(#885,#886,#887,#888));
#2039=EDGE_LOOP('',(#889,#890,#891,#892));
#2040=EDGE_LOOP('',(#893,#894,#895,#896));
#2041=EDGE_LOOP('',(#897,#898,#899,#900));
#2042=EDGE_LOOP('',(#901,#902,#903,#904));
#2043=EDGE_LOOP('',(#905,#906,#907,#908));
#2044=EDGE_LOOP('',(#909,#910,#911,#912));
#2045=EDGE_LOOP('',(#913,#914,#915,#916));
#2046=EDGE_LOOP('',(#917,#918,#919,#920));
#2047=EDGE_LOOP('',(#921,#922,#923,#924));
#2048=EDGE_LOOP('',(#925,#926,#927,#928));
#2049=EDGE_LOOP('',(#929,#930,#931,#932,#933,#934,#935,#936,#937,#938,#939,
#940,#941,#942,#943,#944));
#2050=EDGE_LOOP('',(#945,#946,#947,#948));
#2051=EDGE_LOOP('',(#949,#950,#951,#952));
#2052=EDGE_LOOP('',(#953,#954,#955,#956));
#2053=EDGE_LOOP('',(#957,#958,#959,#960));
#2054=EDGE_LOOP('',(#961,#962,#963,#964));
#2055=EDGE_LOOP('',(#965,#966,#967,#968));
#2056=EDGE_LOOP('',(#969,#970,#971,#972));
#2057=EDGE_LOOP('',(#973,#974,#975,#976));
#2058=EDGE_LOOP('',(#977,#978,#979,#980));
#2059=EDGE_LOOP('',(#981,#982,#983,#984));
#2060=EDGE_LOOP('',(#985,#986,#987,#988));
#2061=EDGE_LOOP('',(#989,#990,#991,#992));
#2062=EDGE_LOOP('',(#993,#994,#995,#996,#997,#998,#999,#1000,#1001,#1002,
#1003,#1004));
#2063=EDGE_LOOP('',(#1005,#1006,#1007,#1008));
#2064=EDGE_LOOP('',(#1009,#1010,#1011,#1012));
#2065=EDGE_LOOP('',(#1013,#1014,#1015,#1016));
#2066=EDGE_LOOP('',(#1017,#1018,#1019,#1020));
#2067=EDGE_LOOP('',(#1021,#1022,#1023,#1024));
#2068=EDGE_LOOP('',(#1025,#1026,#1027,#1028));
#2069=EDGE_LOOP('',(#1029,#1030,#1031,#1032));
#2070=EDGE_LOOP('',(#1033,#1034,#1035,#1036));
#2071=EDGE_LOOP('',(#1037,#1038,#1039,#1040));
#2072=EDGE_LOOP('',(#1041,#1042,#1043,#1044));
#2073=EDGE_LOOP('',(#1045,#1046,#1047,#1048));
#2074=EDGE_LOOP('',(#1049,#1050,#1051,#1052));
#2075=EDGE_LOOP('',(#1053,#1054,#1055,#1056));
#2076=EDGE_LOOP('',(#1057,#1058,#1059,#1060));
#2077=EDGE_LOOP('',(#1061,#1062,#1063,#1064));
#2078=EDGE_LOOP('',(#1065,#1066,#1067,#1068));
#2079=EDGE_LOOP('',(#1069,#1070,#1071,#1072,#1073,#1074,#1075,#1076,#1077,
#1078,#1079,#1080,#1081,#1082,#1083,#1084));
#2080=EDGE_LOOP('',(#1085,#1086,#1087,#1088));
#2081=EDGE_LOOP('',(#1089,#1090,#1091,#1092));
#2082=EDGE_LOOP('',(#1093,#1094,#1095,#1096));
#2083=EDGE_LOOP('',(#1097,#1098,#1099,#1100));
#2084=EDGE_LOOP('',(#1101,#1102,#1103,#1104));
#2085=EDGE_LOOP('',(#1105,#1106,#1107,#1108));
#2086=EDGE_LOOP('',(#1109,#1110,#1111,#1112));
#2087=EDGE_LOOP('',(#1113,#1114,#1115,#1116));
#2088=EDGE_LOOP('',(#1117,#1118,#1119,#1120));
#2089=EDGE_LOOP('',(#1121,#1122,#1123,#1124));
#2090=EDGE_LOOP('',(#1125,#1126,#1127,#1128));
#2091=EDGE_LOOP('',(#1129,#1130,#1131,#1132));
#2092=EDGE_LOOP('',(#1133,#1134,#1135,#1136,#1137,#1138,#1139,#1140,#1141,
#1142,#1143,#1144));
#2093=EDGE_LOOP('',(#1145,#1146,#1147,#1148));
#2094=EDGE_LOOP('',(#1149,#1150,#1151,#1152));
#2095=EDGE_LOOP('',(#1153,#1154,#1155,#1156));
#2096=EDGE_LOOP('',(#1157,#1158,#1159,#1160));
#2097=EDGE_LOOP('',(#1161,#1162,#1163,#1164));
#2098=EDGE_LOOP('',(#1165,#1166,#1167,#1168));
#2099=EDGE_LOOP('',(#1169,#1170,#1171,#1172));
#2100=EDGE_LOOP('',(#1173,#1174,#1175,#1176));
#2101=EDGE_LOOP('',(#1177,#1178,#1179,#1180));
#2102=EDGE_LOOP('',(#1181,#1182,#1183,#1184));
#2103=EDGE_LOOP('',(#1185,#1186,#1187,#1188));
#2104=EDGE_LOOP('',(#1189,#1190,#1191,#1192));
#2105=EDGE_LOOP('',(#1193,#1194,#1195,#1196));
#2106=EDGE_LOOP('',(#1197,#1198,#1199,#1200));
#2107=EDGE_LOOP('',(#1201,#1202,#1203,#1204));
#2108=EDGE_LOOP('',(#1205,#1206,#1207,#1208,#1209,#1210,#1211,#1212,#1213,
#1214,#1215,#1216,#1217,#1218,#1219));
#2109=EDGE_LOOP('',(#1220,#1221,#1222,#1223));
#2110=EDGE_LOOP('',(#1224,#1225,#1226,#1227));
#2111=EDGE_LOOP('',(#1228,#1229,#1230,#1231));
#2112=EDGE_LOOP('',(#1232,#1233,#1234,#1235));
#2113=EDGE_LOOP('',(#1236,#1237,#1238,#1239));
#2114=EDGE_LOOP('',(#1240,#1241,#1242,#1243));
#2115=EDGE_LOOP('',(#1244,#1245,#1246,#1247));
#2116=EDGE_LOOP('',(#1248,#1249,#1250,#1251));
#2117=EDGE_LOOP('',(#1252,#1253,#1254,#1255));
#2118=EDGE_LOOP('',(#1256,#1257,#1258,#1259));
#2119=EDGE_LOOP('',(#1260,#1261,#1262,#1263));
#2120=EDGE_LOOP('',(#1264,#1265,#1266,#1267));
#2121=EDGE_LOOP('',(#1268,#1269,#1270,#1271));
#2122=EDGE_LOOP('',(#1272,#1273,#1274,#1275));
#2123=EDGE_LOOP('',(#1276,#1277,#1278,#1279));
#2124=EDGE_LOOP('',(#1280,#1281,#1282,#1283));
#2125=EDGE_LOOP('',(#1284,#1285,#1286,#1287));
#2126=EDGE_LOOP('',(#1288,#1289,#1290,#1291));
#2127=EDGE_LOOP('',(#1292,#1293,#1294,#1295));
#2128=EDGE_LOOP('',(#1296,#1297,#1298,#1299));
#2129=EDGE_LOOP('',(#1300,#1301,#1302,#1303));
#2130=EDGE_LOOP('',(#1304,#1305,#1306,#1307));
#2131=EDGE_LOOP('',(#1308,#1309,#1310,#1311));
#2132=EDGE_LOOP('',(#1312,#1313,#1314,#1315));
#2133=EDGE_LOOP('',(#1316,#1317,#1318,#1319));
#2134=EDGE_LOOP('',(#1320,#1321,#1322,#1323));
#2135=EDGE_LOOP('',(#1324,#1325,#1326,#1327));
#2136=EDGE_LOOP('',(#1328,#1329,#1330,#1331));
#2137=EDGE_LOOP('',(#1332,#1333,#1334,#1335,#1336,#1337,#1338,#1339,#1340,
#1341,#1342,#1343,#1344,#1345,#1346,#1347,#1348,#1349,#1350,#1351,#1352,
#1353,#1354,#1355,#1356,#1357,#1358,#1359));
#2138=FACE_BOUND('',#1991,.T.);
#2139=FACE_BOUND('',#1992,.T.);
#2140=FACE_BOUND('',#1993,.T.);
#2141=FACE_BOUND('',#1994,.T.);
#2142=FACE_BOUND('',#1995,.T.);
#2143=FACE_BOUND('',#1996,.T.);
#2144=FACE_BOUND('',#1997,.T.);
#2145=FACE_BOUND('',#1998,.T.);
#2146=FACE_BOUND('',#1999,.T.);
#2147=FACE_BOUND('',#2000,.T.);
#2148=FACE_BOUND('',#2001,.T.);
#2149=FACE_BOUND('',#2002,.T.);
#2150=FACE_BOUND('',#2003,.T.);
#2151=FACE_BOUND('',#2004,.T.);
#2152=FACE_BOUND('',#2005,.T.);
#2153=FACE_BOUND('',#2006,.T.);
#2154=FACE_BOUND('',#2007,.T.);
#2155=FACE_BOUND('',#2008,.T.);
#2156=FACE_BOUND('',#2009,.T.);
#2157=FACE_BOUND('',#2010,.T.);
#2158=FACE_BOUND('',#2011,.T.);
#2159=FACE_BOUND('',#2012,.T.);
#2160=FACE_BOUND('',#2013,.T.);
#2161=FACE_BOUND('',#2014,.T.);
#2162=FACE_BOUND('',#2015,.T.);
#2163=FACE_BOUND('',#2016,.T.);
#2164=FACE_BOUND('',#2017,.T.);
#2165=FACE_BOUND('',#2018,.T.);
#2166=FACE_BOUND('',#2019,.T.);
#2167=FACE_BOUND('',#2020,.T.);
#2168=FACE_BOUND('',#2021,.T.);
#2169=FACE_BOUND('',#2022,.T.);
#2170=FACE_BOUND('',#2023,.T.);
#2171=FACE_BOUND('',#2024,.T.);
#2172=FACE_BOUND('',#2025,.T.);
#2173=FACE_BOUND('',#2026,.T.);
#2174=FACE_BOUND('',#2027,.T.);
#2175=FACE_BOUND('',#2028,.T.);
#2176=FACE_BOUND('',#2029,.T.);
#2177=FACE_BOUND('',#2030,.T.);
#2178=FACE_BOUND('',#2031,.T.);
#2179=FACE_BOUND('',#2032,.T.);
#2180=FACE_BOUND('',#2033,.T.);
#2181=FACE_BOUND('',#2034,.T.);
#2182=FACE_BOUND('',#2035,.T.);
#2183=FACE_BOUND('',#2036,.T.);
#2184=FACE_BOUND('',#2037,.T.);
#2185=FACE_BOUND('',#2038,.T.);
#2186=FACE_BOUND('',#2039,.T.);
#2187=FACE_BOUND('',#2040,.T.);
#2188=FACE_BOUND('',#2041,.T.);
#2189=FACE_BOUND('',#2042,.T.);
#2190=FACE_BOUND('',#2043,.T.);
#2191=FACE_BOUND('',#2044,.T.);
#2192=FACE_BOUND('',#2045,.T.);
#2193=FACE_BOUND('',#2046,.T.);
#2194=FACE_BOUND('',#2047,.T.);
#2195=FACE_BOUND('',#2048,.T.);
#2196=FACE_BOUND('',#2049,.T.);
#2197=FACE_BOUND('',#2050,.T.);
#2198=FACE_BOUND('',#2051,.T.);
#2199=FACE_BOUND('',#2052,.T.);
#2200=FACE_BOUND('',#2053,.T.);
#2201=FACE_BOUND('',#2054,.T.);
#2202=FACE_BOUND('',#2055,.T.);
#2203=FACE_BOUND('',#2056,.T.);
#2204=FACE_BOUND('',#2057,.T.);
#2205=FACE_BOUND('',#2058,.T.);
#2206=FACE_BOUND('',#2059,.T.);
#2207=FACE_BOUND('',#2060,.T.);
#2208=FACE_BOUND('',#2061,.T.);
#2209=FACE_BOUND('',#2062,.T.);
#2210=FACE_BOUND('',#2063,.T.);
#2211=FACE_BOUND('',#2064,.T.);
#2212=FACE_BOUND('',#2065,.T.);
#2213=FACE_BOUND('',#2066,.T.);
#2214=FACE_BOUND('',#2067,.T.);
#2215=FACE_BOUND('',#2068,.T.);
#2216=FACE_BOUND('',#2069,.T.);
#2217=FACE_BOUND('',#2070,.T.);
#2218=FACE_BOUND('',#2071,.T.);
#2219=FACE_BOUND('',#2072,.T.);
#2220=FACE_BOUND('',#2073,.T.);
#2221=FACE_BOUND('',#2074,.T.);
#2222=FACE_BOUND('',#2075,.T.);
#2223=FACE_BOUND('',#2076,.T.);
#2224=FACE_BOUND('',#2077,.T.);
#2225=FACE_BOUND('',#2078,.T.);
#2226=FACE_BOUND('',#2079,.T.);
#2227=FACE_BOUND('',#2080,.T.);
#2228=FACE_BOUND('',#2081,.T.);
#2229=FACE_BOUND('',#2082,.T.);
#2230=FACE_BOUND('',#2083,.T.);
#2231=FACE_BOUND('',#2084,.T.);
#2232=FACE_BOUND('',#2085,.T.);
#2233=FACE_BOUND('',#2086,.T.);
#2234=FACE_BOUND('',#2087,.T.);
#2235=FACE_BOUND('',#2088,.T.);
#2236=FACE_BOUND('',#2089,.T.);
#2237=FACE_BOUND('',#2090,.T.);
#2238=FACE_BOUND('',#2091,.T.);
#2239=FACE_BOUND('',#2092,.T.);
#2240=FACE_BOUND('',#2093,.T.);
#2241=FACE_BOUND('',#2094,.T.);
#2242=FACE_BOUND('',#2095,.T.);
#2243=FACE_BOUND('',#2096,.T.);
#2244=FACE_BOUND('',#2097,.T.);
#2245=FACE_BOUND('',#2098,.T.);
#2246=FACE_BOUND('',#2099,.T.);
#2247=FACE_BOUND('',#2100,.T.);
#2248=FACE_BOUND('',#2101,.T.);
#2249=FACE_BOUND('',#2102,.T.);
#2250=FACE_BOUND('',#2103,.T.);
#2251=FACE_BOUND('',#2104,.T.);
#2252=FACE_BOUND('',#2105,.T.);
#2253=FACE_BOUND('',#2106,.T.);
#2254=FACE_BOUND('',#2107,.T.);
#2255=FACE_BOUND('',#2108,.T.);
#2256=FACE_BOUND('',#2109,.T.);
#2257=FACE_BOUND('',#2110,.T.);
#2258=FACE_BOUND('',#2111,.T.);
#2259=FACE_BOUND('',#2112,.T.);
#2260=FACE_BOUND('',#2113,.T.);
#2261=FACE_BOUND('',#2114,.T.);
#2262=FACE_BOUND('',#2115,.T.);
#2263=FACE_BOUND('',#2116,.T.);
#2264=FACE_BOUND('',#2117,.T.);
#2265=FACE_BOUND('',#2118,.T.);
#2266=FACE_BOUND('',#2119,.T.);
#2267=FACE_BOUND('',#2120,.T.);
#2268=FACE_BOUND('',#2121,.T.);
#2269=FACE_BOUND('',#2122,.T.);
#2270=FACE_BOUND('',#2123,.T.);
#2271=FACE_BOUND('',#2124,.T.);
#2272=FACE_BOUND('',#2125,.T.);
#2273=FACE_BOUND('',#2126,.T.);
#2274=FACE_BOUND('',#2127,.T.);
#2275=FACE_BOUND('',#2128,.T.);
#2276=FACE_BOUND('',#2129,.T.);
#2277=FACE_BOUND('',#2130,.T.);
#2278=FACE_BOUND('',#2131,.T.);
#2279=FACE_BOUND('',#2132,.T.);
#2280=FACE_BOUND('',#2133,.T.);
#2281=FACE_BOUND('',#2134,.T.);
#2282=FACE_BOUND('',#2135,.T.);
#2283=FACE_BOUND('',#2136,.T.);
#2284=FACE_BOUND('',#2137,.T.);
#2285=PLANE('',#2526);
#2286=PLANE('',#2527);
#2287=PLANE('',#2528);
#2288=PLANE('',#2529);
#2289=PLANE('',#2530);
#2290=PLANE('',#2543);
#2291=PLANE('',#2544);
#2292=PLANE('',#2545);
#2293=PLANE('',#2546);
#2294=PLANE('',#2547);
#2295=PLANE('',#2548);
#2296=PLANE('',#2549);
#2297=PLANE('',#2550);
#2298=PLANE('',#2551);
#2299=PLANE('',#2552);
#2300=PLANE('',#2553);
#2301=PLANE('',#2554);
#2302=PLANE('',#2555);
#2303=PLANE('',#2556);
#2304=PLANE('',#2557);
#2305=PLANE('',#2558);
#2306=PLANE('',#2559);
#2307=PLANE('',#2560);
#2308=PLANE('',#2561);
#2309=PLANE('',#2562);
#2310=PLANE('',#2563);
#2311=PLANE('',#2564);
#2312=PLANE('',#2565);
#2313=PLANE('',#2566);
#2314=PLANE('',#2567);
#2315=PLANE('',#2568);
#2316=PLANE('',#2569);
#2317=PLANE('',#2570);
#2318=PLANE('',#2571);
#2319=PLANE('',#2572);
#2320=PLANE('',#2573);
#2321=PLANE('',#2574);
#2322=PLANE('',#2575);
#2323=PLANE('',#2576);
#2324=PLANE('',#2577);
#2325=PLANE('',#2578);
#2326=PLANE('',#2579);
#2327=PLANE('',#2580);
#2328=PLANE('',#2581);
#2329=PLANE('',#2582);
#2330=PLANE('',#2583);
#2331=PLANE('',#2584);
#2332=PLANE('',#2585);
#2333=PLANE('',#2586);
#2334=PLANE('',#2587);
#2335=PLANE('',#2588);
#2336=PLANE('',#2589);
#2337=PLANE('',#2590);
#2338=PLANE('',#2591);
#2339=PLANE('',#2592);
#2340=PLANE('',#2593);
#2341=PLANE('',#2594);
#2342=PLANE('',#2595);
#2343=PLANE('',#2596);
#2344=PLANE('',#2597);
#2345=PLANE('',#2598);
#2346=PLANE('',#2599);
#2347=PLANE('',#2600);
#2348=PLANE('',#2601);
#2349=PLANE('',#2602);
#2350=PLANE('',#2603);
#2351=PLANE('',#2604);
#2352=PLANE('',#2605);
#2353=PLANE('',#2606);
#2354=PLANE('',#2607);
#2355=PLANE('',#2608);
#2356=PLANE('',#2609);
#2357=PLANE('',#2610);
#2358=PLANE('',#2611);
#2359=PLANE('',#2612);
#2360=PLANE('',#2613);
#2361=PLANE('',#2614);
#2362=PLANE('',#2615);
#2363=PLANE('',#2616);
#2364=PLANE('',#2617);
#2365=PLANE('',#2618);
#2366=PLANE('',#2619);
#2367=PLANE('',#2620);
#2368=PLANE('',#2621);
#2369=PLANE('',#2622);
#2370=PLANE('',#2623);
#2371=PLANE('',#2624);
#2372=PLANE('',#2625);
#2373=PLANE('',#2626);
#2374=PLANE('',#2627);
#2375=PLANE('',#2628);
#2376=PLANE('',#2629);
#2377=PLANE('',#2630);
#2378=PLANE('',#2631);
#2379=PLANE('',#2632);
#2380=PLANE('',#2633);
#2381=PLANE('',#2634);
#2382=PLANE('',#2635);
#2383=PLANE('',#2636);
#2384=PLANE('',#2637);
#2385=PLANE('',#2638);
#2386=PLANE('',#2639);
#2387=ADVANCED_FACE('',(#2138,#2139,#2140,#2141,#2142,#2143,#2144,#2145),
#2285,.F.);
#2388=ADVANCED_FACE('',(#2146,#2147),#2286,.T.);
#2389=ADVANCED_FACE('',(#2148),#2287,.T.);
#2390=ADVANCED_FACE('',(#2149),#2288,.T.);
#2391=ADVANCED_FACE('',(#2150),#2289,.F.);
#2392=ADVANCED_FACE('',(#2151,#2152),#40,.F.);
#2393=ADVANCED_FACE('',(#2153,#2154),#41,.F.);
#2394=ADVANCED_FACE('',(#2155,#2156),#42,.F.);
#2395=ADVANCED_FACE('',(#2157,#2158),#43,.F.);
#2396=ADVANCED_FACE('',(#2159,#2160,#2161,#2162,#2163),#2290,.F.);
#2397=ADVANCED_FACE('',(#2164),#2291,.T.);
#2398=ADVANCED_FACE('',(#2165),#2292,.F.);
#2399=ADVANCED_FACE('',(#2166),#2293,.F.);
#2400=ADVANCED_FACE('',(#2167),#2294,.T.);
#2401=ADVANCED_FACE('',(#2168,#2169,#2170,#2171,#2172,#2173),#2295,.T.);
#2402=ADVANCED_FACE('',(#2174),#2296,.T.);
#2403=ADVANCED_FACE('',(#2175),#2297,.T.);
#2404=ADVANCED_FACE('',(#2176),#2298,.T.);
#2405=ADVANCED_FACE('',(#2177),#2299,.F.);
#2406=ADVANCED_FACE('',(#2178),#2300,.F.);
#2407=ADVANCED_FACE('',(#2179),#2301,.T.);
#2408=ADVANCED_FACE('',(#2180),#2302,.T.);
#2409=ADVANCED_FACE('',(#2181),#2303,.T.);
#2410=ADVANCED_FACE('',(#2182),#2304,.T.);
#2411=ADVANCED_FACE('',(#2183),#2305,.T.);
#2412=ADVANCED_FACE('',(#2184),#2306,.T.);
#2413=ADVANCED_FACE('',(#2185),#2307,.T.);
#2414=ADVANCED_FACE('',(#2186),#2308,.T.);
#2415=ADVANCED_FACE('',(#2187),#2309,.T.);
#2416=ADVANCED_FACE('',(#2188),#2310,.T.);
#2417=ADVANCED_FACE('',(#2189),#2311,.T.);
#2418=ADVANCED_FACE('',(#2190),#2312,.T.);
#2419=ADVANCED_FACE('',(#2191),#2313,.T.);
#2420=ADVANCED_FACE('',(#2192),#2314,.T.);
#2421=ADVANCED_FACE('',(#2193),#2315,.T.);
#2422=ADVANCED_FACE('',(#2194),#2316,.T.);
#2423=ADVANCED_FACE('',(#2195),#2317,.T.);
#2424=ADVANCED_FACE('',(#2196),#2318,.T.);
#2425=ADVANCED_FACE('',(#2197),#2319,.T.);
#2426=ADVANCED_FACE('',(#2198),#2320,.T.);
#2427=ADVANCED_FACE('',(#2199),#2321,.T.);
#2428=ADVANCED_FACE('',(#2200),#2322,.T.);
#2429=ADVANCED_FACE('',(#2201),#2323,.T.);
#2430=ADVANCED_FACE('',(#2202),#2324,.T.);
#2431=ADVANCED_FACE('',(#2203),#2325,.T.);
#2432=ADVANCED_FACE('',(#2204),#2326,.T.);
#2433=ADVANCED_FACE('',(#2205),#2327,.T.);
#2434=ADVANCED_FACE('',(#2206),#2328,.T.);
#2435=ADVANCED_FACE('',(#2207),#2329,.T.);
#2436=ADVANCED_FACE('',(#2208),#2330,.T.);
#2437=ADVANCED_FACE('',(#2209),#2331,.T.);
#2438=ADVANCED_FACE('',(#2210),#2332,.T.);
#2439=ADVANCED_FACE('',(#2211),#2333,.T.);
#2440=ADVANCED_FACE('',(#2212),#2334,.T.);
#2441=ADVANCED_FACE('',(#2213),#2335,.T.);
#2442=ADVANCED_FACE('',(#2214),#2336,.T.);
#2443=ADVANCED_FACE('',(#2215),#2337,.T.);
#2444=ADVANCED_FACE('',(#2216),#2338,.T.);
#2445=ADVANCED_FACE('',(#2217),#2339,.T.);
#2446=ADVANCED_FACE('',(#2218),#2340,.T.);
#2447=ADVANCED_FACE('',(#2219),#2341,.T.);
#2448=ADVANCED_FACE('',(#2220),#2342,.T.);
#2449=ADVANCED_FACE('',(#2221),#2343,.T.);
#2450=ADVANCED_FACE('',(#2222),#2344,.T.);
#2451=ADVANCED_FACE('',(#2223),#2345,.T.);
#2452=ADVANCED_FACE('',(#2224),#2346,.T.);
#2453=ADVANCED_FACE('',(#2225),#2347,.T.);
#2454=ADVANCED_FACE('',(#2226),#2348,.T.);
#2455=ADVANCED_FACE('',(#2227),#12,.T.);
#2456=ADVANCED_FACE('',(#2228),#2349,.T.);
#2457=ADVANCED_FACE('',(#2229),#2350,.T.);
#2458=ADVANCED_FACE('',(#2230),#2351,.T.);
#2459=ADVANCED_FACE('',(#2231),#2352,.T.);
#2460=ADVANCED_FACE('',(#2232),#2353,.T.);
#2461=ADVANCED_FACE('',(#2233),#2354,.T.);
#2462=ADVANCED_FACE('',(#2234),#2355,.T.);
#2463=ADVANCED_FACE('',(#2235),#13,.T.);
#2464=ADVANCED_FACE('',(#2236),#14,.T.);
#2465=ADVANCED_FACE('',(#2237),#2356,.T.);
#2466=ADVANCED_FACE('',(#2238),#15,.T.);
#2467=ADVANCED_FACE('',(#2239),#2357,.T.);
#2468=ADVANCED_FACE('',(#2240),#16,.T.);
#2469=ADVANCED_FACE('',(#2241),#2358,.T.);
#2470=ADVANCED_FACE('',(#2242),#2359,.T.);
#2471=ADVANCED_FACE('',(#2243),#2360,.T.);
#2472=ADVANCED_FACE('',(#2244),#2361,.T.);
#2473=ADVANCED_FACE('',(#2245),#2362,.T.);
#2474=ADVANCED_FACE('',(#2246),#2363,.T.);
#2475=ADVANCED_FACE('',(#2247),#2364,.T.);
#2476=ADVANCED_FACE('',(#2248),#2365,.T.);
#2477=ADVANCED_FACE('',(#2249),#2366,.T.);
#2478=ADVANCED_FACE('',(#2250),#2367,.T.);
#2479=ADVANCED_FACE('',(#2251),#2368,.T.);
#2480=ADVANCED_FACE('',(#2252),#17,.T.);
#2481=ADVANCED_FACE('',(#2253),#18,.T.);
#2482=ADVANCED_FACE('',(#2254),#19,.T.);
#2483=ADVANCED_FACE('',(#2255),#2369,.T.);
#2484=ADVANCED_FACE('',(#2256),#20,.T.);
#2485=ADVANCED_FACE('',(#2257),#2370,.T.);
#2486=ADVANCED_FACE('',(#2258),#2371,.T.);
#2487=ADVANCED_FACE('',(#2259),#2372,.T.);
#2488=ADVANCED_FACE('',(#2260),#2373,.T.);
#2489=ADVANCED_FACE('',(#2261),#2374,.T.);
#2490=ADVANCED_FACE('',(#2262),#2375,.T.);
#2491=ADVANCED_FACE('',(#2263),#2376,.T.);
#2492=ADVANCED_FACE('',(#2264),#2377,.T.);
#2493=ADVANCED_FACE('',(#2265),#2378,.T.);
#2494=ADVANCED_FACE('',(#2266),#2379,.T.);
#2495=ADVANCED_FACE('',(#2267),#2380,.T.);
#2496=ADVANCED_FACE('',(#2268),#21,.T.);
#2497=ADVANCED_FACE('',(#2269),#22,.T.);
#2498=ADVANCED_FACE('',(#2270),#2381,.T.);
#2499=ADVANCED_FACE('',(#2271),#23,.T.);
#2500=ADVANCED_FACE('',(#2272),#24,.T.);
#2501=ADVANCED_FACE('',(#2273),#2382,.T.);
#2502=ADVANCED_FACE('',(#2274),#2383,.T.);
#2503=ADVANCED_FACE('',(#2275),#2384,.T.);
#2504=ADVANCED_FACE('',(#2276),#25,.T.);
#2505=ADVANCED_FACE('',(#2277),#26,.T.);
#2506=ADVANCED_FACE('',(#2278),#2385,.T.);
#2507=ADVANCED_FACE('',(#2279),#27,.T.);
#2508=ADVANCED_FACE('',(#2280),#28,.T.);
#2509=ADVANCED_FACE('',(#2281),#29,.T.);
#2510=ADVANCED_FACE('',(#2282),#30,.T.);
#2511=ADVANCED_FACE('',(#2283),#31,.T.);
#2512=ADVANCED_FACE('',(#2284),#2386,.T.);
#2513=CLOSED_SHELL('',(#2387,#2388,#2389,#2390,#2391,#2392,#2393,#2394,
#2395,#2396,#2397,#2398,#2399,#2400,#2401,#2402,#2403,#2404,#2405,#2406,
#2407,#2408,#2409,#2410,#2411,#2412,#2413,#2414,#2415,#2416,#2417,#2418,
#2419,#2420,#2421,#2422,#2423,#2424,#2425,#2426,#2427,#2428,#2429,#2430,
#2431,#2432,#2433,#2434,#2435,#2436,#2437,#2438,#2439,#2440,#2441,#2442,
#2443,#2444,#2445,#2446,#2447,#2448,#2449,#2450,#2451,#2452,#2453,#2454,
#2455,#2456,#2457,#2458,#2459,#2460,#2461,#2462,#2463,#2464,#2465,#2466,
#2467,#2468,#2469,#2470,#2471,#2472,#2473,#2474,#2475,#2476,#2477,#2478,
#2479,#2480,#2481,#2482,#2483,#2484,#2485,#2486,#2487,#2488,#2489,#2490,
#2491,#2492,#2493,#2494,#2495,#2496,#2497,#2498,#2499,#2500,#2501,#2502,
#2503,#2504,#2505,#2506,#2507,#2508,#2509,#2510,#2511,#2512));
#2514=STYLED_ITEM('',(#2515),#2522);
#2515=PRESENTATION_STYLE_ASSIGNMENT((#2516));
#2516=SURFACE_STYLE_USAGE(.BOTH.,#2517);
#2517=SURFACE_SIDE_STYLE('',(#2518));
#2518=SURFACE_STYLE_FILL_AREA(#2519);
#2519=FILL_AREA_STYLE('',(#2520));
#2520=FILL_AREA_STYLE_COLOUR('',#2521);
#2521=COLOUR_RGB('',0.917647058823529,0.917647058823529,0.917647058823529);
#2522=MANIFOLD_SOLID_BREP('Part 4',#2513);
#2523=SHAPE_DEFINITION_REPRESENTATION(#4119,#2524);
#2524=SHAPE_REPRESENTATION('Part 4',(#2525),#4114);
#2525=AXIS2_PLACEMENT_3D('',#3175,#2640,#2641);
#2526=AXIS2_PLACEMENT_3D('',#3176,#2642,#2643);
#2527=AXIS2_PLACEMENT_3D('',#3431,#2731,#2732);
#2528=AXIS2_PLACEMENT_3D('',#3448,#2741,#2742);
#2529=AXIS2_PLACEMENT_3D('',#3457,#2747,#2748);
#2530=AXIS2_PLACEMENT_3D('',#3460,#2751,#2752);
#2531=AXIS2_PLACEMENT_3D('',#3463,#2755,#2756);
#2532=AXIS2_PLACEMENT_3D('',#3464,#2757,#2758);
#2533=AXIS2_PLACEMENT_3D('',#3466,#2759,#2760);
#2534=AXIS2_PLACEMENT_3D('',#3468,#2761,#2762);
#2535=AXIS2_PLACEMENT_3D('',#3469,#2763,#2764);
#2536=AXIS2_PLACEMENT_3D('',#3471,#2765,#2766);
#2537=AXIS2_PLACEMENT_3D('',#3473,#2767,#2768);
#2538=AXIS2_PLACEMENT_3D('',#3474,#2769,#2770);
#2539=AXIS2_PLACEMENT_3D('',#3476,#2771,#2772);
#2540=AXIS2_PLACEMENT_3D('',#3478,#2773,#2774);
#2541=AXIS2_PLACEMENT_3D('',#3479,#2775,#2776);
#2542=AXIS2_PLACEMENT_3D('',#3481,#2777,#2778);
#2543=AXIS2_PLACEMENT_3D('',#3483,#2779,#2780);
#2544=AXIS2_PLACEMENT_3D('',#3484,#2781,#2782);
#2545=AXIS2_PLACEMENT_3D('',#3498,#2790,#2791);
#2546=AXIS2_PLACEMENT_3D('',#3504,#2795,#2796);
#2547=AXIS2_PLACEMENT_3D('',#3515,#2803,#2804);
#2548=AXIS2_PLACEMENT_3D('',#3517,#2806,#2807);
#2549=AXIS2_PLACEMENT_3D('',#3518,#2808,#2809);
#2550=AXIS2_PLACEMENT_3D('',#3520,#2811,#2812);
#2551=AXIS2_PLACEMENT_3D('',#3523,#2815,#2816);
#2552=AXIS2_PLACEMENT_3D('',#3526,#2819,#2820);
#2553=AXIS2_PLACEMENT_3D('',#3528,#2822,#2823);
#2554=AXIS2_PLACEMENT_3D('',#3530,#2825,#2826);
#2555=AXIS2_PLACEMENT_3D('',#3531,#2827,#2828);
#2556=AXIS2_PLACEMENT_3D('',#3537,#2832,#2833);
#2557=AXIS2_PLACEMENT_3D('',#3541,#2836,#2837);
#2558=AXIS2_PLACEMENT_3D('',#3545,#2840,#2841);
#2559=AXIS2_PLACEMENT_3D('',#3549,#2844,#2845);
#2560=AXIS2_PLACEMENT_3D('',#3553,#2848,#2849);
#2561=AXIS2_PLACEMENT_3D('',#3557,#2852,#2853);
#2562=AXIS2_PLACEMENT_3D('',#3561,#2856,#2857);
#2563=AXIS2_PLACEMENT_3D('',#3565,#2860,#2861);
#2564=AXIS2_PLACEMENT_3D('',#3569,#2864,#2865);
#2565=AXIS2_PLACEMENT_3D('',#3573,#2868,#2869);
#2566=AXIS2_PLACEMENT_3D('',#3577,#2872,#2873);
#2567=AXIS2_PLACEMENT_3D('',#3581,#2876,#2877);
#2568=AXIS2_PLACEMENT_3D('',#3585,#2880,#2881);
#2569=AXIS2_PLACEMENT_3D('',#3589,#2884,#2885);
#2570=AXIS2_PLACEMENT_3D('',#3593,#2888,#2889);
#2571=AXIS2_PLACEMENT_3D('',#3595,#2891,#2892);
#2572=AXIS2_PLACEMENT_3D('',#3596,#2893,#2894);
#2573=AXIS2_PLACEMENT_3D('',#3602,#2898,#2899);
#2574=AXIS2_PLACEMENT_3D('',#3606,#2902,#2903);
#2575=AXIS2_PLACEMENT_3D('',#3610,#2906,#2907);
#2576=AXIS2_PLACEMENT_3D('',#3614,#2910,#2911);
#2577=AXIS2_PLACEMENT_3D('',#3618,#2914,#2915);
#2578=AXIS2_PLACEMENT_3D('',#3622,#2918,#2919);
#2579=AXIS2_PLACEMENT_3D('',#3626,#2922,#2923);
#2580=AXIS2_PLACEMENT_3D('',#3630,#2926,#2927);
#2581=AXIS2_PLACEMENT_3D('',#3634,#2930,#2931);
#2582=AXIS2_PLACEMENT_3D('',#3638,#2934,#2935);
#2583=AXIS2_PLACEMENT_3D('',#3642,#2938,#2939);
#2584=AXIS2_PLACEMENT_3D('',#3644,#2941,#2942);
#2585=AXIS2_PLACEMENT_3D('',#3645,#2943,#2944);
#2586=AXIS2_PLACEMENT_3D('',#3651,#2948,#2949);
#2587=AXIS2_PLACEMENT_3D('',#3655,#2952,#2953);
#2588=AXIS2_PLACEMENT_3D('',#3659,#2956,#2957);
#2589=AXIS2_PLACEMENT_3D('',#3663,#2960,#2961);
#2590=AXIS2_PLACEMENT_3D('',#3667,#2964,#2965);
#2591=AXIS2_PLACEMENT_3D('',#3671,#2968,#2969);
#2592=AXIS2_PLACEMENT_3D('',#3675,#2972,#2973);
#2593=AXIS2_PLACEMENT_3D('',#3679,#2976,#2977);
#2594=AXIS2_PLACEMENT_3D('',#3683,#2980,#2981);
#2595=AXIS2_PLACEMENT_3D('',#3687,#2984,#2985);
#2596=AXIS2_PLACEMENT_3D('',#3691,#2988,#2989);
#2597=AXIS2_PLACEMENT_3D('',#3695,#2992,#2993);
#2598=AXIS2_PLACEMENT_3D('',#3699,#2996,#2997);
#2599=AXIS2_PLACEMENT_3D('',#3703,#3000,#3001);
#2600=AXIS2_PLACEMENT_3D('',#3707,#3004,#3005);
#2601=AXIS2_PLACEMENT_3D('',#3709,#3007,#3008);
#2602=AXIS2_PLACEMENT_3D('',#3725,#3011,#3012);
#2603=AXIS2_PLACEMENT_3D('',#3729,#3015,#3016);
#2604=AXIS2_PLACEMENT_3D('',#3733,#3019,#3020);
#2605=AXIS2_PLACEMENT_3D('',#3737,#3023,#3024);
#2606=AXIS2_PLACEMENT_3D('',#3741,#3027,#3028);
#2607=AXIS2_PLACEMENT_3D('',#3745,#3031,#3032);
#2608=AXIS2_PLACEMENT_3D('',#3749,#3035,#3036);
#2609=AXIS2_PLACEMENT_3D('',#3779,#3041,#3042);
#2610=AXIS2_PLACEMENT_3D('',#3794,#3045,#3046);
#2611=AXIS2_PLACEMENT_3D('',#3810,#3049,#3050);
#2612=AXIS2_PLACEMENT_3D('',#3814,#3053,#3054);
#2613=AXIS2_PLACEMENT_3D('',#3818,#3057,#3058);
#2614=AXIS2_PLACEMENT_3D('',#3822,#3061,#3062);
#2615=AXIS2_PLACEMENT_3D('',#3826,#3065,#3066);
#2616=AXIS2_PLACEMENT_3D('',#3830,#3069,#3070);
#2617=AXIS2_PLACEMENT_3D('',#3834,#3073,#3074);
#2618=AXIS2_PLACEMENT_3D('',#3838,#3077,#3078);
#2619=AXIS2_PLACEMENT_3D('',#3842,#3081,#3082);
#2620=AXIS2_PLACEMENT_3D('',#3846,#3085,#3086);
#2621=AXIS2_PLACEMENT_3D('',#3850,#3089,#3090);
#2622=AXIS2_PLACEMENT_3D('',#3891,#3095,#3096);
#2623=AXIS2_PLACEMENT_3D('',#3907,#3099,#3100);
#2624=AXIS2_PLACEMENT_3D('',#3911,#3103,#3104);
#2625=AXIS2_PLACEMENT_3D('',#3915,#3107,#3108);
#2626=AXIS2_PLACEMENT_3D('',#3919,#3111,#3112);
#2627=AXIS2_PLACEMENT_3D('',#3923,#3115,#3116);
#2628=AXIS2_PLACEMENT_3D('',#3927,#3119,#3120);
#2629=AXIS2_PLACEMENT_3D('',#3931,#3123,#3124);
#2630=AXIS2_PLACEMENT_3D('',#3935,#3127,#3128);
#2631=AXIS2_PLACEMENT_3D('',#3939,#3131,#3132);
#2632=AXIS2_PLACEMENT_3D('',#3943,#3135,#3136);
#2633=AXIS2_PLACEMENT_3D('',#3947,#3139,#3140);
#2634=AXIS2_PLACEMENT_3D('',#3977,#3145,#3146);
#2635=AXIS2_PLACEMENT_3D('',#4007,#3151,#3152);
#2636=AXIS2_PLACEMENT_3D('',#4011,#3155,#3156);
#2637=AXIS2_PLACEMENT_3D('',#4015,#3159,#3160);
#2638=AXIS2_PLACEMENT_3D('',#4045,#3165,#3166);
#2639=AXIS2_PLACEMENT_3D('',#4112,#3173,#3174);
#2640=DIRECTION('',(0.,0.,1.));
#2641=DIRECTION('',(1.,0.,0.));
#2642=DIRECTION('',(1.,0.,0.));
#2643=DIRECTION('',(0.,0.,-1.));
#2644=DIRECTION('',(0.,1.,0.));
#2645=DIRECTION('',(0.,0.,-1.));
#2646=DIRECTION('',(0.,-0.9818767900572,-0.189520366048001));
#2647=DIRECTION('',(0.,0.,-1.));
#2648=DIRECTION('',(0.,1.,0.));
#2649=DIRECTION('',(0.,0.,1.));
#2650=DIRECTION('',(0.,-0.981657588779448,0.190652506911711));
#2651=DIRECTION('',(0.,0.,1.));
#2652=DIRECTION('',(0.,0.981657588779448,0.190652506911711));
#2653=DIRECTION('',(0.,0.,1.));
#2654=DIRECTION('',(0.,-1.,0.));
#2655=DIRECTION('',(0.,-0.989704405264647,0.143126483222887));
#2656=DIRECTION('',(0.,-0.330435441310837,0.943828596264021));
#2657=DIRECTION('',(0.,-1.,0.));
#2658=DIRECTION('',(0.,-0.328307616766084,-0.944570859583003));
#2659=DIRECTION('',(0.,-0.989704405264647,-0.143126483222887));
#2660=DIRECTION('',(0.,0.,-1.));
#2661=DIRECTION('',(0.,1.,0.));
#2662=DIRECTION('',(0.,0.,1.));
#2663=DIRECTION('',(0.,-0.984657825384,0.174496323485772));
#2664=DIRECTION('',(0.,0.304775727103783,0.952424147199324));
#2665=DIRECTION('',(0.,1.,0.));
#2666=DIRECTION('',(0.,0.304775727103783,-0.952424147199324));
#2667=DIRECTION('',(0.,-0.984562507785907,-0.175033334717494));
#2668=DIRECTION('',(0.,0.,-1.));
#2669=DIRECTION('',(0.,1.,0.));
#2670=DIRECTION('',(0.,0.,1.));
#2671=DIRECTION('',(0.,-0.989704405264647,0.143126483222887));
#2672=DIRECTION('',(0.,-0.330435441310837,0.943828596264021));
#2673=DIRECTION('',(0.,-1.,0.));
#2674=DIRECTION('',(0.,-0.328307616766084,-0.944570859583003));
#2675=DIRECTION('',(0.,-0.989704405264647,-0.143126483222887));
#2676=DIRECTION('',(0.,0.,-1.));
#2677=DIRECTION('',(0.,1.,0.));
#2678=DIRECTION('',(0.,0.,1.));
#2679=DIRECTION('',(0.,-0.984657825384,0.174496323485772));
#2680=DIRECTION('',(0.,0.304775727103783,0.952424147199324));
#2681=DIRECTION('',(0.,1.,0.));
#2682=DIRECTION('',(0.,0.304775727103783,-0.952424147199324));
#2683=DIRECTION('',(0.,-0.984562507785907,-0.175033334717494));
#2684=DIRECTION('',(0.,0.,-1.));
#2685=DIRECTION('',(0.,1.,0.));
#2686=DIRECTION('',(0.,0.,1.));
#2687=DIRECTION('',(0.,-1.,0.));
#2688=DIRECTION('',(0.,0.,-1.));
#2689=DIRECTION('',(0.,-1.,0.));
#2690=DIRECTION('',(0.,0.,-1.));
#2691=DIRECTION('',(0.,-1.,2.89120579329468E-16));
#2692=DIRECTION('',(0.,0.,-1.));
#2693=DIRECTION('',(0.,-1.,2.16840434497101E-16));
#2694=DIRECTION('',(0.,0.,-1.));
#2695=DIRECTION('',(0.,0.,1.));
#2696=DIRECTION('',(0.,-1.,0.));
#2697=DIRECTION('',(0.,0.,-1.));
#2698=DIRECTION('',(0.,0.9818767900572,-0.189520366048001));
#2699=DIRECTION('',(0.,0.,-1.));
#2700=DIRECTION('',(0.,-0.9818767900572,-0.189520366048001));
#2701=DIRECTION('',(0.,0.,-1.));
#2702=DIRECTION('',(0.,1.,0.));
#2703=DIRECTION('',(0.,0.,1.));
#2704=DIRECTION('',(0.,-0.9818767900572,0.189520366048001));
#2705=DIRECTION('',(0.,0.,1.));
#2706=DIRECTION('',(0.,0.9818767900572,0.189520366048001));
#2707=DIRECTION('',(0.,0.,-1.));
#2708=DIRECTION('',(0.,1.,0.));
#2709=DIRECTION('',(0.,0.,1.));
#2710=DIRECTION('',(0.,-0.981657588779448,0.190652506911711));
#2711=DIRECTION('',(0.,0.,1.));
#2712=DIRECTION('',(0.,0.981657588779448,0.190652506911711));
#2713=DIRECTION('',(0.,0.,1.));
#2714=DIRECTION('',(0.,-1.,0.));
#2715=DIRECTION('',(0.,0.,-1.));
#2716=DIRECTION('',(0.,-0.989949493661167,-0.141421356237309));
#2717=DIRECTION('',(0.,0.,-1.));
#2718=DIRECTION('',(0.,1.,0.));
#2719=DIRECTION('',(0.,0.,1.));
#2720=DIRECTION('',(0.,1.,0.));
#2721=DIRECTION('',(0.,0.,-1.));
#2722=DIRECTION('',(0.,-0.9818767900572,-0.189520366048001));
#2723=DIRECTION('',(0.,0.,-1.));
#2724=DIRECTION('',(0.,1.,0.));
#2725=DIRECTION('',(0.,0.,1.));
#2726=DIRECTION('',(0.,-0.981657588779448,0.190652506911711));
#2727=DIRECTION('',(0.,0.,1.));
#2728=DIRECTION('',(0.,0.981657588779448,0.190652506911711));
#2729=DIRECTION('',(0.,0.,1.));
#2730=DIRECTION('',(0.,-1.,0.));
#2731=DIRECTION('',(1.,5.83590740446361E-17,0.));
#2732=DIRECTION('',(-5.83590740446361E-17,1.,0.));
#2733=DIRECTION('',(5.83590740446361E-17,-1.,0.));
#2734=DIRECTION('',(0.,0.,-1.));
#2735=DIRECTION('',(5.83590740446361E-17,-1.,0.));
#2736=DIRECTION('',(0.,0.,-1.));
#2737=DIRECTION('',(0.,0.,1.));
#2738=DIRECTION('',(-5.83590740446361E-17,1.,-2.89120579329468E-16));
#2739=DIRECTION('',(0.,0.,1.));
#2740=DIRECTION('',(-5.83590740446361E-17,1.,-2.16840434497101E-16));
#2741=DIRECTION('',(0.,0.,1.));
#2742=DIRECTION('',(1.,0.,0.));
#2743=DIRECTION('',(0.,-1.,0.));
#2744=DIRECTION('',(-1.,0.,0.));
#2745=DIRECTION('',(0.,-1.,0.));
#2746=DIRECTION('',(1.,0.,0.));
#2747=DIRECTION('',(0.,1.,0.));
#2748=DIRECTION('',(0.,0.,1.));
#2749=DIRECTION('',(1.,0.,0.));
#2750=DIRECTION('',(1.,0.,0.));
#2751=DIRECTION('',(0.,1.,0.));
#2752=DIRECTION('',(0.,0.,1.));
#2753=DIRECTION('',(1.,0.,0.));
#2754=DIRECTION('',(1.,0.,0.));
#2755=DIRECTION('',(0.,0.,-1.));
#2756=DIRECTION('',(-1.,0.,0.));
#2757=DIRECTION('',(0.,0.,1.));
#2758=DIRECTION('',(1.,0.,0.));
#2759=DIRECTION('',(0.,0.,1.));
#2760=DIRECTION('',(1.,0.,0.));
#2761=DIRECTION('',(0.,0.,-1.));
#2762=DIRECTION('',(-1.,0.,0.));
#2763=DIRECTION('',(0.,0.,1.));
#2764=DIRECTION('',(1.,0.,0.));
#2765=DIRECTION('',(0.,0.,1.));
#2766=DIRECTION('',(1.,0.,0.));
#2767=DIRECTION('',(0.,0.,-1.));
#2768=DIRECTION('',(-1.,0.,0.));
#2769=DIRECTION('',(0.,0.,1.));
#2770=DIRECTION('',(1.,0.,0.));
#2771=DIRECTION('',(0.,0.,1.));
#2772=DIRECTION('',(1.,0.,0.));
#2773=DIRECTION('',(0.,0.,-1.));
#2774=DIRECTION('',(-1.,0.,0.));
#2775=DIRECTION('',(0.,0.,1.));
#2776=DIRECTION('',(1.,0.,0.));
#2777=DIRECTION('',(0.,0.,1.));
#2778=DIRECTION('',(1.,0.,0.));
#2779=DIRECTION('',(0.,0.,1.));
#2780=DIRECTION('',(1.,0.,0.));
#2781=DIRECTION('',(1.,0.,0.));
#2782=DIRECTION('',(0.,0.,-1.));
#2783=DIRECTION('',(0.,0.,1.));
#2784=DIRECTION('',(0.,-1.,0.));
#2785=DIRECTION('',(0.,0.,-1.));
#2786=DIRECTION('',(0.,-1.,0.));
#2787=DIRECTION('',(0.,0.,-1.));
#2788=DIRECTION('',(0.,0.,1.));
#2789=DIRECTION('',(0.,1.,-2.89120579329468E-16));
#2790=DIRECTION('',(0.,1.,0.));
#2791=DIRECTION('',(0.,0.,1.));
#2792=DIRECTION('',(1.,0.,0.));
#2793=DIRECTION('',(0.,0.,-1.));
#2794=DIRECTION('',(1.,0.,0.));
#2795=DIRECTION('',(1.,0.,0.));
#2796=DIRECTION('',(0.,0.,-1.));
#2797=DIRECTION('',(0.,-1.,0.));
#2798=DIRECTION('',(0.,0.,1.));
#2799=DIRECTION('',(0.,1.,-2.89120579329468E-16));
#2800=DIRECTION('',(0.,0.,1.));
#2801=DIRECTION('',(0.,0.,-1.));
#2802=DIRECTION('',(0.,-1.,0.));
#2803=DIRECTION('',(0.,1.,0.));
#2804=DIRECTION('',(0.,0.,1.));
#2805=DIRECTION('',(1.,0.,0.));
#2806=DIRECTION('',(0.,0.,1.));
#2807=DIRECTION('',(1.,0.,0.));
#2808=DIRECTION('',(0.,0.,1.));
#2809=DIRECTION('',(1.,0.,0.));
#2810=DIRECTION('',(-1.,0.,0.));
#2811=DIRECTION('',(0.,-2.89120579329468E-16,-1.));
#2812=DIRECTION('',(0.,1.,-2.89120579329468E-16));
#2813=DIRECTION('',(-1.,0.,0.));
#2814=DIRECTION('',(-1.,0.,0.));
#2815=DIRECTION('',(0.,-2.89120579329468E-16,-1.));
#2816=DIRECTION('',(0.,1.,-2.89120579329468E-16));
#2817=DIRECTION('',(-1.,0.,0.));
#2818=DIRECTION('',(-1.,0.,0.));
#2819=DIRECTION('',(0.,1.,0.));
#2820=DIRECTION('',(0.,0.,1.));
#2821=DIRECTION('',(-1.,0.,0.));
#2822=DIRECTION('',(0.,-2.16840434497101E-16,-1.));
#2823=DIRECTION('',(0.,1.,-2.16840434497101E-16));
#2824=DIRECTION('',(-1.,0.,0.));
#2825=DIRECTION('',(0.,1.,0.));
#2826=DIRECTION('',(0.,0.,1.));
#2827=DIRECTION('',(0.,-0.143126483222887,-0.989704405264647));
#2828=DIRECTION('',(0.,0.989704405264647,-0.143126483222887));
#2829=DIRECTION('',(-1.,0.,0.));
#2830=DIRECTION('',(0.,-0.989704405264647,0.143126483222887));
#2831=DIRECTION('',(-1.,0.,0.));
#2832=DIRECTION('',(0.,-1.,0.));
#2833=DIRECTION('',(0.,0.,-1.));
#2834=DIRECTION('',(-1.,0.,0.));
#2835=DIRECTION('',(0.,0.,1.));
#2836=DIRECTION('',(0.,0.,1.));
#2837=DIRECTION('',(1.,0.,0.));
#2838=DIRECTION('',(-1.,0.,0.));
#2839=DIRECTION('',(0.,1.,0.));
#2840=DIRECTION('',(0.,1.,0.));
#2841=DIRECTION('',(0.,0.,1.));
#2842=DIRECTION('',(-1.,0.,0.));
#2843=DIRECTION('',(0.,0.,-1.));
#2844=DIRECTION('',(0.,0.175033334717494,-0.984562507785907));
#2845=DIRECTION('',(0.,0.984562507785907,0.175033334717494));
#2846=DIRECTION('',(-1.,0.,0.));
#2847=DIRECTION('',(0.,-0.984562507785907,-0.175033334717494));
#2848=DIRECTION('',(0.,0.952424147199324,0.304775727103783));
#2849=DIRECTION('',(0.,-0.304775727103784,0.952424147199324));
#2850=DIRECTION('',(-1.,0.,0.));
#2851=DIRECTION('',(0.,0.304775727103783,-0.952424147199324));
#2852=DIRECTION('',(0.,0.,1.));
#2853=DIRECTION('',(1.,0.,0.));
#2854=DIRECTION('',(-1.,0.,0.));
#2855=DIRECTION('',(0.,1.,0.));
#2856=DIRECTION('',(0.,-0.952424147199324,0.304775727103783));
#2857=DIRECTION('',(0.,-0.304775727103784,-0.952424147199324));
#2858=DIRECTION('',(-1.,0.,0.));
#2859=DIRECTION('',(0.,0.304775727103783,0.952424147199324));
#2860=DIRECTION('',(0.,-0.174496323485772,-0.984657825384));
#2861=DIRECTION('',(0.,0.984657825384001,-0.174496323485772));
#2862=DIRECTION('',(-1.,0.,0.));
#2863=DIRECTION('',(0.,-0.984657825384,0.174496323485772));
#2864=DIRECTION('',(0.,-1.,0.));
#2865=DIRECTION('',(0.,0.,-1.));
#2866=DIRECTION('',(-1.,0.,0.));
#2867=DIRECTION('',(0.,0.,1.));
#2868=DIRECTION('',(0.,0.,1.));
#2869=DIRECTION('',(1.,0.,0.));
#2870=DIRECTION('',(-1.,0.,0.));
#2871=DIRECTION('',(0.,1.,0.));
#2872=DIRECTION('',(0.,1.,0.));
#2873=DIRECTION('',(0.,0.,1.));
#2874=DIRECTION('',(-1.,0.,0.));
#2875=DIRECTION('',(0.,0.,-1.));
#2876=DIRECTION('',(0.,0.143126483222887,-0.989704405264647));
#2877=DIRECTION('',(0.,0.989704405264647,0.143126483222887));
#2878=DIRECTION('',(-1.,0.,0.));
#2879=DIRECTION('',(0.,-0.989704405264647,-0.143126483222887));
#2880=DIRECTION('',(0.,0.944570859583003,-0.328307616766084));
#2881=DIRECTION('',(0.,0.328307616766084,0.944570859583003));
#2882=DIRECTION('',(-1.,0.,0.));
#2883=DIRECTION('',(0.,-0.328307616766084,-0.944570859583003));
#2884=DIRECTION('',(0.,0.,-1.));
#2885=DIRECTION('',(-1.,0.,0.));
#2886=DIRECTION('',(-1.,0.,0.));
#2887=DIRECTION('',(0.,-1.,0.));
#2888=DIRECTION('',(0.,-0.943828596264021,-0.330435441310837));
#2889=DIRECTION('',(0.,0.330435441310837,-0.943828596264021));
#2890=DIRECTION('',(0.,-0.330435441310837,0.943828596264021));
#2891=DIRECTION('',(-1.,0.,0.));
#2892=DIRECTION('',(0.,-1.,0.));
#2893=DIRECTION('',(0.,-1.,0.));
#2894=DIRECTION('',(0.,0.,-1.));
#2895=DIRECTION('',(-1.,0.,0.));
#2896=DIRECTION('',(0.,0.,1.));
#2897=DIRECTION('',(-1.,0.,0.));
#2898=DIRECTION('',(0.,-0.189520366048001,0.9818767900572));
#2899=DIRECTION('',(0.,-0.9818767900572,-0.189520366048001));
#2900=DIRECTION('',(-1.,0.,0.));
#2901=DIRECTION('',(0.,0.9818767900572,0.189520366048001));
#2902=DIRECTION('',(0.,-1.,0.));
#2903=DIRECTION('',(0.,0.,-1.));
#2904=DIRECTION('',(-1.,0.,0.));
#2905=DIRECTION('',(0.,0.,1.));
#2906=DIRECTION('',(0.,-0.189520366048001,-0.9818767900572));
#2907=DIRECTION('',(0.,0.9818767900572,-0.189520366048001));
#2908=DIRECTION('',(-1.,0.,0.));
#2909=DIRECTION('',(0.,-0.9818767900572,0.189520366048001));
#2910=DIRECTION('',(0.,-1.,0.));
#2911=DIRECTION('',(0.,0.,-1.));
#2912=DIRECTION('',(-1.,0.,0.));
#2913=DIRECTION('',(0.,0.,1.));
#2914=DIRECTION('',(0.,0.,1.));
#2915=DIRECTION('',(1.,0.,0.));
#2916=DIRECTION('',(-1.,0.,0.));
#2917=DIRECTION('',(0.,1.,0.));
#2918=DIRECTION('',(0.,1.,0.));
#2919=DIRECTION('',(0.,0.,1.));
#2920=DIRECTION('',(-1.,0.,0.));
#2921=DIRECTION('',(0.,0.,-1.));
#2922=DIRECTION('',(0.,0.189520366048001,-0.9818767900572));
#2923=DIRECTION('',(0.,0.9818767900572,0.189520366048001));
#2924=DIRECTION('',(-1.,0.,0.));
#2925=DIRECTION('',(0.,-0.9818767900572,-0.189520366048001));
#2926=DIRECTION('',(0.,1.,0.));
#2927=DIRECTION('',(0.,0.,1.));
#2928=DIRECTION('',(-1.,0.,0.));
#2929=DIRECTION('',(0.,0.,-1.));
#2930=DIRECTION('',(0.,0.189520366048001,0.9818767900572));
#2931=DIRECTION('',(0.,-0.9818767900572,0.189520366048001));
#2932=DIRECTION('',(-1.,0.,0.));
#2933=DIRECTION('',(0.,0.9818767900572,-0.189520366048001));
#2934=DIRECTION('',(0.,1.,0.));
#2935=DIRECTION('',(0.,0.,1.));
#2936=DIRECTION('',(-1.,0.,0.));
#2937=DIRECTION('',(0.,0.,-1.));
#2938=DIRECTION('',(0.,0.,-1.));
#2939=DIRECTION('',(-1.,0.,0.));
#2940=DIRECTION('',(0.,-1.,0.));
#2941=DIRECTION('',(-1.,0.,0.));
#2942=DIRECTION('',(0.,-1.,0.));
#2943=DIRECTION('',(0.,-0.143126483222887,-0.989704405264647));
#2944=DIRECTION('',(0.,0.989704405264647,-0.143126483222887));
#2945=DIRECTION('',(-1.,0.,0.));
#2946=DIRECTION('',(0.,-0.989704405264647,0.143126483222887));
#2947=DIRECTION('',(-1.,0.,0.));
#2948=DIRECTION('',(0.,-1.,0.));
#2949=DIRECTION('',(0.,0.,-1.));
#2950=DIRECTION('',(-1.,0.,0.));
#2951=DIRECTION('',(0.,0.,1.));
#2952=DIRECTION('',(0.,0.,1.));
#2953=DIRECTION('',(1.,0.,0.));
#2954=DIRECTION('',(-1.,0.,0.));
#2955=DIRECTION('',(0.,1.,0.));
#2956=DIRECTION('',(0.,1.,0.));
#2957=DIRECTION('',(0.,0.,1.));
#2958=DIRECTION('',(-1.,0.,0.));
#2959=DIRECTION('',(0.,0.,-1.));
#2960=DIRECTION('',(0.,0.175033334717494,-0.984562507785907));
#2961=DIRECTION('',(0.,0.984562507785907,0.175033334717494));
#2962=DIRECTION('',(-1.,0.,0.));
#2963=DIRECTION('',(0.,-0.984562507785907,-0.175033334717494));
#2964=DIRECTION('',(0.,0.952424147199324,0.304775727103783));
#2965=DIRECTION('',(0.,-0.304775727103784,0.952424147199324));
#2966=DIRECTION('',(-1.,0.,0.));
#2967=DIRECTION('',(0.,0.304775727103783,-0.952424147199324));
#2968=DIRECTION('',(0.,0.,1.));
#2969=DIRECTION('',(1.,0.,0.));
#2970=DIRECTION('',(-1.,0.,0.));
#2971=DIRECTION('',(0.,1.,0.));
#2972=DIRECTION('',(0.,-0.952424147199324,0.304775727103783));
#2973=DIRECTION('',(0.,-0.304775727103784,-0.952424147199324));
#2974=DIRECTION('',(-1.,0.,0.));
#2975=DIRECTION('',(0.,0.304775727103783,0.952424147199324));
#2976=DIRECTION('',(0.,-0.174496323485772,-0.984657825384));
#2977=DIRECTION('',(0.,0.984657825384001,-0.174496323485772));
#2978=DIRECTION('',(-1.,0.,0.));
#2979=DIRECTION('',(0.,-0.984657825384,0.174496323485772));
#2980=DIRECTION('',(0.,-1.,0.));
#2981=DIRECTION('',(0.,0.,-1.));
#2982=DIRECTION('',(-1.,0.,0.));
#2983=DIRECTION('',(0.,0.,1.));
#2984=DIRECTION('',(0.,0.,1.));
#2985=DIRECTION('',(1.,0.,0.));
#2986=DIRECTION('',(-1.,0.,0.));
#2987=DIRECTION('',(0.,1.,0.));
#2988=DIRECTION('',(0.,1.,0.));
#2989=DIRECTION('',(0.,0.,1.));
#2990=DIRECTION('',(-1.,0.,0.));
#2991=DIRECTION('',(0.,0.,-1.));
#2992=DIRECTION('',(0.,0.143126483222887,-0.989704405264647));
#2993=DIRECTION('',(0.,0.989704405264647,0.143126483222887));
#2994=DIRECTION('',(-1.,0.,0.));
#2995=DIRECTION('',(0.,-0.989704405264647,-0.143126483222887));
#2996=DIRECTION('',(0.,0.944570859583003,-0.328307616766084));
#2997=DIRECTION('',(0.,0.328307616766084,0.944570859583003));
#2998=DIRECTION('',(-1.,0.,0.));
#2999=DIRECTION('',(0.,-0.328307616766084,-0.944570859583003));
#3000=DIRECTION('',(0.,0.,-1.));
#3001=DIRECTION('',(-1.,0.,0.));
#3002=DIRECTION('',(-1.,0.,0.));
#3003=DIRECTION('',(0.,-1.,0.));
#3004=DIRECTION('',(0.,-0.943828596264021,-0.330435441310837));
#3005=DIRECTION('',(0.,0.330435441310837,-0.943828596264021));
#3006=DIRECTION('',(0.,-0.330435441310837,0.943828596264021));
#3007=DIRECTION('',(-1.,0.,0.));
#3008=DIRECTION('',(0.,-1.,0.));
#3009=DIRECTION('',(-1.,0.,0.));
#3010=DIRECTION('',(-1.,0.,0.));
#3011=DIRECTION('',(0.,0.,-1.));
#3012=DIRECTION('',(-1.,0.,0.));
#3013=DIRECTION('',(-1.,0.,0.));
#3014=DIRECTION('',(0.,-1.,0.));
#3015=DIRECTION('',(0.,-1.,0.));
#3016=DIRECTION('',(0.,0.,-1.));
#3017=DIRECTION('',(-1.,0.,0.));
#3018=DIRECTION('',(0.,0.,1.));
#3019=DIRECTION('',(0.,-0.190652506911711,0.981657588779448));
#3020=DIRECTION('',(0.,-0.981657588779448,-0.190652506911711));
#3021=DIRECTION('',(-1.,0.,0.));
#3022=DIRECTION('',(0.,0.981657588779448,0.190652506911711));
#3023=DIRECTION('',(0.,-1.,0.));
#3024=DIRECTION('',(0.,0.,-1.));
#3025=DIRECTION('',(-1.,0.,0.));
#3026=DIRECTION('',(0.,0.,1.));
#3027=DIRECTION('',(0.,-0.190652506911711,-0.981657588779448));
#3028=DIRECTION('',(0.,0.981657588779448,-0.190652506911711));
#3029=DIRECTION('',(-1.,0.,0.));
#3030=DIRECTION('',(0.,-0.981657588779448,0.190652506911711));
#3031=DIRECTION('',(0.,-1.,0.));
#3032=DIRECTION('',(0.,0.,-1.));
#3033=DIRECTION('',(-1.,0.,0.));
#3034=DIRECTION('',(0.,0.,1.));
#3035=DIRECTION('',(0.,0.,1.));
#3036=DIRECTION('',(1.,0.,0.));
#3037=DIRECTION('',(-1.,0.,0.));
#3038=DIRECTION('',(0.,1.,0.));
#3039=DIRECTION('',(-1.,0.,0.));
#3040=DIRECTION('',(-1.,0.,0.));
#3041=DIRECTION('',(0.,1.,0.));
#3042=DIRECTION('',(0.,0.,1.));
#3043=DIRECTION('',(-1.,0.,0.));
#3044=DIRECTION('',(0.,0.,-1.));
#3045=DIRECTION('',(-1.,0.,0.));
#3046=DIRECTION('',(0.,-1.,0.));
#3047=DIRECTION('',(-1.,0.,0.));
#3048=DIRECTION('',(-1.,0.,0.));
#3049=DIRECTION('',(0.,0.,-1.));
#3050=DIRECTION('',(-1.,0.,0.));
#3051=DIRECTION('',(-1.,0.,0.));
#3052=DIRECTION('',(0.,-1.,0.));
#3053=DIRECTION('',(0.,-1.,0.));
#3054=DIRECTION('',(0.,0.,-1.));
#3055=DIRECTION('',(-1.,0.,0.));
#3056=DIRECTION('',(0.,0.,1.));
#3057=DIRECTION('',(0.,-0.190652506911711,0.981657588779448));
#3058=DIRECTION('',(0.,-0.981657588779448,-0.190652506911711));
#3059=DIRECTION('',(-1.,0.,0.));
#3060=DIRECTION('',(0.,0.981657588779448,0.190652506911711));
#3061=DIRECTION('',(0.,-1.,0.));
#3062=DIRECTION('',(0.,0.,-1.));
#3063=DIRECTION('',(-1.,0.,0.));
#3064=DIRECTION('',(0.,0.,1.));
#3065=DIRECTION('',(0.,-0.190652506911711,-0.981657588779448));
#3066=DIRECTION('',(0.,0.981657588779448,-0.190652506911711));
#3067=DIRECTION('',(-1.,0.,0.));
#3068=DIRECTION('',(0.,-0.981657588779448,0.190652506911711));
#3069=DIRECTION('',(0.,-1.,0.));
#3070=DIRECTION('',(0.,0.,-1.));
#3071=DIRECTION('',(-1.,0.,0.));
#3072=DIRECTION('',(0.,0.,1.));
#3073=DIRECTION('',(0.,0.,1.));
#3074=DIRECTION('',(1.,0.,0.));
#3075=DIRECTION('',(-1.,0.,0.));
#3076=DIRECTION('',(0.,1.,0.));
#3077=DIRECTION('',(0.,1.,0.));
#3078=DIRECTION('',(0.,0.,1.));
#3079=DIRECTION('',(-1.,0.,0.));
#3080=DIRECTION('',(0.,0.,-1.));
#3081=DIRECTION('',(0.,0.189520366048001,-0.9818767900572));
#3082=DIRECTION('',(0.,0.9818767900572,0.189520366048001));
#3083=DIRECTION('',(-1.,0.,0.));
#3084=DIRECTION('',(0.,-0.9818767900572,-0.189520366048001));
#3085=DIRECTION('',(0.,1.,0.));
#3086=DIRECTION('',(0.,0.,1.));
#3087=DIRECTION('',(-1.,0.,0.));
#3088=DIRECTION('',(0.,0.,-1.));
#3089=DIRECTION('',(0.,0.,1.));
#3090=DIRECTION('',(1.,0.,0.));
#3091=DIRECTION('',(-1.,0.,0.));
#3092=DIRECTION('',(0.,1.,0.));
#3093=DIRECTION('',(-1.,0.,0.));
#3094=DIRECTION('',(-1.,0.,0.));
#3095=DIRECTION('',(-1.,0.,0.));
#3096=DIRECTION('',(0.,-1.,0.));
#3097=DIRECTION('',(-1.,0.,0.));
#3098=DIRECTION('',(-1.,0.,0.));
#3099=DIRECTION('',(0.,0.,-1.));
#3100=DIRECTION('',(-1.,0.,0.));
#3101=DIRECTION('',(-1.,0.,0.));
#3102=DIRECTION('',(0.,-1.,0.));
#3103=DIRECTION('',(0.,-1.,0.));
#3104=DIRECTION('',(0.,0.,-1.));
#3105=DIRECTION('',(-1.,0.,0.));
#3106=DIRECTION('',(0.,0.,1.));
#3107=DIRECTION('',(0.,-0.190652506911711,0.981657588779448));
#3108=DIRECTION('',(0.,-0.981657588779448,-0.190652506911711));
#3109=DIRECTION('',(-1.,0.,0.));
#3110=DIRECTION('',(0.,0.981657588779448,0.190652506911711));
#3111=DIRECTION('',(0.,-1.,0.));
#3112=DIRECTION('',(0.,0.,-1.));
#3113=DIRECTION('',(-1.,0.,0.));
#3114=DIRECTION('',(0.,0.,1.));
#3115=DIRECTION('',(0.,-0.190652506911711,-0.981657588779448));
#3116=DIRECTION('',(0.,0.981657588779448,-0.190652506911711));
#3117=DIRECTION('',(-1.,0.,0.));
#3118=DIRECTION('',(0.,-0.981657588779448,0.190652506911711));
#3119=DIRECTION('',(0.,-1.,0.));
#3120=DIRECTION('',(0.,0.,-1.));
#3121=DIRECTION('',(-1.,0.,0.));
#3122=DIRECTION('',(0.,0.,1.));
#3123=DIRECTION('',(0.,0.,1.));
#3124=DIRECTION('',(1.,0.,0.));
#3125=DIRECTION('',(-1.,0.,0.));
#3126=DIRECTION('',(0.,1.,0.));
#3127=DIRECTION('',(0.,1.,0.));
#3128=DIRECTION('',(0.,0.,1.));
#3129=DIRECTION('',(-1.,0.,0.));
#3130=DIRECTION('',(0.,0.,-1.));
#3131=DIRECTION('',(0.,0.189520366048001,-0.9818767900572));
#3132=DIRECTION('',(0.,0.9818767900572,0.189520366048001));
#3133=DIRECTION('',(-1.,0.,0.));
#3134=DIRECTION('',(0.,-0.9818767900572,-0.189520366048001));
#3135=DIRECTION('',(0.,1.,0.));
#3136=DIRECTION('',(0.,0.,1.));
#3137=DIRECTION('',(-1.,0.,0.));
#3138=DIRECTION('',(0.,0.,-1.));
#3139=DIRECTION('',(0.,0.,1.));
#3140=DIRECTION('',(1.,0.,0.));
#3141=DIRECTION('',(-1.,0.,0.));
#3142=DIRECTION('',(0.,1.,0.));
#3143=DIRECTION('',(-1.,0.,0.));
#3144=DIRECTION('',(-1.,0.,0.));
#3145=DIRECTION('',(0.,-1.,0.));
#3146=DIRECTION('',(0.,0.,-1.));
#3147=DIRECTION('',(-1.,0.,0.));
#3148=DIRECTION('',(0.,0.,1.));
#3149=DIRECTION('',(-1.,0.,0.));
#3150=DIRECTION('',(-1.,0.,0.));
#3151=DIRECTION('',(0.,0.,1.));
#3152=DIRECTION('',(1.,0.,0.));
#3153=DIRECTION('',(-1.,0.,0.));
#3154=DIRECTION('',(0.,1.,0.));
#3155=DIRECTION('',(0.,1.,0.));
#3156=DIRECTION('',(0.,0.,1.));
#3157=DIRECTION('',(-1.,0.,0.));
#3158=DIRECTION('',(0.,0.,-1.));
#3159=DIRECTION('',(0.,0.141421356237309,-0.989949493661167));
#3160=DIRECTION('',(0.,0.989949493661167,0.141421356237309));
#3161=DIRECTION('',(-1.,0.,0.));
#3162=DIRECTION('',(0.,-0.989949493661167,-0.141421356237309));
#3163=DIRECTION('',(-1.,0.,0.));
#3164=DIRECTION('',(-1.,0.,0.));
#3165=DIRECTION('',(0.,1.,0.));
#3166=DIRECTION('',(0.,0.,1.));
#3167=DIRECTION('',(-1.,0.,0.));
#3168=DIRECTION('',(0.,0.,-1.));
#3169=DIRECTION('',(-1.,0.,0.));
#3170=DIRECTION('',(-1.,0.,0.));
#3171=DIRECTION('',(-1.,0.,0.));
#3172=DIRECTION('',(-1.,0.,0.));
#3173=DIRECTION('',(-1.,0.,0.));
#3174=DIRECTION('',(0.,-1.,0.));
#3175=CARTESIAN_POINT('',(0.,0.,0.));
#3176=CARTESIAN_POINT('',(-0.121477712988853,-0.05445,0.003));
#3177=CARTESIAN_POINT('',(-0.121477712988853,-0.0488971008727909,0.00967219585516723));
#3178=CARTESIAN_POINT('',(-0.121477712988853,-0.0500080426228756,0.00967219585516723));
#3179=CARTESIAN_POINT('',(-0.121477712988853,-0.0506502835961961,0.00910107791322225));
#3180=CARTESIAN_POINT('',(-0.121477712988853,-0.0488971008727909,0.00967219585516723));
#3181=CARTESIAN_POINT('',(-0.121477712988853,-0.0506502835961961,0.00910107791322225));
#3182=CARTESIAN_POINT('',(-0.121477712988853,-0.0506502835961961,0.00910107791322225));
#3183=CARTESIAN_POINT('',(-0.121477712988853,-0.0512925245695165,0.00852995997127728));
#3184=CARTESIAN_POINT('',(-0.121477712988853,-0.0512925245695165,0.00760536056339625));
#3185=CARTESIAN_POINT('',(-0.121477712988853,-0.0512925245695165,0.00760536056339625));
#3186=CARTESIAN_POINT('',(-0.121477712988853,-0.0512925245695165,0.00760536056339625));
#3187=CARTESIAN_POINT('',(-0.121477712988853,-0.0512925245695165,0.00667649377363268));
#3188=CARTESIAN_POINT('',(-0.121477712988853,-0.0506502835961961,0.0061117769045115));
#3189=CARTESIAN_POINT('',(-0.121477712988853,-0.0506502835961961,0.0061117769045115));
#3190=CARTESIAN_POINT('',(-0.121477712988853,-0.0506502835961961,0.0061117769045115));
#3191=CARTESIAN_POINT('',(-0.121477712988853,-0.0500080426228756,0.00554706003539032));
#3192=CARTESIAN_POINT('',(-0.121477712988853,-0.0488971008727909,0.00554706003539032));
#3193=CARTESIAN_POINT('',(-0.121477712988853,-0.0488971008727909,0.00554706003539032));
#3194=CARTESIAN_POINT('',(-0.121477712988853,-0.0483501647615136,0.00554706003539032));
#3195=CARTESIAN_POINT('',(-0.121477712988853,-0.0478032286502363,0.00554706003539032));
#3196=CARTESIAN_POINT('',(-0.121477712988853,-0.0478032286502363,0.00482942864881188));
#3197=CARTESIAN_POINT('',(-0.121477712988853,-0.0478032286502363,0.00411179726223345));
#3198=CARTESIAN_POINT('',(-0.121477712988853,-0.0481495978130348,0.00404494161274052));
#3199=CARTESIAN_POINT('',(-0.121477712988853,-0.0484959669758333,0.00397808596324758));
#3200=CARTESIAN_POINT('',(-0.121477712988853,-0.0484959669758333,0.00358904298162379));
#3201=CARTESIAN_POINT('',(-0.121477712988853,-0.0484959669758333,0.0032));
#3202=CARTESIAN_POINT('',(-0.121477712988853,-0.0471560090647195,0.0032));
#3203=CARTESIAN_POINT('',(-0.121477712988853,-0.0458160511536058,0.0032));
#3204=CARTESIAN_POINT('',(-0.121477712988853,-0.0458160511536058,0.00358904298162379));
#3205=CARTESIAN_POINT('',(-0.121477712988853,-0.0458160511536058,0.00397808596324758));
#3206=CARTESIAN_POINT('',(-0.121477712988853,-0.046160286625463,0.00404494161274052));
#3207=CARTESIAN_POINT('',(-0.121477712988853,-0.0465045220973203,0.00411179726223345));
#3208=CARTESIAN_POINT('',(-0.121477712988853,-0.0465045220973203,0.00643396423664235));
#3209=CARTESIAN_POINT('',(-0.121477712988853,-0.0465045220973203,0.00875613121105125));
#3210=CARTESIAN_POINT('',(-0.121477712988853,-0.046160286625463,0.00882298686054419));
#3211=CARTESIAN_POINT('',(-0.121477712988853,-0.0458160511536058,0.00888984251003713));
#3212=CARTESIAN_POINT('',(-0.121477712988853,-0.0458160511536058,0.00928101918260218));
#3213=CARTESIAN_POINT('',(-0.121477712988853,-0.0458160511536058,0.00967219585516723));
#3214=CARTESIAN_POINT('',(-0.121477712988853,-0.0477008114850556,0.00967219585516723));
#3215=CARTESIAN_POINT('',(-0.121477712988853,-0.0300132248122914,0.00401151378799404));
#3216=CARTESIAN_POINT('',(-0.121477712988853,-0.0297820749603212,0.00397808596324758));
#3217=CARTESIAN_POINT('',(-0.121477712988853,-0.0302443746642617,0.00404494161274052));
#3218=CARTESIAN_POINT('',(-0.121477712988853,-0.0312294286488119,0.00685856873395387));
#3219=CARTESIAN_POINT('',(-0.121477712988853,-0.032214482633362,0.00967219585516723));
#3220=CARTESIAN_POINT('',(-0.121477712988853,-0.0328787717464089,0.00967219585516723));
#3221=CARTESIAN_POINT('',(-0.121477712988853,-0.0335430608594557,0.00967219585516723));
#3222=CARTESIAN_POINT('',(-0.121477712988853,-0.0345210025408684,0.00685856873395387));
#3223=CARTESIAN_POINT('',(-0.121477712988853,-0.035498944222281,0.00404494161274052));
#3224=CARTESIAN_POINT('',(-0.121477712988853,-0.0357300940742512,0.00401151378799404));
#3225=CARTESIAN_POINT('',(-0.121477712988853,-0.0359612439262215,0.00397808596324758));
#3226=CARTESIAN_POINT('',(-0.121477712988853,-0.0359612439262215,0.00358904298162379));
#3227=CARTESIAN_POINT('',(-0.121477712988853,-0.0359612439262215,0.0032));
#3228=CARTESIAN_POINT('',(-0.121477712988853,-0.0348588369399018,0.0032));
#3229=CARTESIAN_POINT('',(-0.121477712988853,-0.0337564299535821,0.0032));
#3230=CARTESIAN_POINT('',(-0.121477712988853,-0.0337564299535821,0.00358904298162379));
#3231=CARTESIAN_POINT('',(-0.121477712988853,-0.0337564299535821,0.00397808596324758));
#3232=CARTESIAN_POINT('',(-0.121477712988853,-0.0339811787327286,0.00401791486081784));
#3233=CARTESIAN_POINT('',(-0.121477712988853,-0.034205927511875,0.0040577437583881));
#3234=CARTESIAN_POINT('',(-0.121477712988853,-0.0340636814491241,0.00450226270448475));
#3235=CARTESIAN_POINT('',(-0.121477712988853,-0.0339214353863732,0.0049467816505814));
#3236=CARTESIAN_POINT('',(-0.121477712988853,-0.0328723706735851,0.0049467816505814));
#3237=CARTESIAN_POINT('',(-0.121477712988853,-0.031823305960797,0.0049467816505814));
#3238=CARTESIAN_POINT('',(-0.121477712988853,-0.0316810598980461,0.00450226270448475));
#3239=CARTESIAN_POINT('',(-0.121477712988853,-0.0315388138352952,0.0040577437583881));
#3240=CARTESIAN_POINT('',(-0.121477712988853,-0.0317628513841278,0.00401791486081784));
#3241=CARTESIAN_POINT('',(-0.121477712988853,-0.0319868889329606,0.00397808596324758));
#3242=CARTESIAN_POINT('',(-0.121477712988853,-0.0319868889329606,0.00358904298162379));
#3243=CARTESIAN_POINT('',(-0.121477712988853,-0.0319868889329606,0.0032));
#3244=CARTESIAN_POINT('',(-0.121477712988853,-0.0308844819466409,0.0032));
#3245=CARTESIAN_POINT('',(-0.121477712988853,-0.0297820749603212,0.0032));
#3246=CARTESIAN_POINT('',(-0.121477712988853,-0.0297820749603212,0.00358904298162379));
#3247=CARTESIAN_POINT('',(-0.121477712988853,-0.0518707548145991,0.00401151378799404));
#3248=CARTESIAN_POINT('',(-0.121477712988853,-0.0516396049626288,0.00397808596324758));
#3249=CARTESIAN_POINT('',(-0.121477712988853,-0.0521019046665693,0.00404494161274052));
#3250=CARTESIAN_POINT('',(-0.121477712988853,-0.0530869586511195,0.00685856873395387));
#3251=CARTESIAN_POINT('',(-0.121477712988853,-0.0540720126356697,0.00967219585516723));
#3252=CARTESIAN_POINT('',(-0.121477712988853,-0.0547363017487165,0.00967219585516723));
#3253=CARTESIAN_POINT('',(-0.121477712988853,-0.0554005908617633,0.00967219585516723));
#3254=CARTESIAN_POINT('',(-0.121477712988853,-0.056378532543176,0.00685856873395387));
#3255=CARTESIAN_POINT('',(-0.121477712988853,-0.0573564742245886,0.00404494161274052));
#3256=CARTESIAN_POINT('',(-0.121477712988853,-0.0575876240765589,0.00401151378799404));
#3257=CARTESIAN_POINT('',(-0.121477712988853,-0.0578187739285291,0.00397808596324758));
#3258=CARTESIAN_POINT('',(-0.121477712988853,-0.0578187739285291,0.00358904298162379));
#3259=CARTESIAN_POINT('',(-0.121477712988853,-0.0578187739285291,0.0032));
#3260=CARTESIAN_POINT('',(-0.121477712988853,-0.0567163669422094,0.0032));
#3261=CARTESIAN_POINT('',(-0.121477712988853,-0.0556139599558897,0.0032));
#3262=CARTESIAN_POINT('',(-0.121477712988853,-0.0556139599558897,0.00358904298162379));
#3263=CARTESIAN_POINT('',(-0.121477712988853,-0.0556139599558897,0.00397808596324758));
#3264=CARTESIAN_POINT('',(-0.121477712988853,-0.0558387087350362,0.00401791486081784));
#3265=CARTESIAN_POINT('',(-0.121477712988853,-0.0560634575141827,0.0040577437583881));
#3266=CARTESIAN_POINT('',(-0.121477712988853,-0.0559212114514317,0.00450226270448475));
#3267=CARTESIAN_POINT('',(-0.121477712988853,-0.0557789653886808,0.0049467816505814));
#3268=CARTESIAN_POINT('',(-0.121477712988853,-0.0547299006758927,0.0049467816505814));
#3269=CARTESIAN_POINT('',(-0.121477712988853,-0.0536808359631046,0.0049467816505814));
#3270=CARTESIAN_POINT('',(-0.121477712988853,-0.0535385899003537,0.00450226270448475));
#3271=CARTESIAN_POINT('',(-0.121477712988853,-0.0533963438376028,0.0040577437583881));
#3272=CARTESIAN_POINT('',(-0.121477712988853,-0.0536203813864355,0.00401791486081784));
#3273=CARTESIAN_POINT('',(-0.121477712988853,-0.0538444189352682,0.00397808596324758));
#3274=CARTESIAN_POINT('',(-0.121477712988853,-0.0538444189352682,0.00358904298162379));
#3275=CARTESIAN_POINT('',(-0.121477712988853,-0.0538444189352682,0.0032));
#3276=CARTESIAN_POINT('',(-0.121477712988853,-0.0527420119489485,0.0032));
#3277=CARTESIAN_POINT('',(-0.121477712988853,-0.0516396049626288,0.0032));
#3278=CARTESIAN_POINT('',(-0.121477712988853,-0.0516396049626288,0.00358904298162379));
#3279=CARTESIAN_POINT('',(-0.121477712988853,-0.05445,0.));
#3280=CARTESIAN_POINT('',(-0.121477712988853,0.005,0.));
#3281=CARTESIAN_POINT('',(-0.121477712988853,-0.1139,0.));
#3282=CARTESIAN_POINT('',(-0.121477712988853,-0.1139,0.003));
#3283=CARTESIAN_POINT('',(-0.121477712988853,-0.1139,0.013));
#3284=CARTESIAN_POINT('',(-0.121477712988853,-0.05445,0.013));
#3285=CARTESIAN_POINT('',(-0.121477712988853,0.005,0.013));
#3286=CARTESIAN_POINT('',(-0.121477712988853,0.005,0.003));
#3287=CARTESIAN_POINT('',(-0.121477712988853,-0.0175,0.0101));
#3288=CARTESIAN_POINT('',(-0.121477712988853,-0.0115,0.0101));
#3289=CARTESIAN_POINT('',(-0.121477712988853,-0.0235,0.0101));
#3290=CARTESIAN_POINT('',(-0.121477712988853,-0.0235,0.0061));
#3291=CARTESIAN_POINT('',(-0.121477712988853,-0.0235,0.0021));
#3292=CARTESIAN_POINT('',(-0.121477712988853,-0.0175,0.0021));
#3293=CARTESIAN_POINT('',(-0.121477712988853,-0.0115,0.0021));
#3294=CARTESIAN_POINT('',(-0.121477712988853,-0.0115,0.0061));
#3295=CARTESIAN_POINT('',(-0.121477712988853,-0.0363837147325917,0.00928101918260218));
#3296=CARTESIAN_POINT('',(-0.121477712988853,-0.0363837147325917,0.00888984251003713));
#3297=CARTESIAN_POINT('',(-0.121477712988853,-0.0363837147325917,0.00967219585516723));
#3298=CARTESIAN_POINT('',(-0.121477712988853,-0.0377236726437055,0.00967219585516723));
#3299=CARTESIAN_POINT('',(-0.121477712988853,-0.0390636305548193,0.00967219585516723));
#3300=CARTESIAN_POINT('',(-0.121477712988853,-0.0390636305548193,0.00928101918260218));
#3301=CARTESIAN_POINT('',(-0.121477712988853,-0.0390636305548193,0.00888984251003713));
#3302=CARTESIAN_POINT('',(-0.121477712988853,-0.0387172613920208,0.00882298686054419));
#3303=CARTESIAN_POINT('',(-0.121477712988853,-0.0383708922292222,0.00875613121105125));
#3304=CARTESIAN_POINT('',(-0.121477712988853,-0.0383708922292222,0.00643396423664235));
#3305=CARTESIAN_POINT('',(-0.121477712988853,-0.0383708922292222,0.00411179726223345));
#3306=CARTESIAN_POINT('',(-0.121477712988853,-0.0387172613920208,0.00404494161274052));
#3307=CARTESIAN_POINT('',(-0.121477712988853,-0.0390636305548193,0.00397808596324758));
#3308=CARTESIAN_POINT('',(-0.121477712988853,-0.0390636305548193,0.00358904298162379));
#3309=CARTESIAN_POINT('',(-0.121477712988853,-0.0390636305548193,0.0032));
#3310=CARTESIAN_POINT('',(-0.121477712988853,-0.0377236726437055,0.0032));
#3311=CARTESIAN_POINT('',(-0.121477712988853,-0.0363837147325917,0.0032));
#3312=CARTESIAN_POINT('',(-0.121477712988853,-0.0363837147325917,0.00358904298162379));
#3313=CARTESIAN_POINT('',(-0.121477712988853,-0.0363837147325917,0.00397808596324758));
#3314=CARTESIAN_POINT('',(-0.121477712988853,-0.0367300838953903,0.00404494161274052));
#3315=CARTESIAN_POINT('',(-0.121477712988853,-0.0370764530581888,0.00411179726223345));
#3316=CARTESIAN_POINT('',(-0.121477712988853,-0.0370764530581888,0.00643396423664235));
#3317=CARTESIAN_POINT('',(-0.121477712988853,-0.0370764530581888,0.00875613121105125));
#3318=CARTESIAN_POINT('',(-0.121477712988853,-0.0367300838953903,0.00882298686054419));
#3319=CARTESIAN_POINT('',(-0.121477712988853,-0.0611572890212934,0.00967219585516723));
#3320=CARTESIAN_POINT('',(-0.121477712988853,-0.0623436211846361,0.00967219585516723));
#3321=CARTESIAN_POINT('',(-0.121477712988853,-0.0631131723841187,0.00891402434070478));
#3322=CARTESIAN_POINT('',(-0.121477712988853,-0.0611572890212934,0.00967219585516723));
#3323=CARTESIAN_POINT('',(-0.121477712988853,-0.0631131723841187,0.00891402434070478));
#3324=CARTESIAN_POINT('',(-0.121477712988853,-0.0631131723841187,0.00891402434070478));
#3325=CARTESIAN_POINT('',(-0.121477712988853,-0.0638827235836012,0.00815585282624234));
#3326=CARTESIAN_POINT('',(-0.121477712988853,-0.0638827235836012,0.0069695206628996));
#3327=CARTESIAN_POINT('',(-0.121477712988853,-0.0638827235836012,0.0069695206628996));
#3328=CARTESIAN_POINT('',(-0.121477712988853,-0.0638827235836012,0.00643396423664235));
#3329=CARTESIAN_POINT('',(-0.121477712988853,-0.0638827235836012,0.00589840781038511));
#3330=CARTESIAN_POINT('',(-0.121477712988853,-0.0638827235836012,0.00589840781038511));
#3331=CARTESIAN_POINT('',(-0.121477712988853,-0.0638827235836012,0.00470638580453233));
#3332=CARTESIAN_POINT('',(-0.121477712988853,-0.0631131723841187,0.00395319290226616));
#3333=CARTESIAN_POINT('',(-0.121477712988853,-0.0631131723841187,0.00395319290226616));
#3334=CARTESIAN_POINT('',(-0.121477712988853,-0.0631131723841187,0.00395319290226616));
#3335=CARTESIAN_POINT('',(-0.121477712988853,-0.0623436211846361,0.0032));
#3336=CARTESIAN_POINT('',(-0.121477712988853,-0.0611572890212934,0.0032));
#3337=CARTESIAN_POINT('',(-0.121477712988853,-0.0611572890212934,0.0032));
#3338=CARTESIAN_POINT('',(-0.121477712988853,-0.0597014005690376,0.0032));
#3339=CARTESIAN_POINT('',(-0.121477712988853,-0.0582455121167819,0.0032));
#3340=CARTESIAN_POINT('',(-0.121477712988853,-0.0582455121167819,0.00358904298162379));
#3341=CARTESIAN_POINT('',(-0.121477712988853,-0.0582455121167819,0.00397808596324758));
#3342=CARTESIAN_POINT('',(-0.121477712988853,-0.0585897475886391,0.00404494161274052));
#3343=CARTESIAN_POINT('',(-0.121477712988853,-0.0589339830604964,0.00411179726223345));
#3344=CARTESIAN_POINT('',(-0.121477712988853,-0.0589339830604964,0.00643396423664235));
#3345=CARTESIAN_POINT('',(-0.121477712988853,-0.0589339830604964,0.00875613121105125));
#3346=CARTESIAN_POINT('',(-0.121477712988853,-0.0585897475886391,0.00882298686054419));
#3347=CARTESIAN_POINT('',(-0.121477712988853,-0.0582455121167819,0.00888984251003713));
#3348=CARTESIAN_POINT('',(-0.121477712988853,-0.0582455121167819,0.00928101918260218));
#3349=CARTESIAN_POINT('',(-0.121477712988853,-0.0582455121167819,0.00967219585516723));
#3350=CARTESIAN_POINT('',(-0.121477712988853,-0.0600456360408949,0.00967219585516723));
#3351=CARTESIAN_POINT('',(-0.121477712988853,-0.042464733915194,0.00967219585516723));
#3352=CARTESIAN_POINT('',(-0.121477712988853,-0.0435671409015136,0.00967219585516723));
#3353=CARTESIAN_POINT('',(-0.121477712988853,-0.0441937348079314,0.00916793356271519));
#3354=CARTESIAN_POINT('',(-0.121477712988853,-0.042464733915194,0.00967219585516723));
#3355=CARTESIAN_POINT('',(-0.121477712988853,-0.0441937348079314,0.00916793356271519));
#3356=CARTESIAN_POINT('',(-0.121477712988853,-0.0441937348079314,0.00916793356271519));
#3357=CARTESIAN_POINT('',(-0.121477712988853,-0.0448203287143493,0.00866367127026315));
#3358=CARTESIAN_POINT('',(-0.121477712988853,-0.0448203287143493,0.00777463337806985));
#3359=CARTESIAN_POINT('',(-0.121477712988853,-0.0448203287143493,0.00777463337806985));
#3360=CARTESIAN_POINT('',(-0.121477712988853,-0.0448203287143493,0.00777463337806985));
#3361=CARTESIAN_POINT('',(-0.121477712988853,-0.0448203287143493,0.00728530692220666));
#3362=CARTESIAN_POINT('',(-0.121477712988853,-0.0445578847285739,0.00692542438344681));
#3363=CARTESIAN_POINT('',(-0.121477712988853,-0.0445578847285739,0.00692542438344681));
#3364=CARTESIAN_POINT('',(-0.121477712988853,-0.0445578847285739,0.00692542438344681));
#3365=CARTESIAN_POINT('',(-0.121477712988853,-0.0442954407427983,0.00656554184468696));
#3366=CARTESIAN_POINT('',(-0.121477712988853,-0.0437890447594051,0.006342215526168));
#3367=CARTESIAN_POINT('',(-0.121477712988853,-0.0437890447594051,0.006342215526168));
#3368=CARTESIAN_POINT('',(-0.121477712988853,-0.0437890447594051,0.006342215526168));
#3369=CARTESIAN_POINT('',(-0.121477712988853,-0.0443622963922913,0.00617436517212191));
#3370=CARTESIAN_POINT('',(-0.121477712988853,-0.0446133606930467,0.00578105480861559));
#3371=CARTESIAN_POINT('',(-0.121477712988853,-0.0446133606930467,0.00578105480861559));
#3372=CARTESIAN_POINT('',(-0.121477712988853,-0.0446133606930467,0.00578105480861559));
#3373=CARTESIAN_POINT('',(-0.121477712988853,-0.0448644249938021,0.00538774444510928));
#3374=CARTESIAN_POINT('',(-0.121477712988853,-0.0448644249938021,0.00480453558783047));
#3375=CARTESIAN_POINT('',(-0.121477712988853,-0.0448644249938021,0.00480453558783047));
#3376=CARTESIAN_POINT('',(-0.121477712988853,-0.0448644249938021,0.00464024138535315));
#3377=CARTESIAN_POINT('',(-0.121477712988853,-0.0448644249938021,0.00447594718287582));
#3378=CARTESIAN_POINT('',(-0.121477712988853,-0.0448644249938021,0.00447594718287582));
#3379=CARTESIAN_POINT('',(-0.121477712988853,-0.0448644249938021,0.00426257808874944));
#3380=CARTESIAN_POINT('',(-0.121477712988853,-0.0449490614011389,0.00414451385666616));
#3381=CARTESIAN_POINT('',(-0.121477712988853,-0.0449490614011389,0.00414451385666616));
#3382=CARTESIAN_POINT('',(-0.121477712988853,-0.0449490614011389,0.00414451385666616));
#3383=CARTESIAN_POINT('',(-0.121477712988853,-0.0450336978084757,0.00402644962458289));
#3384=CARTESIAN_POINT('',(-0.121477712988853,-0.045229997375072,0.00400511271517025));
#3385=CARTESIAN_POINT('',(-0.121477712988853,-0.045229997375072,0.00400511271517025));
#3386=CARTESIAN_POINT('',(-0.121477712988853,-0.0453096551702125,0.00399373303015018));
#3387=CARTESIAN_POINT('',(-0.121477712988853,-0.045389312965353,0.0039823533451301));
#3388=CARTESIAN_POINT('',(-0.121477712988853,-0.045389312965353,0.00359117667256506));
#3389=CARTESIAN_POINT('',(-0.121477712988853,-0.045389312965353,0.0032));
#3390=CARTESIAN_POINT('',(-0.121477712988853,-0.0450536122572608,0.0032));
#3391=CARTESIAN_POINT('',(-0.121477712988853,-0.0447179115491686,0.0032));
#3392=CARTESIAN_POINT('',(-0.121477712988853,-0.0447179115491686,0.0032));
#3393=CARTESIAN_POINT('',(-0.121477712988853,-0.044082071648672,0.0032));
#3394=CARTESIAN_POINT('',(-0.121477712988853,-0.0438246062750928,0.00354210178091599));
#3395=CARTESIAN_POINT('',(-0.121477712988853,-0.0438246062750928,0.00354210178091599));
#3396=CARTESIAN_POINT('',(-0.121477712988853,-0.0438246062750928,0.00354210178091599));
#3397=CARTESIAN_POINT('',(-0.121477712988853,-0.0435671409015136,0.00388420356183197));
#3398=CARTESIAN_POINT('',(-0.121477712988853,-0.0435671409015136,0.00442758352154051));
#3399=CARTESIAN_POINT('',(-0.121477712988853,-0.0435671409015136,0.00442758352154051));
#3400=CARTESIAN_POINT('',(-0.121477712988853,-0.0435671409015136,0.00461179217280296));
#3401=CARTESIAN_POINT('',(-0.121477712988853,-0.0435671409015136,0.00479600082406542));
#3402=CARTESIAN_POINT('',(-0.121477712988853,-0.0435671409015136,0.00479600082406542));
#3403=CARTESIAN_POINT('',(-0.121477712988853,-0.0435671409015136,0.00526683529177099));
#3404=CARTESIAN_POINT('',(-0.121477712988853,-0.0433160766007583,0.00553568035037024));
#3405=CARTESIAN_POINT('',(-0.121477712988853,-0.0433160766007583,0.00553568035037024));
#3406=CARTESIAN_POINT('',(-0.121477712988853,-0.0433160766007583,0.00553568035037024));
#3407=CARTESIAN_POINT('',(-0.121477712988853,-0.0430650123000028,0.0058045254089695));
#3408=CARTESIAN_POINT('',(-0.121477712988853,-0.0426069799779449,0.00581875001524459));
#3409=CARTESIAN_POINT('',(-0.121477712988853,-0.0426069799779449,0.00581875001524459));
#3410=CARTESIAN_POINT('',(-0.121477712988853,-0.0420756909335701,0.00581875001524459));
#3411=CARTESIAN_POINT('',(-0.121477712988853,-0.0415444018891954,0.00581875001524459));
#3412=CARTESIAN_POINT('',(-0.121477712988853,-0.0415444018891954,0.00496527363873902));
#3413=CARTESIAN_POINT('',(-0.121477712988853,-0.0415444018891954,0.00411179726223345));
#3414=CARTESIAN_POINT('',(-0.121477712988853,-0.041890771051994,0.00404494161274052));
#3415=CARTESIAN_POINT('',(-0.121477712988853,-0.0422371402147925,0.00397808596324758));
#3416=CARTESIAN_POINT('',(-0.121477712988853,-0.0422371402147925,0.00358904298162379));
#3417=CARTESIAN_POINT('',(-0.121477712988853,-0.0422371402147925,0.0032));
#3418=CARTESIAN_POINT('',(-0.121477712988853,-0.0408971823036787,0.0032));
#3419=CARTESIAN_POINT('',(-0.121477712988853,-0.0395572243925649,0.0032));
#3420=CARTESIAN_POINT('',(-0.121477712988853,-0.0395572243925649,0.00358904298162379));
#3421=CARTESIAN_POINT('',(-0.121477712988853,-0.0395572243925649,0.00397808596324758));
#3422=CARTESIAN_POINT('',(-0.121477712988853,-0.0399014598644222,0.00404494161274052));
#3423=CARTESIAN_POINT('',(-0.121477712988853,-0.0402456953362795,0.00411179726223345));
#3424=CARTESIAN_POINT('',(-0.121477712988853,-0.0402456953362795,0.00643396423664235));
#3425=CARTESIAN_POINT('',(-0.121477712988853,-0.0402456953362795,0.00875613121105125));
#3426=CARTESIAN_POINT('',(-0.121477712988853,-0.0399014598644222,0.00882298686054419));
#3427=CARTESIAN_POINT('',(-0.121477712988853,-0.0395572243925649,0.00888984251003713));
#3428=CARTESIAN_POINT('',(-0.121477712988853,-0.0395572243925649,0.00928101918260218));
#3429=CARTESIAN_POINT('',(-0.121477712988853,-0.0395572243925649,0.00967219585516723));
#3430=CARTESIAN_POINT('',(-0.121477712988853,-0.0413552146257367,0.00967219585516723));
#3431=CARTESIAN_POINT('',(-0.0120777129888534,-0.05445,0.003));
#3432=CARTESIAN_POINT('',(-0.0120777129888534,-0.05445,0.));
#3433=CARTESIAN_POINT('',(-0.0120777129888534,0.005,0.));
#3434=CARTESIAN_POINT('',(-0.0120777129888534,-0.1139,0.));
#3435=CARTESIAN_POINT('',(-0.0120777129888534,0.005,0.003));
#3436=CARTESIAN_POINT('',(-0.0120777129888534,0.005,0.013));
#3437=CARTESIAN_POINT('',(-0.0120777129888534,-0.05445,0.013));
#3438=CARTESIAN_POINT('',(-0.0120777129888534,-0.1139,0.013));
#3439=CARTESIAN_POINT('',(-0.0120777129888534,-0.1139,0.003));
#3440=CARTESIAN_POINT('',(-0.0120777129888534,-0.0235,0.003));
#3441=CARTESIAN_POINT('',(-0.0120777129888534,-0.0235,0.0021));
#3442=CARTESIAN_POINT('',(-0.0120777129888534,-0.0235,0.0101));
#3443=CARTESIAN_POINT('',(-0.0120777129888534,-0.05445,0.0101));
#3444=CARTESIAN_POINT('',(-0.0120777129888534,-0.0115,0.0101));
#3445=CARTESIAN_POINT('',(-0.0120777129888534,-0.0115,0.003));
#3446=CARTESIAN_POINT('',(-0.0120777129888534,-0.0115,0.0021));
#3447=CARTESIAN_POINT('',(-0.0120777129888534,-0.05445,0.0021));
#3448=CARTESIAN_POINT('',(0.0112111435055733,-0.05875,0.003));
#3449=CARTESIAN_POINT('',(-0.0220777129888534,-0.05445,0.003));
#3450=CARTESIAN_POINT('',(-0.0220777129888534,-0.0235,0.003));
#3451=CARTESIAN_POINT('',(-0.0220777129888534,-0.1039,0.003));
#3452=CARTESIAN_POINT('',(0.0112111435055733,-0.0235,0.003));
#3453=CARTESIAN_POINT('',(-0.111477712988853,-0.0235,0.003));
#3454=CARTESIAN_POINT('',(-0.111477712988853,-0.05445,0.003));
#3455=CARTESIAN_POINT('',(-0.111477712988853,-0.1039,0.003));
#3456=CARTESIAN_POINT('',(-0.0667777129888534,-0.1039,0.003));
#3457=CARTESIAN_POINT('',(-0.0667777129888535,0.005,0.003));
#3458=CARTESIAN_POINT('',(-0.0667777129888535,0.005,0.));
#3459=CARTESIAN_POINT('',(-0.0667777129888535,0.005,0.013));
#3460=CARTESIAN_POINT('',(-0.0667777129888535,-0.1139,0.003));
#3461=CARTESIAN_POINT('',(-0.0667777129888535,-0.1139,0.));
#3462=CARTESIAN_POINT('',(-0.0667777129888535,-0.1139,0.013));
#3463=CARTESIAN_POINT('',(-0.116477712988853,8.87868929381831E-20,0.003));
#3464=CARTESIAN_POINT('',(-0.116477712988853,8.87868929381831E-20,0.));
#3465=CARTESIAN_POINT('',(-0.115027712988853,8.87868929381831E-20,0.));
#3466=CARTESIAN_POINT('',(-0.116477712988853,8.87868929381831E-20,0.013));
#3467=CARTESIAN_POINT('',(-0.115027712988853,8.87868929381831E-20,0.013));
#3468=CARTESIAN_POINT('',(-0.0170777129888534,8.87868929381831E-20,0.003));
#3469=CARTESIAN_POINT('',(-0.0170777129888534,8.87868929381831E-20,0.));
#3470=CARTESIAN_POINT('',(-0.0156277129888534,8.87868929381831E-20,0.));
#3471=CARTESIAN_POINT('',(-0.0170777129888534,8.87868929381831E-20,0.013));
#3472=CARTESIAN_POINT('',(-0.0156277129888534,8.87868929381831E-20,0.013));
#3473=CARTESIAN_POINT('',(-0.116477712988853,-0.1089,0.003));
#3474=CARTESIAN_POINT('',(-0.116477712988853,-0.1089,0.));
#3475=CARTESIAN_POINT('',(-0.115127712988853,-0.1089,0.));
#3476=CARTESIAN_POINT('',(-0.116477712988853,-0.1089,0.013));
#3477=CARTESIAN_POINT('',(-0.115127712988853,-0.1089,0.013));
#3478=CARTESIAN_POINT('',(-0.0170777129888534,-0.1089,0.003));
#3479=CARTESIAN_POINT('',(-0.0170777129888534,-0.1089,0.));
#3480=CARTESIAN_POINT('',(-0.0157277129888534,-0.1089,0.));
#3481=CARTESIAN_POINT('',(-0.0170777129888534,-0.1089,0.013));
#3482=CARTESIAN_POINT('',(-0.0157277129888534,-0.1089,0.013));
#3483=CARTESIAN_POINT('',(0.0112111435055733,-0.05875,0.));
#3484=CARTESIAN_POINT('',(-0.111477712988853,-0.05445,0.013));
#3485=CARTESIAN_POINT('',(-0.111477712988853,-0.0115,0.013));
#3486=CARTESIAN_POINT('',(-0.111477712988853,-0.0115,0.003));
#3487=CARTESIAN_POINT('',(-0.111477712988853,-0.0115,0.0101));
#3488=CARTESIAN_POINT('',(-0.111477712988853,-0.05445,0.003));
#3489=CARTESIAN_POINT('',(-0.111477712988853,-0.005,0.003));
#3490=CARTESIAN_POINT('',(-0.111477712988853,-0.005,0.013));
#3491=CARTESIAN_POINT('',(-0.111477712988853,-0.005,0.013));
#3492=CARTESIAN_POINT('',(-0.111477712988853,-0.05445,0.013));
#3493=CARTESIAN_POINT('',(-0.111477712988853,-0.1039,0.013));
#3494=CARTESIAN_POINT('',(-0.111477712988853,-0.1039,0.013));
#3495=CARTESIAN_POINT('',(-0.111477712988853,-0.0235,0.013));
#3496=CARTESIAN_POINT('',(-0.111477712988853,-0.0235,0.0101));
#3497=CARTESIAN_POINT('',(-0.111477712988853,-0.05445,0.0101));
#3498=CARTESIAN_POINT('',(-0.0667777129888534,-0.005,0.013));
#3499=CARTESIAN_POINT('',(-0.0667777129888534,-0.005,0.003));
#3500=CARTESIAN_POINT('',(-0.0220777129888534,-0.005,0.003));
#3501=CARTESIAN_POINT('',(-0.0220777129888534,-0.005,0.013));
#3502=CARTESIAN_POINT('',(-0.0220777129888534,-0.005,0.013));
#3503=CARTESIAN_POINT('',(-0.0667777129888534,-0.005,0.013));
#3504=CARTESIAN_POINT('',(-0.0220777129888534,-0.05445,0.013));
#3505=CARTESIAN_POINT('',(-0.0220777129888534,-0.05445,0.003));
#3506=CARTESIAN_POINT('',(-0.0220777129888534,-0.0115,0.003));
#3507=CARTESIAN_POINT('',(-0.0220777129888534,-0.0115,0.013));
#3508=CARTESIAN_POINT('',(-0.0220777129888534,-0.0115,0.0101));
#3509=CARTESIAN_POINT('',(-0.0220777129888534,-0.05445,0.0101));
#3510=CARTESIAN_POINT('',(-0.0220777129888534,-0.0235,0.0101));
#3511=CARTESIAN_POINT('',(-0.0220777129888534,-0.0235,0.013));
#3512=CARTESIAN_POINT('',(-0.0220777129888534,-0.1039,0.013));
#3513=CARTESIAN_POINT('',(-0.0220777129888534,-0.1039,0.013));
#3514=CARTESIAN_POINT('',(-0.0220777129888534,-0.05445,0.013));
#3515=CARTESIAN_POINT('',(-0.0667777129888534,-0.1039,0.013));
#3516=CARTESIAN_POINT('',(-0.0667777129888534,-0.1039,0.013));
#3517=CARTESIAN_POINT('',(-0.0667777129888535,-0.05445,0.013));
#3518=CARTESIAN_POINT('',(0.0112111435055733,-0.05875,0.003));
#3519=CARTESIAN_POINT('',(0.0112111435055733,-0.0115,0.003));
#3520=CARTESIAN_POINT('',(0.172997375571409,-0.0175,0.0101));
#3521=CARTESIAN_POINT('',(0.172997375571409,-0.0235,0.0101));
#3522=CARTESIAN_POINT('',(0.172997375571409,-0.0115,0.0101));
#3523=CARTESIAN_POINT('',(0.172997375571409,-0.0175,0.0101));
#3524=CARTESIAN_POINT('',(0.172997375571409,-0.0235,0.0101));
#3525=CARTESIAN_POINT('',(0.172997375571409,-0.0115,0.0101));
#3526=CARTESIAN_POINT('',(0.172997375571409,-0.0115,0.0061));
#3527=CARTESIAN_POINT('',(0.172997375571409,-0.0115,0.0021));
#3528=CARTESIAN_POINT('',(0.172997375571409,-0.0175,0.0021));
#3529=CARTESIAN_POINT('',(0.172997375571409,-0.0235,0.0021));
#3530=CARTESIAN_POINT('',(0.172997375571409,-0.0235,0.0061));
#3531=CARTESIAN_POINT('',(-0.120977712988853,-0.0518707548145991,0.00401151378799404));
#3532=CARTESIAN_POINT('',(-0.120977712988853,-0.0516396049626288,0.00397808596324758));
#3533=CARTESIAN_POINT('',(-0.120977712988853,-0.0516396049626288,0.00397808596324758));
#3534=CARTESIAN_POINT('',(-0.120977712988853,-0.0518707548145991,0.00401151378799404));
#3535=CARTESIAN_POINT('',(-0.120977712988853,-0.0521019046665693,0.00404494161274052));
#3536=CARTESIAN_POINT('',(-0.120977712988853,-0.0521019046665693,0.00404494161274052));
#3537=CARTESIAN_POINT('',(-0.120977712988853,-0.0516396049626288,0.00358904298162379));
#3538=CARTESIAN_POINT('',(-0.120977712988853,-0.0516396049626288,0.0032));
#3539=CARTESIAN_POINT('',(-0.120977712988853,-0.0516396049626288,0.0032));
#3540=CARTESIAN_POINT('',(-0.120977712988853,-0.0516396049626288,0.00358904298162379));
#3541=CARTESIAN_POINT('',(-0.120977712988853,-0.0527420119489485,0.0032));
#3542=CARTESIAN_POINT('',(-0.120977712988853,-0.0538444189352682,0.0032));
#3543=CARTESIAN_POINT('',(-0.120977712988853,-0.0538444189352682,0.0032));
#3544=CARTESIAN_POINT('',(-0.120977712988853,-0.0527420119489485,0.0032));
#3545=CARTESIAN_POINT('',(-0.120977712988853,-0.0538444189352682,0.00358904298162379));
#3546=CARTESIAN_POINT('',(-0.120977712988853,-0.0538444189352682,0.00397808596324758));
#3547=CARTESIAN_POINT('',(-0.120977712988853,-0.0538444189352682,0.00397808596324758));
#3548=CARTESIAN_POINT('',(-0.120977712988853,-0.0538444189352682,0.00358904298162379));
#3549=CARTESIAN_POINT('',(-0.120977712988853,-0.0536203813864355,0.00401791486081784));
#3550=CARTESIAN_POINT('',(-0.120977712988853,-0.0533963438376028,0.0040577437583881));
#3551=CARTESIAN_POINT('',(-0.120977712988853,-0.0533963438376028,0.0040577437583881));
#3552=CARTESIAN_POINT('',(-0.120977712988853,-0.0536203813864355,0.00401791486081784));
#3553=CARTESIAN_POINT('',(-0.120977712988853,-0.0535385899003537,0.00450226270448475));
#3554=CARTESIAN_POINT('',(-0.120977712988853,-0.0536808359631046,0.0049467816505814));
#3555=CARTESIAN_POINT('',(-0.120977712988853,-0.0536808359631046,0.0049467816505814));
#3556=CARTESIAN_POINT('',(-0.120977712988853,-0.0535385899003537,0.00450226270448475));
#3557=CARTESIAN_POINT('',(-0.120977712988853,-0.0547299006758927,0.0049467816505814));
#3558=CARTESIAN_POINT('',(-0.120977712988853,-0.0557789653886808,0.0049467816505814));
#3559=CARTESIAN_POINT('',(-0.120977712988853,-0.0557789653886808,0.0049467816505814));
#3560=CARTESIAN_POINT('',(-0.120977712988853,-0.0547299006758927,0.0049467816505814));
#3561=CARTESIAN_POINT('',(-0.120977712988853,-0.0559212114514317,0.00450226270448475));
#3562=CARTESIAN_POINT('',(-0.120977712988853,-0.0560634575141827,0.0040577437583881));
#3563=CARTESIAN_POINT('',(-0.120977712988853,-0.0560634575141827,0.0040577437583881));
#3564=CARTESIAN_POINT('',(-0.120977712988853,-0.0559212114514317,0.00450226270448475));
#3565=CARTESIAN_POINT('',(-0.120977712988853,-0.0558387087350362,0.00401791486081784));
#3566=CARTESIAN_POINT('',(-0.120977712988853,-0.0556139599558897,0.00397808596324758));
#3567=CARTESIAN_POINT('',(-0.120977712988853,-0.0556139599558897,0.00397808596324758));
#3568=CARTESIAN_POINT('',(-0.120977712988853,-0.0558387087350362,0.00401791486081784));
#3569=CARTESIAN_POINT('',(-0.120977712988853,-0.0556139599558897,0.00358904298162379));
#3570=CARTESIAN_POINT('',(-0.120977712988853,-0.0556139599558897,0.0032));
#3571=CARTESIAN_POINT('',(-0.120977712988853,-0.0556139599558897,0.0032));
#3572=CARTESIAN_POINT('',(-0.120977712988853,-0.0556139599558897,0.00358904298162379));
#3573=CARTESIAN_POINT('',(-0.120977712988853,-0.0567163669422094,0.0032));
#3574=CARTESIAN_POINT('',(-0.120977712988853,-0.0578187739285291,0.0032));
#3575=CARTESIAN_POINT('',(-0.120977712988853,-0.0578187739285291,0.0032));
#3576=CARTESIAN_POINT('',(-0.120977712988853,-0.0567163669422094,0.0032));
#3577=CARTESIAN_POINT('',(-0.120977712988853,-0.0578187739285291,0.00358904298162379));
#3578=CARTESIAN_POINT('',(-0.120977712988853,-0.0578187739285291,0.00397808596324758));
#3579=CARTESIAN_POINT('',(-0.120977712988853,-0.0578187739285291,0.00397808596324758));
#3580=CARTESIAN_POINT('',(-0.120977712988853,-0.0578187739285291,0.00358904298162379));
#3581=CARTESIAN_POINT('',(-0.120977712988853,-0.0575876240765589,0.00401151378799404));
#3582=CARTESIAN_POINT('',(-0.120977712988853,-0.0573564742245886,0.00404494161274052));
#3583=CARTESIAN_POINT('',(-0.120977712988853,-0.0573564742245886,0.00404494161274052));
#3584=CARTESIAN_POINT('',(-0.120977712988853,-0.0575876240765589,0.00401151378799404));
#3585=CARTESIAN_POINT('',(-0.120977712988853,-0.056378532543176,0.00685856873395387));
#3586=CARTESIAN_POINT('',(-0.120977712988853,-0.0554005908617633,0.00967219585516723));
#3587=CARTESIAN_POINT('',(-0.120977712988853,-0.0554005908617633,0.00967219585516723));
#3588=CARTESIAN_POINT('',(-0.120977712988853,-0.056378532543176,0.00685856873395387));
#3589=CARTESIAN_POINT('',(-0.120977712988853,-0.0547363017487165,0.00967219585516723));
#3590=CARTESIAN_POINT('',(-0.120977712988853,-0.0540720126356697,0.00967219585516723));
#3591=CARTESIAN_POINT('',(-0.120977712988853,-0.0540720126356697,0.00967219585516723));
#3592=CARTESIAN_POINT('',(-0.120977712988853,-0.0547363017487165,0.00967219585516723));
#3593=CARTESIAN_POINT('',(-0.120977712988853,-0.0530869586511195,0.00685856873395387));
#3594=CARTESIAN_POINT('',(-0.120977712988853,-0.0530869586511195,0.00685856873395387));
#3595=CARTESIAN_POINT('',(-0.120977712988853,-0.05445,0.0065));
#3596=CARTESIAN_POINT('',(-0.120977712988853,-0.0363837147325917,0.00928101918260218));
#3597=CARTESIAN_POINT('',(-0.120977712988853,-0.0363837147325917,0.00888984251003713));
#3598=CARTESIAN_POINT('',(-0.120977712988853,-0.0363837147325917,0.00888984251003713));
#3599=CARTESIAN_POINT('',(-0.120977712988853,-0.0363837147325917,0.00928101918260218));
#3600=CARTESIAN_POINT('',(-0.120977712988853,-0.0363837147325917,0.00967219585516723));
#3601=CARTESIAN_POINT('',(-0.120977712988853,-0.0363837147325917,0.00967219585516723));
#3602=CARTESIAN_POINT('',(-0.120977712988853,-0.0367300838953903,0.00882298686054419));
#3603=CARTESIAN_POINT('',(-0.120977712988853,-0.0370764530581888,0.00875613121105125));
#3604=CARTESIAN_POINT('',(-0.120977712988853,-0.0370764530581888,0.00875613121105125));
#3605=CARTESIAN_POINT('',(-0.120977712988853,-0.0367300838953903,0.00882298686054419));
#3606=CARTESIAN_POINT('',(-0.120977712988853,-0.0370764530581888,0.00643396423664235));
#3607=CARTESIAN_POINT('',(-0.120977712988853,-0.0370764530581888,0.00411179726223345));
#3608=CARTESIAN_POINT('',(-0.120977712988853,-0.0370764530581888,0.00411179726223345));
#3609=CARTESIAN_POINT('',(-0.120977712988853,-0.0370764530581888,0.00643396423664235));
#3610=CARTESIAN_POINT('',(-0.120977712988853,-0.0367300838953903,0.00404494161274052));
#3611=CARTESIAN_POINT('',(-0.120977712988853,-0.0363837147325917,0.00397808596324758));
#3612=CARTESIAN_POINT('',(-0.120977712988853,-0.0363837147325917,0.00397808596324758));
#3613=CARTESIAN_POINT('',(-0.120977712988853,-0.0367300838953903,0.00404494161274052));
#3614=CARTESIAN_POINT('',(-0.120977712988853,-0.0363837147325917,0.00358904298162379));
#3615=CARTESIAN_POINT('',(-0.120977712988853,-0.0363837147325917,0.0032));
#3616=CARTESIAN_POINT('',(-0.120977712988853,-0.0363837147325917,0.0032));
#3617=CARTESIAN_POINT('',(-0.120977712988853,-0.0363837147325917,0.00358904298162379));
#3618=CARTESIAN_POINT('',(-0.120977712988853,-0.0377236726437055,0.0032));
#3619=CARTESIAN_POINT('',(-0.120977712988853,-0.0390636305548193,0.0032));
#3620=CARTESIAN_POINT('',(-0.120977712988853,-0.0390636305548193,0.0032));
#3621=CARTESIAN_POINT('',(-0.120977712988853,-0.0377236726437055,0.0032));
#3622=CARTESIAN_POINT('',(-0.120977712988853,-0.0390636305548193,0.00358904298162379));
#3623=CARTESIAN_POINT('',(-0.120977712988853,-0.0390636305548193,0.00397808596324758));
#3624=CARTESIAN_POINT('',(-0.120977712988853,-0.0390636305548193,0.00397808596324758));
#3625=CARTESIAN_POINT('',(-0.120977712988853,-0.0390636305548193,0.00358904298162379));
#3626=CARTESIAN_POINT('',(-0.120977712988853,-0.0387172613920208,0.00404494161274052));
#3627=CARTESIAN_POINT('',(-0.120977712988853,-0.0383708922292222,0.00411179726223345));
#3628=CARTESIAN_POINT('',(-0.120977712988853,-0.0383708922292222,0.00411179726223345));
#3629=CARTESIAN_POINT('',(-0.120977712988853,-0.0387172613920208,0.00404494161274052));
#3630=CARTESIAN_POINT('',(-0.120977712988853,-0.0383708922292222,0.00643396423664235));
#3631=CARTESIAN_POINT('',(-0.120977712988853,-0.0383708922292222,0.00875613121105125));
#3632=CARTESIAN_POINT('',(-0.120977712988853,-0.0383708922292222,0.00875613121105125));
#3633=CARTESIAN_POINT('',(-0.120977712988853,-0.0383708922292222,0.00643396423664235));
#3634=CARTESIAN_POINT('',(-0.120977712988853,-0.0387172613920208,0.00882298686054419));
#3635=CARTESIAN_POINT('',(-0.120977712988853,-0.0390636305548193,0.00888984251003713));
#3636=CARTESIAN_POINT('',(-0.120977712988853,-0.0390636305548193,0.00888984251003713));
#3637=CARTESIAN_POINT('',(-0.120977712988853,-0.0387172613920208,0.00882298686054419));
#3638=CARTESIAN_POINT('',(-0.120977712988853,-0.0390636305548193,0.00928101918260218));
#3639=CARTESIAN_POINT('',(-0.120977712988853,-0.0390636305548193,0.00967219585516723));
#3640=CARTESIAN_POINT('',(-0.120977712988853,-0.0390636305548193,0.00967219585516723));
#3641=CARTESIAN_POINT('',(-0.120977712988853,-0.0390636305548193,0.00928101918260218));
#3642=CARTESIAN_POINT('',(-0.120977712988853,-0.0377236726437055,0.00967219585516723));
#3643=CARTESIAN_POINT('',(-0.120977712988853,-0.0377236726437055,0.00967219585516723));
#3644=CARTESIAN_POINT('',(-0.120977712988853,-0.05445,0.0065));
#3645=CARTESIAN_POINT('',(-0.120977712988853,-0.0300132248122914,0.00401151378799404));
#3646=CARTESIAN_POINT('',(-0.120977712988853,-0.0297820749603212,0.00397808596324758));
#3647=CARTESIAN_POINT('',(-0.120977712988853,-0.0297820749603212,0.00397808596324758));
#3648=CARTESIAN_POINT('',(-0.120977712988853,-0.0300132248122914,0.00401151378799404));
#3649=CARTESIAN_POINT('',(-0.120977712988853,-0.0302443746642617,0.00404494161274052));
#3650=CARTESIAN_POINT('',(-0.120977712988853,-0.0302443746642617,0.00404494161274052));
#3651=CARTESIAN_POINT('',(-0.120977712988853,-0.0297820749603212,0.00358904298162379));
#3652=CARTESIAN_POINT('',(-0.120977712988853,-0.0297820749603212,0.0032));
#3653=CARTESIAN_POINT('',(-0.120977712988853,-0.0297820749603212,0.0032));
#3654=CARTESIAN_POINT('',(-0.120977712988853,-0.0297820749603212,0.00358904298162379));
#3655=CARTESIAN_POINT('',(-0.120977712988853,-0.0308844819466409,0.0032));
#3656=CARTESIAN_POINT('',(-0.120977712988853,-0.0319868889329606,0.0032));
#3657=CARTESIAN_POINT('',(-0.120977712988853,-0.0319868889329606,0.0032));
#3658=CARTESIAN_POINT('',(-0.120977712988853,-0.0308844819466409,0.0032));
#3659=CARTESIAN_POINT('',(-0.120977712988853,-0.0319868889329606,0.00358904298162379));
#3660=CARTESIAN_POINT('',(-0.120977712988853,-0.0319868889329606,0.00397808596324758));
#3661=CARTESIAN_POINT('',(-0.120977712988853,-0.0319868889329606,0.00397808596324758));
#3662=CARTESIAN_POINT('',(-0.120977712988853,-0.0319868889329606,0.00358904298162379));
#3663=CARTESIAN_POINT('',(-0.120977712988853,-0.0317628513841278,0.00401791486081784));
#3664=CARTESIAN_POINT('',(-0.120977712988853,-0.0315388138352952,0.0040577437583881));
#3665=CARTESIAN_POINT('',(-0.120977712988853,-0.0315388138352952,0.0040577437583881));
#3666=CARTESIAN_POINT('',(-0.120977712988853,-0.0317628513841278,0.00401791486081784));
#3667=CARTESIAN_POINT('',(-0.120977712988853,-0.0316810598980461,0.00450226270448475));
#3668=CARTESIAN_POINT('',(-0.120977712988853,-0.031823305960797,0.0049467816505814));
#3669=CARTESIAN_POINT('',(-0.120977712988853,-0.031823305960797,0.0049467816505814));
#3670=CARTESIAN_POINT('',(-0.120977712988853,-0.0316810598980461,0.00450226270448475));
#3671=CARTESIAN_POINT('',(-0.120977712988853,-0.0328723706735851,0.0049467816505814));
#3672=CARTESIAN_POINT('',(-0.120977712988853,-0.0339214353863732,0.0049467816505814));
#3673=CARTESIAN_POINT('',(-0.120977712988853,-0.0339214353863732,0.0049467816505814));
#3674=CARTESIAN_POINT('',(-0.120977712988853,-0.0328723706735851,0.0049467816505814));
#3675=CARTESIAN_POINT('',(-0.120977712988853,-0.0340636814491241,0.00450226270448475));
#3676=CARTESIAN_POINT('',(-0.120977712988853,-0.034205927511875,0.0040577437583881));
#3677=CARTESIAN_POINT('',(-0.120977712988853,-0.034205927511875,0.0040577437583881));
#3678=CARTESIAN_POINT('',(-0.120977712988853,-0.0340636814491241,0.00450226270448475));
#3679=CARTESIAN_POINT('',(-0.120977712988853,-0.0339811787327286,0.00401791486081784));
#3680=CARTESIAN_POINT('',(-0.120977712988853,-0.0337564299535821,0.00397808596324758));
#3681=CARTESIAN_POINT('',(-0.120977712988853,-0.0337564299535821,0.00397808596324758));
#3682=CARTESIAN_POINT('',(-0.120977712988853,-0.0339811787327286,0.00401791486081784));
#3683=CARTESIAN_POINT('',(-0.120977712988853,-0.0337564299535821,0.00358904298162379));
#3684=CARTESIAN_POINT('',(-0.120977712988853,-0.0337564299535821,0.0032));
#3685=CARTESIAN_POINT('',(-0.120977712988853,-0.0337564299535821,0.0032));
#3686=CARTESIAN_POINT('',(-0.120977712988853,-0.0337564299535821,0.00358904298162379));
#3687=CARTESIAN_POINT('',(-0.120977712988853,-0.0348588369399018,0.0032));
#3688=CARTESIAN_POINT('',(-0.120977712988853,-0.0359612439262215,0.0032));
#3689=CARTESIAN_POINT('',(-0.120977712988853,-0.0359612439262215,0.0032));
#3690=CARTESIAN_POINT('',(-0.120977712988853,-0.0348588369399018,0.0032));
#3691=CARTESIAN_POINT('',(-0.120977712988853,-0.0359612439262215,0.00358904298162379));
#3692=CARTESIAN_POINT('',(-0.120977712988853,-0.0359612439262215,0.00397808596324758));
#3693=CARTESIAN_POINT('',(-0.120977712988853,-0.0359612439262215,0.00397808596324758));
#3694=CARTESIAN_POINT('',(-0.120977712988853,-0.0359612439262215,0.00358904298162379));
#3695=CARTESIAN_POINT('',(-0.120977712988853,-0.0357300940742512,0.00401151378799404));
#3696=CARTESIAN_POINT('',(-0.120977712988853,-0.035498944222281,0.00404494161274052));
#3697=CARTESIAN_POINT('',(-0.120977712988853,-0.035498944222281,0.00404494161274052));
#3698=CARTESIAN_POINT('',(-0.120977712988853,-0.0357300940742512,0.00401151378799404));
#3699=CARTESIAN_POINT('',(-0.120977712988853,-0.0345210025408684,0.00685856873395387));
#3700=CARTESIAN_POINT('',(-0.120977712988853,-0.0335430608594557,0.00967219585516723));
#3701=CARTESIAN_POINT('',(-0.120977712988853,-0.0335430608594557,0.00967219585516723));
#3702=CARTESIAN_POINT('',(-0.120977712988853,-0.0345210025408684,0.00685856873395387));
#3703=CARTESIAN_POINT('',(-0.120977712988853,-0.0328787717464089,0.00967219585516723));
#3704=CARTESIAN_POINT('',(-0.120977712988853,-0.032214482633362,0.00967219585516723));
#3705=CARTESIAN_POINT('',(-0.120977712988853,-0.032214482633362,0.00967219585516723));
#3706=CARTESIAN_POINT('',(-0.120977712988853,-0.0328787717464089,0.00967219585516723));
#3707=CARTESIAN_POINT('',(-0.120977712988853,-0.0312294286488119,0.00685856873395387));
#3708=CARTESIAN_POINT('',(-0.120977712988853,-0.0312294286488119,0.00685856873395387));
#3709=CARTESIAN_POINT('',(-0.120977712988853,-0.05445,0.0065));
#3710=CARTESIAN_POINT('',(-0.120977712988853,-0.0611572890212934,0.00967219585516723));
#3711=CARTESIAN_POINT('',(-0.121477712988853,-0.0611572890212934,0.00967219585516723));
#3712=CARTESIAN_POINT('',(-0.120977712988853,-0.0619481771301885,0.00967219585516723));
#3713=CARTESIAN_POINT('',(-0.121477712988853,-0.0619481771301885,0.00967219585516723));
#3714=CARTESIAN_POINT('',(-0.120977712988853,-0.0626001382511303,0.00941947201701308));
#3715=CARTESIAN_POINT('',(-0.121477712988853,-0.0626001382511303,0.00941947201701308));
#3716=CARTESIAN_POINT('',(-0.120977712988853,-0.0631131723841187,0.00891402434070478));
#3717=CARTESIAN_POINT('',(-0.121477712988853,-0.0631131723841187,0.00891402434070478));
#3718=CARTESIAN_POINT('',(-0.120977712988853,-0.0611572890212934,0.00967219585516723));
#3719=CARTESIAN_POINT('',(-0.120977712988853,-0.0611572890212934,0.00967219585516723));
#3720=CARTESIAN_POINT('',(-0.120977712988853,-0.0611572890212934,0.00967219585516723));
#3721=CARTESIAN_POINT('',(-0.120977712988853,-0.0623436211846361,0.00967219585516723));
#3722=CARTESIAN_POINT('',(-0.120977712988853,-0.0631131723841187,0.00891402434070478));
#3723=CARTESIAN_POINT('',(-0.120977712988853,-0.0631131723841187,0.00891402434070478));
#3724=CARTESIAN_POINT('',(-0.120977712988853,-0.0631131723841187,0.00891402434070478));
#3725=CARTESIAN_POINT('',(-0.120977712988853,-0.0600456360408949,0.00967219585516723));
#3726=CARTESIAN_POINT('',(-0.120977712988853,-0.0582455121167819,0.00967219585516723));
#3727=CARTESIAN_POINT('',(-0.120977712988853,-0.0582455121167819,0.00967219585516723));
#3728=CARTESIAN_POINT('',(-0.120977712988853,-0.0600456360408949,0.00967219585516723));
#3729=CARTESIAN_POINT('',(-0.120977712988853,-0.0582455121167819,0.00928101918260218));
#3730=CARTESIAN_POINT('',(-0.120977712988853,-0.0582455121167819,0.00888984251003713));
#3731=CARTESIAN_POINT('',(-0.120977712988853,-0.0582455121167819,0.00888984251003713));
#3732=CARTESIAN_POINT('',(-0.120977712988853,-0.0582455121167819,0.00928101918260218));
#3733=CARTESIAN_POINT('',(-0.120977712988853,-0.0585897475886391,0.00882298686054419));
#3734=CARTESIAN_POINT('',(-0.120977712988853,-0.0589339830604964,0.00875613121105125));
#3735=CARTESIAN_POINT('',(-0.120977712988853,-0.0589339830604964,0.00875613121105125));
#3736=CARTESIAN_POINT('',(-0.120977712988853,-0.0585897475886391,0.00882298686054419));
#3737=CARTESIAN_POINT('',(-0.120977712988853,-0.0589339830604964,0.00643396423664235));
#3738=CARTESIAN_POINT('',(-0.120977712988853,-0.0589339830604964,0.00411179726223345));
#3739=CARTESIAN_POINT('',(-0.120977712988853,-0.0589339830604964,0.00411179726223345));
#3740=CARTESIAN_POINT('',(-0.120977712988853,-0.0589339830604964,0.00643396423664235));
#3741=CARTESIAN_POINT('',(-0.120977712988853,-0.0585897475886391,0.00404494161274052));
#3742=CARTESIAN_POINT('',(-0.120977712988853,-0.0582455121167819,0.00397808596324758));
#3743=CARTESIAN_POINT('',(-0.120977712988853,-0.0582455121167819,0.00397808596324758));
#3744=CARTESIAN_POINT('',(-0.120977712988853,-0.0585897475886391,0.00404494161274052));
#3745=CARTESIAN_POINT('',(-0.120977712988853,-0.0582455121167819,0.00358904298162379));
#3746=CARTESIAN_POINT('',(-0.120977712988853,-0.0582455121167819,0.0032));
#3747=CARTESIAN_POINT('',(-0.120977712988853,-0.0582455121167819,0.0032));
#3748=CARTESIAN_POINT('',(-0.120977712988853,-0.0582455121167819,0.00358904298162379));
#3749=CARTESIAN_POINT('',(-0.120977712988853,-0.0597014005690376,0.0032));
#3750=CARTESIAN_POINT('',(-0.120977712988853,-0.0611572890212934,0.0032));
#3751=CARTESIAN_POINT('',(-0.120977712988853,-0.0611572890212934,0.0032));
#3752=CARTESIAN_POINT('',(-0.120977712988853,-0.0597014005690376,0.0032));
#3753=CARTESIAN_POINT('',(-0.120977712988853,-0.0631131723841187,0.00395319290226616));
#3754=CARTESIAN_POINT('',(-0.121477712988853,-0.0631131723841187,0.00395319290226616));
#3755=CARTESIAN_POINT('',(-0.120977712988853,-0.0626001382511303,0.00345106430075539));
#3756=CARTESIAN_POINT('',(-0.121477712988853,-0.0626001382511303,0.00345106430075539));
#3757=CARTESIAN_POINT('',(-0.120977712988853,-0.0619481771301885,0.0032));
#3758=CARTESIAN_POINT('',(-0.121477712988853,-0.0619481771301885,0.0032));
#3759=CARTESIAN_POINT('',(-0.120977712988853,-0.0611572890212934,0.0032));
#3760=CARTESIAN_POINT('',(-0.121477712988853,-0.0611572890212934,0.0032));
#3761=CARTESIAN_POINT('',(-0.120977712988853,-0.0631131723841187,0.00395319290226616));
#3762=CARTESIAN_POINT('',(-0.120977712988853,-0.0631131723841187,0.00395319290226616));
#3763=CARTESIAN_POINT('',(-0.120977712988853,-0.0631131723841187,0.00395319290226616));
#3764=CARTESIAN_POINT('',(-0.120977712988853,-0.0623436211846361,0.0032));
#3765=CARTESIAN_POINT('',(-0.120977712988853,-0.0611572890212934,0.0032));
#3766=CARTESIAN_POINT('',(-0.120977712988853,-0.0638827235836012,0.00589840781038511));
#3767=CARTESIAN_POINT('',(-0.121477712988853,-0.0638827235836012,0.00589840781038511));
#3768=CARTESIAN_POINT('',(-0.120977712988853,-0.0638827235836012,0.00510372647314992));
#3769=CARTESIAN_POINT('',(-0.121477712988853,-0.0638827235836012,0.00510372647314992));
#3770=CARTESIAN_POINT('',(-0.120977712988853,-0.063626206517107,0.00445532150377694));
#3771=CARTESIAN_POINT('',(-0.121477712988853,-0.063626206517107,0.00445532150377694));
#3772=CARTESIAN_POINT('',(-0.120977712988853,-0.0631131723841187,0.00395319290226616));
#3773=CARTESIAN_POINT('',(-0.121477712988853,-0.0631131723841187,0.00395319290226616));
#3774=CARTESIAN_POINT('',(-0.120977712988853,-0.0638827235836012,0.00589840781038511));
#3775=CARTESIAN_POINT('',(-0.120977712988853,-0.0638827235836012,0.00589840781038511));
#3776=CARTESIAN_POINT('',(-0.120977712988853,-0.0638827235836012,0.00589840781038511));
#3777=CARTESIAN_POINT('',(-0.120977712988853,-0.0638827235836012,0.00470638580453233));
#3778=CARTESIAN_POINT('',(-0.120977712988853,-0.0631131723841187,0.00395319290226616));
#3779=CARTESIAN_POINT('',(-0.120977712988853,-0.0638827235836012,0.00643396423664235));
#3780=CARTESIAN_POINT('',(-0.120977712988853,-0.0638827235836012,0.0069695206628996));
#3781=CARTESIAN_POINT('',(-0.120977712988853,-0.0638827235836012,0.0069695206628996));
#3782=CARTESIAN_POINT('',(-0.120977712988853,-0.0638827235836012,0.00643396423664235));
#3783=CARTESIAN_POINT('',(-0.120977712988853,-0.0631131723841187,0.00891402434070478));
#3784=CARTESIAN_POINT('',(-0.121477712988853,-0.0631131723841187,0.00891402434070478));
#3785=CARTESIAN_POINT('',(-0.120977712988853,-0.063626206517107,0.00840857666439649));
#3786=CARTESIAN_POINT('',(-0.121477712988853,-0.063626206517107,0.00840857666439649));
#3787=CARTESIAN_POINT('',(-0.120977712988853,-0.0638827235836012,0.00776040877179476));
#3788=CARTESIAN_POINT('',(-0.121477712988853,-0.0638827235836012,0.00776040877179476));
#3789=CARTESIAN_POINT('',(-0.120977712988853,-0.0638827235836012,0.0069695206628996));
#3790=CARTESIAN_POINT('',(-0.121477712988853,-0.0638827235836012,0.0069695206628996));
#3791=CARTESIAN_POINT('',(-0.120977712988853,-0.0631131723841187,0.00891402434070478));
#3792=CARTESIAN_POINT('',(-0.120977712988853,-0.0638827235836012,0.00815585282624234));
#3793=CARTESIAN_POINT('',(-0.120977712988853,-0.0638827235836012,0.0069695206628996));
#3794=CARTESIAN_POINT('',(-0.120977712988853,-0.05445,0.0065));
#3795=CARTESIAN_POINT('',(-0.120977712988853,-0.0488971008727909,0.00967219585516723));
#3796=CARTESIAN_POINT('',(-0.121477712988853,-0.0488971008727909,0.00967219585516723));
#3797=CARTESIAN_POINT('',(-0.120977712988853,-0.0496377287061807,0.00967219585516723));
#3798=CARTESIAN_POINT('',(-0.121477712988853,-0.0496377287061807,0.00967219585516723));
#3799=CARTESIAN_POINT('',(-0.120977712988853,-0.0502221229473158,0.00948182320785224));
#3800=CARTESIAN_POINT('',(-0.121477712988853,-0.0502221229473158,0.00948182320785224));
#3801=CARTESIAN_POINT('',(-0.120977712988853,-0.0506502835961961,0.00910107791322225));
#3802=CARTESIAN_POINT('',(-0.121477712988853,-0.0506502835961961,0.00910107791322225));
#3803=CARTESIAN_POINT('',(-0.120977712988853,-0.0488971008727909,0.00967219585516723));
#3804=CARTESIAN_POINT('',(-0.120977712988853,-0.0488971008727909,0.00967219585516723));
#3805=CARTESIAN_POINT('',(-0.120977712988853,-0.0488971008727909,0.00967219585516723));
#3806=CARTESIAN_POINT('',(-0.120977712988853,-0.0500080426228756,0.00967219585516723));
#3807=CARTESIAN_POINT('',(-0.120977712988853,-0.0506502835961961,0.00910107791322225));
#3808=CARTESIAN_POINT('',(-0.120977712988853,-0.0506502835961961,0.00910107791322225));
#3809=CARTESIAN_POINT('',(-0.120977712988853,-0.0506502835961961,0.00910107791322225));
#3810=CARTESIAN_POINT('',(-0.120977712988853,-0.0477008114850556,0.00967219585516723));
#3811=CARTESIAN_POINT('',(-0.120977712988853,-0.0458160511536058,0.00967219585516723));
#3812=CARTESIAN_POINT('',(-0.120977712988853,-0.0458160511536058,0.00967219585516723));
#3813=CARTESIAN_POINT('',(-0.120977712988853,-0.0477008114850556,0.00967219585516723));
#3814=CARTESIAN_POINT('',(-0.120977712988853,-0.0458160511536058,0.00928101918260218));
#3815=CARTESIAN_POINT('',(-0.120977712988853,-0.0458160511536058,0.00888984251003713));
#3816=CARTESIAN_POINT('',(-0.120977712988853,-0.0458160511536058,0.00888984251003713));
#3817=CARTESIAN_POINT('',(-0.120977712988853,-0.0458160511536058,0.00928101918260218));
#3818=CARTESIAN_POINT('',(-0.120977712988853,-0.046160286625463,0.00882298686054419));
#3819=CARTESIAN_POINT('',(-0.120977712988853,-0.0465045220973203,0.00875613121105125));
#3820=CARTESIAN_POINT('',(-0.120977712988853,-0.0465045220973203,0.00875613121105125));
#3821=CARTESIAN_POINT('',(-0.120977712988853,-0.046160286625463,0.00882298686054419));
#3822=CARTESIAN_POINT('',(-0.120977712988853,-0.0465045220973203,0.00643396423664235));
#3823=CARTESIAN_POINT('',(-0.120977712988853,-0.0465045220973203,0.00411179726223345));
#3824=CARTESIAN_POINT('',(-0.120977712988853,-0.0465045220973203,0.00411179726223345));
#3825=CARTESIAN_POINT('',(-0.120977712988853,-0.0465045220973203,0.00643396423664235));
#3826=CARTESIAN_POINT('',(-0.120977712988853,-0.046160286625463,0.00404494161274052));
#3827=CARTESIAN_POINT('',(-0.120977712988853,-0.0458160511536058,0.00397808596324758));
#3828=CARTESIAN_POINT('',(-0.120977712988853,-0.0458160511536058,0.00397808596324758));
#3829=CARTESIAN_POINT('',(-0.120977712988853,-0.046160286625463,0.00404494161274052));
#3830=CARTESIAN_POINT('',(-0.120977712988853,-0.0458160511536058,0.00358904298162379));
#3831=CARTESIAN_POINT('',(-0.120977712988853,-0.0458160511536058,0.0032));
#3832=CARTESIAN_POINT('',(-0.120977712988853,-0.0458160511536058,0.0032));
#3833=CARTESIAN_POINT('',(-0.120977712988853,-0.0458160511536058,0.00358904298162379));
#3834=CARTESIAN_POINT('',(-0.120977712988853,-0.0471560090647195,0.0032));
#3835=CARTESIAN_POINT('',(-0.120977712988853,-0.0484959669758333,0.0032));
#3836=CARTESIAN_POINT('',(-0.120977712988853,-0.0484959669758333,0.0032));
#3837=CARTESIAN_POINT('',(-0.120977712988853,-0.0471560090647195,0.0032));
#3838=CARTESIAN_POINT('',(-0.120977712988853,-0.0484959669758333,0.00358904298162379));
#3839=CARTESIAN_POINT('',(-0.120977712988853,-0.0484959669758333,0.00397808596324758));
#3840=CARTESIAN_POINT('',(-0.120977712988853,-0.0484959669758333,0.00397808596324758));
#3841=CARTESIAN_POINT('',(-0.120977712988853,-0.0484959669758333,0.00358904298162379));
#3842=CARTESIAN_POINT('',(-0.120977712988853,-0.0481495978130348,0.00404494161274052));
#3843=CARTESIAN_POINT('',(-0.120977712988853,-0.0478032286502363,0.00411179726223345));
#3844=CARTESIAN_POINT('',(-0.120977712988853,-0.0478032286502363,0.00411179726223345));
#3845=CARTESIAN_POINT('',(-0.120977712988853,-0.0481495978130348,0.00404494161274052));
#3846=CARTESIAN_POINT('',(-0.120977712988853,-0.0478032286502363,0.00482942864881188));
#3847=CARTESIAN_POINT('',(-0.120977712988853,-0.0478032286502363,0.00554706003539032));
#3848=CARTESIAN_POINT('',(-0.120977712988853,-0.0478032286502363,0.00554706003539032));
#3849=CARTESIAN_POINT('',(-0.120977712988853,-0.0478032286502363,0.00482942864881188));
#3850=CARTESIAN_POINT('',(-0.120977712988853,-0.0483501647615136,0.00554706003539032));
#3851=CARTESIAN_POINT('',(-0.120977712988853,-0.0488971008727909,0.00554706003539032));
#3852=CARTESIAN_POINT('',(-0.120977712988853,-0.0488971008727909,0.00554706003539032));
#3853=CARTESIAN_POINT('',(-0.120977712988853,-0.0483501647615136,0.00554706003539032));
#3854=CARTESIAN_POINT('',(-0.120977712988853,-0.0506502835961961,0.0061117769045115));
#3855=CARTESIAN_POINT('',(-0.121477712988853,-0.0506502835961961,0.0061117769045115));
#3856=CARTESIAN_POINT('',(-0.120977712988853,-0.0502221229473158,0.00573529899176405));
#3857=CARTESIAN_POINT('',(-0.121477712988853,-0.0502221229473158,0.00573529899176405));
#3858=CARTESIAN_POINT('',(-0.120977712988853,-0.0496377287061807,0.00554706003539032));
#3859=CARTESIAN_POINT('',(-0.121477712988853,-0.0496377287061807,0.00554706003539032));
#3860=CARTESIAN_POINT('',(-0.120977712988853,-0.0488971008727909,0.00554706003539032));
#3861=CARTESIAN_POINT('',(-0.121477712988853,-0.0488971008727909,0.00554706003539032));
#3862=CARTESIAN_POINT('',(-0.120977712988853,-0.0506502835961961,0.0061117769045115));
#3863=CARTESIAN_POINT('',(-0.120977712988853,-0.0506502835961961,0.0061117769045115));
#3864=CARTESIAN_POINT('',(-0.120977712988853,-0.0506502835961961,0.0061117769045115));
#3865=CARTESIAN_POINT('',(-0.120977712988853,-0.0500080426228756,0.00554706003539032));
#3866=CARTESIAN_POINT('',(-0.120977712988853,-0.0488971008727909,0.00554706003539032));
#3867=CARTESIAN_POINT('',(-0.120977712988853,-0.0512925245695165,0.00760536056339625));
#3868=CARTESIAN_POINT('',(-0.121477712988853,-0.0512925245695165,0.00760536056339625));
#3869=CARTESIAN_POINT('',(-0.120977712988853,-0.0512925245695165,0.0069861160368872));
#3870=CARTESIAN_POINT('',(-0.121477712988853,-0.0512925245695165,0.0069861160368872));
#3871=CARTESIAN_POINT('',(-0.120977712988853,-0.0510784442450764,0.00648825481725895));
#3872=CARTESIAN_POINT('',(-0.121477712988853,-0.0510784442450764,0.00648825481725895));
#3873=CARTESIAN_POINT('',(-0.120977712988853,-0.0506502835961961,0.0061117769045115));
#3874=CARTESIAN_POINT('',(-0.121477712988853,-0.0506502835961961,0.0061117769045115));
#3875=CARTESIAN_POINT('',(-0.120977712988853,-0.0512925245695165,0.00760536056339625));
#3876=CARTESIAN_POINT('',(-0.120977712988853,-0.0512925245695165,0.00760536056339625));
#3877=CARTESIAN_POINT('',(-0.120977712988853,-0.0512925245695165,0.00760536056339625));
#3878=CARTESIAN_POINT('',(-0.120977712988853,-0.0512925245695165,0.00667649377363268));
#3879=CARTESIAN_POINT('',(-0.120977712988853,-0.0506502835961961,0.0061117769045115));
#3880=CARTESIAN_POINT('',(-0.120977712988853,-0.0506502835961961,0.00910107791322225));
#3881=CARTESIAN_POINT('',(-0.121477712988853,-0.0506502835961961,0.00910107791322225));
#3882=CARTESIAN_POINT('',(-0.120977712988853,-0.0510784442450764,0.00872033261859227));
#3883=CARTESIAN_POINT('',(-0.121477712988853,-0.0510784442450764,0.00872033261859227));
#3884=CARTESIAN_POINT('',(-0.120977712988853,-0.0512925245695165,0.00822176016865027));
#3885=CARTESIAN_POINT('',(-0.121477712988853,-0.0512925245695165,0.00822176016865027));
#3886=CARTESIAN_POINT('',(-0.120977712988853,-0.0512925245695165,0.00760536056339625));
#3887=CARTESIAN_POINT('',(-0.121477712988853,-0.0512925245695165,0.00760536056339625));
#3888=CARTESIAN_POINT('',(-0.120977712988853,-0.0506502835961961,0.00910107791322225));
#3889=CARTESIAN_POINT('',(-0.120977712988853,-0.0512925245695165,0.00852995997127728));
#3890=CARTESIAN_POINT('',(-0.120977712988853,-0.0512925245695165,0.00760536056339625));
#3891=CARTESIAN_POINT('',(-0.120977712988853,-0.05445,0.0065));
#3892=CARTESIAN_POINT('',(-0.120977712988853,-0.042464733915194,0.00967219585516723));
#3893=CARTESIAN_POINT('',(-0.121477712988853,-0.042464733915194,0.00967219585516723));
#3894=CARTESIAN_POINT('',(-0.120977712988853,-0.0431996719060737,0.00967219585516723));
#3895=CARTESIAN_POINT('',(-0.121477712988853,-0.0431996719060737,0.00967219585516723));
#3896=CARTESIAN_POINT('',(-0.120977712988853,-0.0437760055369862,0.00950410842434988));
#3897=CARTESIAN_POINT('',(-0.121477712988853,-0.0437760055369862,0.00950410842434988));
#3898=CARTESIAN_POINT('',(-0.120977712988853,-0.0441937348079314,0.00916793356271519));
#3899=CARTESIAN_POINT('',(-0.121477712988853,-0.0441937348079314,0.00916793356271519));
#3900=CARTESIAN_POINT('',(-0.120977712988853,-0.042464733915194,0.00967219585516723));
#3901=CARTESIAN_POINT('',(-0.120977712988853,-0.042464733915194,0.00967219585516723));
#3902=CARTESIAN_POINT('',(-0.120977712988853,-0.042464733915194,0.00967219585516723));
#3903=CARTESIAN_POINT('',(-0.120977712988853,-0.0435671409015136,0.00967219585516723));
#3904=CARTESIAN_POINT('',(-0.120977712988853,-0.0441937348079314,0.00916793356271519));
#3905=CARTESIAN_POINT('',(-0.120977712988853,-0.0441937348079314,0.00916793356271519));
#3906=CARTESIAN_POINT('',(-0.120977712988853,-0.0441937348079314,0.00916793356271519));
#3907=CARTESIAN_POINT('',(-0.120977712988853,-0.0413552146257367,0.00967219585516723));
#3908=CARTESIAN_POINT('',(-0.120977712988853,-0.0395572243925649,0.00967219585516723));
#3909=CARTESIAN_POINT('',(-0.120977712988853,-0.0395572243925649,0.00967219585516723));
#3910=CARTESIAN_POINT('',(-0.120977712988853,-0.0413552146257367,0.00967219585516723));
#3911=CARTESIAN_POINT('',(-0.120977712988853,-0.0395572243925649,0.00928101918260218));
#3912=CARTESIAN_POINT('',(-0.120977712988853,-0.0395572243925649,0.00888984251003713));
#3913=CARTESIAN_POINT('',(-0.120977712988853,-0.0395572243925649,0.00888984251003713));
#3914=CARTESIAN_POINT('',(-0.120977712988853,-0.0395572243925649,0.00928101918260218));
#3915=CARTESIAN_POINT('',(-0.120977712988853,-0.0399014598644222,0.00882298686054419));
#3916=CARTESIAN_POINT('',(-0.120977712988853,-0.0402456953362795,0.00875613121105125));
#3917=CARTESIAN_POINT('',(-0.120977712988853,-0.0402456953362795,0.00875613121105125));
#3918=CARTESIAN_POINT('',(-0.120977712988853,-0.0399014598644222,0.00882298686054419));
#3919=CARTESIAN_POINT('',(-0.120977712988853,-0.0402456953362795,0.00643396423664235));
#3920=CARTESIAN_POINT('',(-0.120977712988853,-0.0402456953362795,0.00411179726223345));
#3921=CARTESIAN_POINT('',(-0.120977712988853,-0.0402456953362795,0.00411179726223345));
#3922=CARTESIAN_POINT('',(-0.120977712988853,-0.0402456953362795,0.00643396423664235));
#3923=CARTESIAN_POINT('',(-0.120977712988853,-0.0399014598644222,0.00404494161274052));
#3924=CARTESIAN_POINT('',(-0.120977712988853,-0.0395572243925649,0.00397808596324758));
#3925=CARTESIAN_POINT('',(-0.120977712988853,-0.0395572243925649,0.00397808596324758));
#3926=CARTESIAN_POINT('',(-0.120977712988853,-0.0399014598644222,0.00404494161274052));
#3927=CARTESIAN_POINT('',(-0.120977712988853,-0.0395572243925649,0.00358904298162379));
#3928=CARTESIAN_POINT('',(-0.120977712988853,-0.0395572243925649,0.0032));
#3929=CARTESIAN_POINT('',(-0.120977712988853,-0.0395572243925649,0.0032));
#3930=CARTESIAN_POINT('',(-0.120977712988853,-0.0395572243925649,0.00358904298162379));
#3931=CARTESIAN_POINT('',(-0.120977712988853,-0.0408971823036787,0.0032));
#3932=CARTESIAN_POINT('',(-0.120977712988853,-0.0422371402147925,0.0032));
#3933=CARTESIAN_POINT('',(-0.120977712988853,-0.0422371402147925,0.0032));
#3934=CARTESIAN_POINT('',(-0.120977712988853,-0.0408971823036787,0.0032));
#3935=CARTESIAN_POINT('',(-0.120977712988853,-0.0422371402147925,0.00358904298162379));
#3936=CARTESIAN_POINT('',(-0.120977712988853,-0.0422371402147925,0.00397808596324758));
#3937=CARTESIAN_POINT('',(-0.120977712988853,-0.0422371402147925,0.00397808596324758));
#3938=CARTESIAN_POINT('',(-0.120977712988853,-0.0422371402147925,0.00358904298162379));
#3939=CARTESIAN_POINT('',(-0.120977712988853,-0.041890771051994,0.00404494161274052));
#3940=CARTESIAN_POINT('',(-0.120977712988853,-0.0415444018891954,0.00411179726223345));
#3941=CARTESIAN_POINT('',(-0.120977712988853,-0.0415444018891954,0.00411179726223345));
#3942=CARTESIAN_POINT('',(-0.120977712988853,-0.041890771051994,0.00404494161274052));
#3943=CARTESIAN_POINT('',(-0.120977712988853,-0.0415444018891954,0.00496527363873902));
#3944=CARTESIAN_POINT('',(-0.120977712988853,-0.0415444018891954,0.00581875001524459));
#3945=CARTESIAN_POINT('',(-0.120977712988853,-0.0415444018891954,0.00581875001524459));
#3946=CARTESIAN_POINT('',(-0.120977712988853,-0.0415444018891954,0.00496527363873902));
#3947=CARTESIAN_POINT('',(-0.120977712988853,-0.0420756909335701,0.00581875001524459));
#3948=CARTESIAN_POINT('',(-0.120977712988853,-0.0426069799779449,0.00581875001524459));
#3949=CARTESIAN_POINT('',(-0.120977712988853,-0.0426069799779449,0.00581875001524459));
#3950=CARTESIAN_POINT('',(-0.120977712988853,-0.0420756909335701,0.00581875001524459));
#3951=CARTESIAN_POINT('',(-0.120977712988853,-0.0433160766007583,0.00553568035037024));
#3952=CARTESIAN_POINT('',(-0.121477712988853,-0.0433160766007583,0.00553568035037024));
#3953=CARTESIAN_POINT('',(-0.120977712988853,-0.0431487004002546,0.00571491038943641));
#3954=CARTESIAN_POINT('',(-0.121477712988853,-0.0431487004002546,0.00571491038943641));
#3955=CARTESIAN_POINT('',(-0.120977712988853,-0.0429123348593169,0.00580926694439453));
#3956=CARTESIAN_POINT('',(-0.121477712988853,-0.0429123348593169,0.00580926694439453));
#3957=CARTESIAN_POINT('',(-0.120977712988853,-0.0426069799779449,0.00581875001524459));
#3958=CARTESIAN_POINT('',(-0.121477712988853,-0.0426069799779449,0.00581875001524459));
#3959=CARTESIAN_POINT('',(-0.120977712988853,-0.0433160766007583,0.00553568035037024));
#3960=CARTESIAN_POINT('',(-0.120977712988853,-0.0433160766007583,0.00553568035037024));
#3961=CARTESIAN_POINT('',(-0.120977712988853,-0.0433160766007583,0.00553568035037024));
#3962=CARTESIAN_POINT('',(-0.120977712988853,-0.0430650123000028,0.0058045254089695));
#3963=CARTESIAN_POINT('',(-0.120977712988853,-0.0426069799779449,0.00581875001524459));
#3964=CARTESIAN_POINT('',(-0.120977712988853,-0.0435671409015136,0.00479600082406542));
#3965=CARTESIAN_POINT('',(-0.121477712988853,-0.0435671409015136,0.00479600082406542));
#3966=CARTESIAN_POINT('',(-0.120977712988853,-0.0435671409015136,0.00510989046920247));
#3967=CARTESIAN_POINT('',(-0.121477712988853,-0.0435671409015136,0.00510989046920247));
#3968=CARTESIAN_POINT('',(-0.120977712988853,-0.0434834528012618,0.00535645031130407));
#3969=CARTESIAN_POINT('',(-0.121477712988853,-0.0434834528012618,0.00535645031130407));
#3970=CARTESIAN_POINT('',(-0.120977712988853,-0.0433160766007583,0.00553568035037024));
#3971=CARTESIAN_POINT('',(-0.121477712988853,-0.0433160766007583,0.00553568035037024));
#3972=CARTESIAN_POINT('',(-0.120977712988853,-0.0435671409015136,0.00479600082406542));
#3973=CARTESIAN_POINT('',(-0.120977712988853,-0.0435671409015136,0.00479600082406542));
#3974=CARTESIAN_POINT('',(-0.120977712988853,-0.0435671409015136,0.00479600082406542));
#3975=CARTESIAN_POINT('',(-0.120977712988853,-0.0435671409015136,0.00526683529177099));
#3976=CARTESIAN_POINT('',(-0.120977712988853,-0.0433160766007583,0.00553568035037024));
#3977=CARTESIAN_POINT('',(-0.120977712988853,-0.0435671409015136,0.00461179217280296));
#3978=CARTESIAN_POINT('',(-0.120977712988853,-0.0435671409015136,0.00442758352154051));
#3979=CARTESIAN_POINT('',(-0.120977712988853,-0.0435671409015136,0.00442758352154051));
#3980=CARTESIAN_POINT('',(-0.120977712988853,-0.0435671409015136,0.00461179217280296));
#3981=CARTESIAN_POINT('',(-0.120977712988853,-0.0438246062750928,0.00354210178091599));
#3982=CARTESIAN_POINT('',(-0.121477712988853,-0.0438246062750928,0.00354210178091599));
#3983=CARTESIAN_POINT('',(-0.120977712988853,-0.0436529626927067,0.00377016963485997));
#3984=CARTESIAN_POINT('',(-0.121477712988853,-0.0436529626927067,0.00377016963485997));
#3985=CARTESIAN_POINT('',(-0.120977712988853,-0.0435671409015136,0.00406533021506815));
#3986=CARTESIAN_POINT('',(-0.121477712988853,-0.0435671409015136,0.00406533021506815));
#3987=CARTESIAN_POINT('',(-0.120977712988853,-0.0435671409015136,0.00442758352154051));
#3988=CARTESIAN_POINT('',(-0.121477712988853,-0.0435671409015136,0.00442758352154051));
#3989=CARTESIAN_POINT('',(-0.120977712988853,-0.0438246062750928,0.00354210178091599));
#3990=CARTESIAN_POINT('',(-0.120977712988853,-0.0438246062750928,0.00354210178091599));
#3991=CARTESIAN_POINT('',(-0.120977712988853,-0.0438246062750928,0.00354210178091599));
#3992=CARTESIAN_POINT('',(-0.120977712988853,-0.0435671409015136,0.00388420356183197));
#3993=CARTESIAN_POINT('',(-0.120977712988853,-0.0435671409015136,0.00442758352154051));
#3994=CARTESIAN_POINT('',(-0.120977712988853,-0.0447179115491686,0.0032));
#3995=CARTESIAN_POINT('',(-0.121477712988853,-0.0447179115491686,0.0032));
#3996=CARTESIAN_POINT('',(-0.120977712988853,-0.0442940182821709,0.0032));
#3997=CARTESIAN_POINT('',(-0.121477712988853,-0.0442940182821709,0.0032));
#3998=CARTESIAN_POINT('',(-0.120977712988853,-0.0439962498574789,0.003314033926972));
#3999=CARTESIAN_POINT('',(-0.121477712988853,-0.0439962498574789,0.003314033926972));
#4000=CARTESIAN_POINT('',(-0.120977712988853,-0.0438246062750928,0.00354210178091599));
#4001=CARTESIAN_POINT('',(-0.121477712988853,-0.0438246062750928,0.00354210178091599));
#4002=CARTESIAN_POINT('',(-0.120977712988853,-0.0447179115491686,0.0032));
#4003=CARTESIAN_POINT('',(-0.120977712988853,-0.0447179115491686,0.0032));
#4004=CARTESIAN_POINT('',(-0.120977712988853,-0.0447179115491686,0.0032));
#4005=CARTESIAN_POINT('',(-0.120977712988853,-0.044082071648672,0.0032));
#4006=CARTESIAN_POINT('',(-0.120977712988853,-0.0438246062750928,0.00354210178091599));
#4007=CARTESIAN_POINT('',(-0.120977712988853,-0.0450536122572608,0.0032));
#4008=CARTESIAN_POINT('',(-0.120977712988853,-0.045389312965353,0.0032));
#4009=CARTESIAN_POINT('',(-0.120977712988853,-0.045389312965353,0.0032));
#4010=CARTESIAN_POINT('',(-0.120977712988853,-0.0450536122572608,0.0032));
#4011=CARTESIAN_POINT('',(-0.120977712988853,-0.045389312965353,0.00359117667256506));
#4012=CARTESIAN_POINT('',(-0.120977712988853,-0.045389312965353,0.0039823533451301));
#4013=CARTESIAN_POINT('',(-0.120977712988853,-0.045389312965353,0.0039823533451301));
#4014=CARTESIAN_POINT('',(-0.120977712988853,-0.045389312965353,0.00359117667256506));
#4015=CARTESIAN_POINT('',(-0.120977712988853,-0.0453096551702125,0.00399373303015018));
#4016=CARTESIAN_POINT('',(-0.120977712988853,-0.045229997375072,0.00400511271517025));
#4017=CARTESIAN_POINT('',(-0.120977712988853,-0.045229997375072,0.00400511271517025));
#4018=CARTESIAN_POINT('',(-0.120977712988853,-0.0453096551702125,0.00399373303015018));
#4019=CARTESIAN_POINT('',(-0.120977712988853,-0.0449490614011389,0.00414451385666616));
#4020=CARTESIAN_POINT('',(-0.121477712988853,-0.0449490614011389,0.00414451385666616));
#4021=CARTESIAN_POINT('',(-0.120977712988853,-0.0450054856726968,0.00406580436861065));
#4022=CARTESIAN_POINT('',(-0.121477712988853,-0.0450054856726968,0.00406580436861065));
#4023=CARTESIAN_POINT('',(-0.120977712988853,-0.0450991309973411,0.00401933732144535));
#4024=CARTESIAN_POINT('',(-0.121477712988853,-0.0450991309973411,0.00401933732144535));
#4025=CARTESIAN_POINT('',(-0.120977712988853,-0.045229997375072,0.00400511271517025));
#4026=CARTESIAN_POINT('',(-0.121477712988853,-0.045229997375072,0.00400511271517025));
#4027=CARTESIAN_POINT('',(-0.120977712988853,-0.0449490614011389,0.00414451385666616));
#4028=CARTESIAN_POINT('',(-0.120977712988853,-0.0449490614011389,0.00414451385666616));
#4029=CARTESIAN_POINT('',(-0.120977712988853,-0.0449490614011389,0.00414451385666616));
#4030=CARTESIAN_POINT('',(-0.120977712988853,-0.0450336978084757,0.00402644962458289));
#4031=CARTESIAN_POINT('',(-0.120977712988853,-0.045229997375072,0.00400511271517025));
#4032=CARTESIAN_POINT('',(-0.120977712988853,-0.0448644249938021,0.00447594718287582));
#4033=CARTESIAN_POINT('',(-0.121477712988853,-0.0448644249938021,0.00447594718287582));
#4034=CARTESIAN_POINT('',(-0.120977712988853,-0.0448644249938021,0.0043337011201249));
#4035=CARTESIAN_POINT('',(-0.121477712988853,-0.0448644249938021,0.0043337011201249));
#4036=CARTESIAN_POINT('',(-0.120977712988853,-0.044892637129581,0.00422322334472168));
#4037=CARTESIAN_POINT('',(-0.121477712988853,-0.044892637129581,0.00422322334472168));
#4038=CARTESIAN_POINT('',(-0.120977712988853,-0.0449490614011389,0.00414451385666616));
#4039=CARTESIAN_POINT('',(-0.121477712988853,-0.0449490614011389,0.00414451385666616));
#4040=CARTESIAN_POINT('',(-0.120977712988853,-0.0448644249938021,0.00447594718287582));
#4041=CARTESIAN_POINT('',(-0.120977712988853,-0.0448644249938021,0.00447594718287582));
#4042=CARTESIAN_POINT('',(-0.120977712988853,-0.0448644249938021,0.00447594718287582));
#4043=CARTESIAN_POINT('',(-0.120977712988853,-0.0448644249938021,0.00426257808874944));
#4044=CARTESIAN_POINT('',(-0.120977712988853,-0.0449490614011389,0.00414451385666616));
#4045=CARTESIAN_POINT('',(-0.120977712988853,-0.0448644249938021,0.00464024138535315));
#4046=CARTESIAN_POINT('',(-0.120977712988853,-0.0448644249938021,0.00480453558783047));
#4047=CARTESIAN_POINT('',(-0.120977712988853,-0.0448644249938021,0.00480453558783047));
#4048=CARTESIAN_POINT('',(-0.120977712988853,-0.0448644249938021,0.00464024138535315));
#4049=CARTESIAN_POINT('',(-0.120977712988853,-0.0446133606930467,0.00578105480861559));
#4050=CARTESIAN_POINT('',(-0.121477712988853,-0.0446133606930467,0.00578105480861559));
#4051=CARTESIAN_POINT('',(-0.120977712988853,-0.0447807368935503,0.00551884789961138));
#4052=CARTESIAN_POINT('',(-0.121477712988853,-0.0447807368935503,0.00551884789961138));
#4053=CARTESIAN_POINT('',(-0.120977712988853,-0.0448644249938021,0.00519334149268301));
#4054=CARTESIAN_POINT('',(-0.121477712988853,-0.0448644249938021,0.00519334149268301));
#4055=CARTESIAN_POINT('',(-0.120977712988853,-0.0448644249938021,0.00480453558783047));
#4056=CARTESIAN_POINT('',(-0.121477712988853,-0.0448644249938021,0.00480453558783047));
#4057=CARTESIAN_POINT('',(-0.120977712988853,-0.0446133606930467,0.00578105480861559));
#4058=CARTESIAN_POINT('',(-0.120977712988853,-0.0446133606930467,0.00578105480861559));
#4059=CARTESIAN_POINT('',(-0.120977712988853,-0.0446133606930467,0.00578105480861559));
#4060=CARTESIAN_POINT('',(-0.120977712988853,-0.0448644249938021,0.00538774444510928));
#4061=CARTESIAN_POINT('',(-0.120977712988853,-0.0448644249938021,0.00480453558783047));
#4062=CARTESIAN_POINT('',(-0.120977712988853,-0.0437890447594051,0.006342215526168));
#4063=CARTESIAN_POINT('',(-0.121477712988853,-0.0437890447594051,0.006342215526168));
#4064=CARTESIAN_POINT('',(-0.120977712988853,-0.0441712125146626,0.00623031529013727));
#4065=CARTESIAN_POINT('',(-0.121477712988853,-0.0441712125146626,0.00623031529013727));
#4066=CARTESIAN_POINT('',(-0.120977712988853,-0.0444459844925431,0.0060432617176198));
#4067=CARTESIAN_POINT('',(-0.121477712988853,-0.0444459844925431,0.0060432617176198));
#4068=CARTESIAN_POINT('',(-0.120977712988853,-0.0446133606930467,0.00578105480861559));
#4069=CARTESIAN_POINT('',(-0.121477712988853,-0.0446133606930467,0.00578105480861559));
#4070=CARTESIAN_POINT('',(-0.120977712988853,-0.0437890447594051,0.006342215526168));
#4071=CARTESIAN_POINT('',(-0.120977712988853,-0.0437890447594051,0.006342215526168));
#4072=CARTESIAN_POINT('',(-0.120977712988853,-0.0437890447594051,0.006342215526168));
#4073=CARTESIAN_POINT('',(-0.120977712988853,-0.0443622963922913,0.00617436517212191));
#4074=CARTESIAN_POINT('',(-0.120977712988853,-0.0446133606930467,0.00578105480861559));
#4075=CARTESIAN_POINT('',(-0.120977712988853,-0.0445578847285739,0.00692542438344681));
#4076=CARTESIAN_POINT('',(-0.121477712988853,-0.0445578847285739,0.00692542438344681));
#4077=CARTESIAN_POINT('',(-0.120977712988853,-0.0443829220713902,0.00668550269094024));
#4078=CARTESIAN_POINT('',(-0.121477712988853,-0.0443829220713902,0.00668550269094024));
#4079=CARTESIAN_POINT('',(-0.120977712988853,-0.0441266420816673,0.00649109973851397));
#4080=CARTESIAN_POINT('',(-0.121477712988853,-0.0441266420816673,0.00649109973851397));
#4081=CARTESIAN_POINT('',(-0.120977712988853,-0.0437890447594051,0.006342215526168));
#4082=CARTESIAN_POINT('',(-0.121477712988853,-0.0437890447594051,0.006342215526168));
#4083=CARTESIAN_POINT('',(-0.120977712988853,-0.0445578847285739,0.00692542438344681));
#4084=CARTESIAN_POINT('',(-0.120977712988853,-0.0445578847285739,0.00692542438344681));
#4085=CARTESIAN_POINT('',(-0.120977712988853,-0.0445578847285739,0.00692542438344681));
#4086=CARTESIAN_POINT('',(-0.120977712988853,-0.0442954407427983,0.00656554184468696));
#4087=CARTESIAN_POINT('',(-0.120977712988853,-0.0437890447594051,0.006342215526168));
#4088=CARTESIAN_POINT('',(-0.120977712988853,-0.0448203287143493,0.00777463337806985));
#4089=CARTESIAN_POINT('',(-0.121477712988853,-0.0448203287143493,0.00777463337806985));
#4090=CARTESIAN_POINT('',(-0.120977712988853,-0.0448203287143493,0.00744841574082772));
#4091=CARTESIAN_POINT('',(-0.121477712988853,-0.0448203287143493,0.00744841574082772));
#4092=CARTESIAN_POINT('',(-0.120977712988853,-0.0447328473857575,0.00716534607595338));
#4093=CARTESIAN_POINT('',(-0.121477712988853,-0.0447328473857575,0.00716534607595338));
#4094=CARTESIAN_POINT('',(-0.120977712988853,-0.0445578847285739,0.00692542438344681));
#4095=CARTESIAN_POINT('',(-0.121477712988853,-0.0445578847285739,0.00692542438344681));
#4096=CARTESIAN_POINT('',(-0.120977712988853,-0.0448203287143493,0.00777463337806985));
#4097=CARTESIAN_POINT('',(-0.120977712988853,-0.0448203287143493,0.00777463337806985));
#4098=CARTESIAN_POINT('',(-0.120977712988853,-0.0448203287143493,0.00777463337806985));
#4099=CARTESIAN_POINT('',(-0.120977712988853,-0.0448203287143493,0.00728530692220666));
#4100=CARTESIAN_POINT('',(-0.120977712988853,-0.0445578847285739,0.00692542438344681));
#4101=CARTESIAN_POINT('',(-0.120977712988853,-0.0441937348079314,0.00916793356271519));
#4102=CARTESIAN_POINT('',(-0.121477712988853,-0.0441937348079314,0.00916793356271519));
#4103=CARTESIAN_POINT('',(-0.120977712988853,-0.0446114640788767,0.0088317587010805));
#4104=CARTESIAN_POINT('',(-0.121477712988853,-0.0446114640788767,0.0088317587010805));
#4105=CARTESIAN_POINT('',(-0.120977712988853,-0.0448203287143493,0.00836732530619872));
#4106=CARTESIAN_POINT('',(-0.121477712988853,-0.0448203287143493,0.00836732530619872));
#4107=CARTESIAN_POINT('',(-0.120977712988853,-0.0448203287143493,0.00777463337806985));
#4108=CARTESIAN_POINT('',(-0.121477712988853,-0.0448203287143493,0.00777463337806985));
#4109=CARTESIAN_POINT('',(-0.120977712988853,-0.0441937348079314,0.00916793356271519));
#4110=CARTESIAN_POINT('',(-0.120977712988853,-0.0448203287143493,0.00866367127026315));
#4111=CARTESIAN_POINT('',(-0.120977712988853,-0.0448203287143493,0.00777463337806985));
#4112=CARTESIAN_POINT('',(-0.120977712988853,-0.05445,0.0065));
#4113=MECHANICAL_DESIGN_GEOMETRIC_PRESENTATION_REPRESENTATION('',(#2514),
#4114);
#4114=(
GEOMETRIC_REPRESENTATION_CONTEXT(3)
GLOBAL_UNCERTAINTY_ASSIGNED_CONTEXT((#4115))
GLOBAL_UNIT_ASSIGNED_CONTEXT((#4118,#4117,#4116))
REPRESENTATION_CONTEXT('Part 4','TOP_LEVEL_ASSEMBLY_PART')
);
#4115=UNCERTAINTY_MEASURE_WITH_UNIT(LENGTH_MEASURE(2.E-5),#4118,
'DISTANCE_ACCURACY_VALUE','Maximum Tolerance applied to model');
#4116=(
NAMED_UNIT(*)
SI_UNIT($,.STERADIAN.)
SOLID_ANGLE_UNIT()
);
#4117=(
NAMED_UNIT(*)
PLANE_ANGLE_UNIT()
SI_UNIT($,.RADIAN.)
);
#4118=(
LENGTH_UNIT()
NAMED_UNIT(*)
SI_UNIT($,.METRE.)
);
#4119=PRODUCT_DEFINITION_SHAPE('','',#4120);
#4120=PRODUCT_DEFINITION('','',#4122,#4121);
#4121=PRODUCT_DEFINITION_CONTEXT('',#4128,'design');
#4122=PRODUCT_DEFINITION_FORMATION_WITH_SPECIFIED_SOURCE('','',#4124,
 .NOT_KNOWN.);
#4123=PRODUCT_RELATED_PRODUCT_CATEGORY('','',(#4124));
#4124=PRODUCT('Part 4','Part 4','Part 4',(#4126));
#4125=PRODUCT_CATEGORY('','');
#4126=PRODUCT_CONTEXT('',#4128,'mechanical');
#4127=APPLICATION_PROTOCOL_DEFINITION('international standard',
'ap242_managed_model_based_3d_engineering',2020,#4128);
#4128=APPLICATION_CONTEXT('managed model based 3d engineering');
ENDSEC;
END-ISO-10303-21;
